populationID	BL	populationID_old	cluster_k_optimal	nn_distance_m	nn_populationID	nn_same_BL_distance_m	n_demes_2025	n_demes_2026	mean_inter_deme_dist_m_2025	mean_inter_deme_dist_m_2026	max_inter_deme_dist_m_2025	max_inter_deme_dist_m_2026	lat	lon	n_fert_total	n_events
1	BL1	39	5	4068.3993079365687	35	4068.3993079365687	1.0		0.0		0.0		43.39782	-116.14375	7	1
2	BL1	35	5	4068.3993079365687	39	4068.3993079365687	2.0	1.0	159.3	0.0	159.3	0.0	43.37051818181818	-116.17726500000002	22	4
3	BL1	8	5	1441.709245114686	19	1441.709245114686	2.0	1.0	268.6	0.0	268.6	0.0	43.3281511076443	-115.92380804992202	641	8
4	BL1	19	5	1441.709245114686	8	1441.709245114686		4.0		221.0		382.1	43.315743768115944	-115.91863485507248	138	9
5	BL1	17	5	1753.8828401802814	23	1753.8828401802814	2.0	2.0	113.7	584.4	113.7	584.4	43.31337061538462	-116.20072344769233	260	7
6	BL1	41	5	689.3856864426683	11	689.3856864426683		1.0		0.0		0.0	43.3079886	-116.1744158	4	1
7	BL1	28	5	1527.199206604082	1	1527.199206604082		2.0		147.5		147.5	43.30680037735849	-116.13047584905662	53	2
8	BL1	14	5	1171.492587042051	29	1171.492587042051	6.0		235.1		389.7		43.30572769620253	-116.1011590886076	395	8
9	BL1	11	5	689.3856864426683	41	689.3856864426683	2.0	6.0	137.4	261.5	137.4	566.4	43.30192264342105	-116.17265519429824	456	19
10	BL1	23	5	1215.108962467994	11	1215.108962467994		3.0		147.8		215.5	43.30082031529411	-116.18759423529411	85	6
11	BL1	1	5	1527.199206604082	28	1527.199206604082	11.0	28.0	541.9	563.4	1074.1	1352.3	43.296049785802126	-116.11873090547792	1787	75
12	BL1	29	5	1171.492587042051	14	1171.492587042051		5.0		161.3		321.2	43.29555477272728	-116.0973940909091	44	7
13	BL1	21	5	1017.796663541174	11	1017.796663541174		1.0		0.0		0.0	43.29427663883495	-116.16574121553398	103	7
14	BL1	18	5	2620.5639208352995	29	2620.5639208352995		1.0		0.0		0.0	43.27782574913295	-116.07606336184972	173	9
15	BL2	13	1	12740.908414949092	9	12740.908414949092	1.0		0.0		0.0		43.110819280575534	-115.63961515587528	417	5
16	BL2	2	1	1578.6384886910903	6	1578.6384886910903	4.0	4.0	166.3	292.8	313.4	483.9	43.020493047966	-115.42724216150576	1646	36
17	BL2	30	1	1105.366419620918	26	1105.366419620918	1.0		0.0		0.0		43.00962906976744	-115.39679441860466	43	4
18	BL2	6	1	1578.6384886910903	2	1578.6384886910903	9.0	26.0	474.8	595.4	882.3	1609.1	43.0066601826484	-115.4228727739726	876	97
19	BL2	9	1	12740.908414949092	13	12740.908414949092	2.0		162.1		162.1		43.0020820626151	-115.5901723020258	543	14
20	BL2	26	1	1071.5133678939944	12	1071.5133678939944	5.0	1.0	316.5	0.0	507.5	0.0	42.99989948275862	-115.39958155172415	58	11
21	BL2	12	1	1071.5133678939944	26	1071.5133678939944	4.0	5.0	314.9	424.4	574.9	683.9	42.99712838337182	-115.38696237875288	433	28
22	BL2	20	1	1082.960896565466	12	1082.960896565466	2.0		163.6		163.6		42.99504322834646	-115.3739551968504	127	4
23	BL2	36	1	2336.4756990933597	20	2336.4756990933597	3.0		147.8		221.0		42.98384863636363	-115.34964545454544	22	3
24	BL3	4	4	962.8349251668802	7	962.8349251668802	4.0	11.0	196.5	281.3	272.3	622.4	43.508340847058825	-116.29211851036888	1003	28
25	BL3	7	4	962.8349251668802	4	962.8349251668802	1.0	7.0	0.0	286.9	0.0	568.2	43.50783986631016	-116.2801996657754	748	17
26	BL3	22	4	2325.0049045309747	7	2325.0049045309747	1.0		0.0		0.0		43.4874506122449	-116.28658795918368	98	2
27	BL3	42	4	901.8710064076826	31	901.8710064076826	1.0		0.0		0.0		43.44302	-116.43594	3	1
28	BL3	43	4	627.9521576420656	31	627.9521576420656	1.0	1.0	0.0	0.0	0.0	0.0	43.43859	-116.42394	3	2
29	BL3	44	4	682.9769269366681	43	682.9769269366681	1.0		0.0		0.0		43.43682	-116.41584	2	1
30	BL3	31	4	627.9521576420656	43	627.9521576420656	1.0	1.0	0.0	0.0	0.0	0.0	43.43584344827587	-116.4307355172414	29	3
31	BL3	33	4	932.5304954656356	5	932.5304954656356	2.0	2.0	66.7	90.5	66.7	90.5	43.41016076923077	-116.47941807692308	26	7
32	BL3	5	4	932.5304954656356	33	932.5304954656356	2.0	4.0	111.6	141.9	111.6	191.0	43.40781256	-116.49050045	1000	27
33	BL3	3	4	2465.4310452680015	5	2465.4310452680015	16.0	22.0	744.0	732.5	1591.7	1972.2	43.386613400689654	-116.48156020689656	1440	108
34	BL3	38	4	4283.537340637092	3	4283.537340637092		1.0		0.0		0.0	43.38644571428572	-116.42855285714286	14	2
35	BL4	24	3	7010.251475643321	25	7010.251475643321	1.0	1.0	0.0	0.0	0.0	0.0	43.795816375	-116.47618825000002	79	9
36	BL4	34	3	6394.398186953533	16	6394.398186953533	2.0	1.0	65.7	0.0	65.7	0.0	43.75346538461538	-116.35812692307694	26	7
37	BL4	10	3	568.5662584946248	25	568.5662584946248	5.0	2.0	283.5	253.6	486.7	253.6	43.73671028199566	-116.43993616052062	461	24
38	BL4	25	3	568.5662584946248	10	568.5662584946248	1.0		0.0		0.0		43.7364	-116.44700000000002	72	1
39	BL4	16	3	615.1482479976573	40	615.1482479976573	3.0	7.0	139.2	267.7	158.1	631.0	43.70895917460318	-116.30772996825397	315	25
40	BL4	40	3	615.1482479976573	16	615.1482479976573		1.0		0.0		0.0	43.70825	-116.30014	6	1
41	BL5	15	2	3076.3189604991267	27	3076.3189604991267	1.0	2.0	0.0	552.4	0.0	552.4	43.892262503816795	-116.76884632061068	393	9
42	BL5	27	2	673.3785808335234	37	673.3785808335234	1.0	1.0	0.0	0.0	0.0	0.0	43.88759514814815	-116.80668514814816	54	3
43	BL5	32	2	1873.803851028325	37	1873.803851028325		1.0		0.0		0.0	43.88344	-116.82979	26	1
44	BL5	37	2	673.3785808335234	27	673.3785808335234		1.0		0.0		0.0	43.88154	-116.806559	17	1
