n_seeds	true_beta_1	power	mean_beta_hat	attenuation	n_reps	n_mothers	intercept	sigma_seeds
5	50.00000	0.34800	9.32801	0.18656	500	505	100.00000	30.00000
8	50.00000	0.51000	13.95984	0.27920	500	505	100.00000	30.00000
10	50.00000	0.57000	16.06711	0.32134	500	505	100.00000	30.00000
12	50.00000	0.59200	17.99337	0.35987	500	505	100.00000	30.00000
15	50.00000	0.69400	20.87644	0.41753	500	505	100.00000	30.00000
18	50.00000	0.71000	22.73401	0.45468	500	505	100.00000	30.00000
20	50.00000	0.74600	25.04258	0.50085	500	505	100.00000	30.00000
25	50.00000	0.78800	26.91178	0.53824	500	505	100.00000	30.00000
30	50.00000	0.80200	29.32353	0.58647	500	505	100.00000	30.00000
40	50.00000	0.83600	31.44818	0.62896	500	505	100.00000	30.00000
5	100.00000	0.87200	19.29576	0.19296	500	505	100.00000	30.00000
8	100.00000	0.98400	27.77965	0.27780	500	505	100.00000	30.00000
10	100.00000	0.99200	32.26792	0.32268	500	505	100.00000	30.00000
12	100.00000	0.98200	36.81042	0.36810	500	505	100.00000	30.00000
15	100.00000	0.99600	42.02764	0.42028	500	505	100.00000	30.00000
18	100.00000	1.00000	46.04730	0.46047	500	505	100.00000	30.00000
20	100.00000	1.00000	49.58973	0.49590	500	505	100.00000	30.00000
25	100.00000	1.00000	54.61720	0.54617	500	505	100.00000	30.00000
30	100.00000	1.00000	58.45380	0.58454	500	505	100.00000	30.00000
40	100.00000	1.00000	66.34759	0.66348	500	505	100.00000	30.00000
5	150.00000	0.99200	28.72954	0.19153	500	505	100.00000	30.00000
8	150.00000	1.00000	41.94598	0.27964	500	505	100.00000	30.00000
10	150.00000	1.00000	48.40616	0.32271	500	505	100.00000	30.00000
12	150.00000	1.00000	55.34663	0.36898	500	505	100.00000	30.00000
15	150.00000	1.00000	62.74338	0.41829	500	505	100.00000	30.00000
18	150.00000	1.00000	69.04599	0.46031	500	505	100.00000	30.00000
20	150.00000	1.00000	73.90834	0.49272	500	505	100.00000	30.00000
25	150.00000	1.00000	83.21146	0.55474	500	505	100.00000	30.00000
30	150.00000	1.00000	89.07968	0.59386	500	505	100.00000	30.00000
40	150.00000	1.00000	98.27320	0.65515	500	505	100.00000	30.00000
5	200.00000	1.00000	38.96618	0.19483	500	505	100.00000	30.00000
8	200.00000	1.00000	55.40644	0.27703	500	505	100.00000	30.00000
10	200.00000	1.00000	65.41544	0.32708	500	505	100.00000	30.00000
12	200.00000	1.00000	72.48816	0.36244	500	505	100.00000	30.00000
15	200.00000	1.00000	83.61127	0.41806	500	505	100.00000	30.00000
18	200.00000	1.00000	92.75546	0.46378	500	505	100.00000	30.00000
20	200.00000	1.00000	98.56063	0.49280	500	505	100.00000	30.00000
25	200.00000	1.00000	109.22559	0.54613	500	505	100.00000	30.00000
30	200.00000	1.00000	118.37312	0.59187	500	505	100.00000	30.00000
40	200.00000	1.00000	131.53199	0.65766	500	505	100.00000	30.00000
