locationID	locationCode	n_events	total_N_fertile	K_local	target_prob	M_uniform_full_detection	M_event_coverage	M_recommended	cum_seeds_recommended	mothers_per_event_hint
1	EO38	26	321	32	0.9	6	26	26	754	1.0
2	EO76	25	533	32	0.9	6	25	25	725	1.0
3	EO52	7	26	32	0.9	6	7	7	203	1.0
4	EO118	9	79	32	0.9	6	9	9	261	1.0
5	EO68-3	4	71	32	0.9	6	4	6	174	1.5
6	EO32	45	1751	32	0.9	6	45	45	1305	1.0
7	EO48	2	98	32	0.9	6	2	6	174	3.0
8	EO29	6	584	32	0.9	6	6	6	174	1.0
9	EO27	27	563	32	0.9	6	27	27	783	1.0
10	EO27-3	7	260	32	0.9	6	7	7	203	1.0
11	EO27-1	35	1155	32	0.9	6	35	35	1015	1.0
12	EO27RT	40	632	32	0.9	6	40	40	1160	1.0
13	EO30-1	8	641	32	0.9	6	8	8	232	1.0
15	EO18-7	6	30	32	0.9	6	6	6	174	1.0
16	EO18-7	31	459	32	0.9	6	31	31	899	1.0
17	EO18-7	42	577	32	0.9	6	42	42	1218	1.0
18	EO18-8	25	352	32	0.9	6	25	25	725	1.0
19	EO18-7	6	36	32	0.9	6	6	6	174	1.0
20	EO25-A	27	1000	32	0.9	6	27	27	783	1.0
21	EO25-B	7	26	32	0.9	6	7	7	203	1.0
22	EO24-1	1	2	2	0.9	1	1	1	29	1.0
23	EO24-2	2	3	4	0.9	1	2	2	58	1.0
24	EO24	3	29	32	0.9	6	3	6	174	2.0
25	EO24-7	1	3	4	0.9	1	1	1	29	1.0
26	EO70	9	393	32	0.9	6	9	9	261	1.0
27	EO8	15	108	32	0.9	6	15	15	435	1.0
28	EO8	82	768	32	0.9	6	82	82	2378	1.0
29	EO8	9	152	32	0.9	6	9	9	261	1.0
30	EO26-1	4	127	32	0.9	6	4	6	174	1.5
31	EO26-3	13	133	32	0.9	6	13	13	377	1.0
32	EO26-3	17	319	32	0.9	6	17	17	493	1.0
33	EO26-3	8	19	32	0.9	6	8	8	232	1.0
34	EO26-3	13	116	32	0.9	6	13	13	377	1.0
35	EO26-2	3	22	32	0.9	6	3	6	174	2.0
36	EO26-4	4	43	32	0.9	6	4	6	174	1.5
37	EO27-1	25	586	32	0.9	6	25	25	725	1.0
38	EO61	18	890	32	0.9	6	18	18	522	1.0
39	EO67	4	22	32	0.9	6	4	6	174	1.5
40	EO72-2	1	7	12	0.9	2	1	2	58	2.0
41	41	1	26	32	0.9	6	1	6	174	6.0
42	42	9	138	32	0.9	6	9	9	261	1.0
43	43	9	173	32	0.9	6	9	9	261	1.0
44	44	6	85	32	0.9	6	6	6	174	1.0
45	45	7	44	32	0.9	6	7	7	203	1.0
46	46	2	53	32	0.9	6	2	6	174	3.0
47	47	27	1494	32	0.9	6	27	27	783	1.0
48	48	10	35	32	0.9	6	10	10	290	1.0
49	49	4	19	32	0.9	6	4	6	174	1.5
50	50	4	42	32	0.9	6	4	6	174	1.5
51	51	5	90	32	0.9	6	5	6	174	1.2
52	52	2	27	32	0.9	6	2	6	174	3.0
53	53	1	27	32	0.9	6	1	6	174	6.0
