locationID	locationCode	n_events	total_n_fertile	n_components_10m	largest_component_share_10m	connected_share_10m	n_components_25m	largest_component_share_25m	connected_share_25m	n_components_50m	largest_component_share_50m	connected_share_50m
1	EO38	11	67	11	0.2537313432835821	0.0	5	0.373134328358209	0.7313432835820896	3	0.8208955223880597	0.9850746268656716
2	EO76	23	517	17	0.39264990328820115	0.5802707930367504	6	0.7756286266924565	0.8065764023210832	6	0.7756286266924565	0.8065764023210832
3	EO52	6	23	6	0.43478260869565216	0.0	4	0.6086956521739131	0.6086956521739131	2	0.6086956521739131	1.0
4	EO118	4	29	2	0.6206896551724138	0.3793103448275862	1	1.0	1.0	1	1.0	1.0
5	EO68-3	2	48	2	0.6041666666666666	0.0	2	0.6041666666666666	0.0	1	1.0	1.0
6	EO32	9	466	9	0.26180257510729615	0.0	8	0.47639484978540775	0.47639484978540775	5	0.6952789699570815	0.6952789699570815
7	EO48	2	98	2	0.7755102040816326	0.0	2	0.7755102040816326	0.0	1	1.0	1.0
8	EO29	5	417	3	0.5683453237410072	0.6594724220623501	2	0.5683453237410072	1.0	1	1.0	1.0
9	EO27	3	262	3	0.6603053435114504	0.0	2	0.6603053435114504	0.33969465648854963	2	0.6603053435114504	0.33969465648854963
10	EO27-3	5	216	4	0.5787037037037037	0.08333333333333333	3	0.5787037037037037	0.4212962962962963	2	0.6620370370370371	1.0
11	EO27-1	7	371	6	0.261455525606469	0.22911051212938005	5	0.31266846361185985	0.5417789757412399	5	0.31266846361185985	0.5417789757412399
12	EO27RT	7	177	7	0.5310734463276836	0.0	7	0.5310734463276836	0.0	6	0.5310734463276836	0.03954802259887006
13	EO30-1	6	487	6	0.4517453798767967	0.0	3	0.8624229979466119	0.9958932238193019	2	0.8624229979466119	1.0
15	EO18-7	6	30	6	0.26666666666666666	0.0	1	1.0	1.0	1	1.0	1.0
16	EO18-7	6	94	5	0.5425531914893617	0.5425531914893617	3	0.8617021276595744	0.8617021276595744	3	0.8617021276595744	0.8617021276595744
17	EO18-7	13	242	12	0.6198347107438017	0.09504132231404959	9	0.6198347107438017	0.22727272727272727	5	0.6528925619834711	1.0
18	EO18-8	8	123	8	0.34146341463414637	0.0	8	0.34146341463414637	0.0	4	0.42276422764227645	0.6097560975609756
19	EO18-7	5	34	5	0.5	0.0	4	0.5	0.4117647058823529	3	0.9117647058823529	0.9117647058823529
20	EO25-A	7	113	7	0.40707964601769914	0.0	6	0.40707964601769914	0.12389380530973451	2	0.7610619469026548	0.7610619469026548
21	EO25-B	4	10	4	0.4	0.0	2	0.6	0.6	2	0.6	0.6
22	EO24-1	1	2	1	1.0	0.0	1	1.0	0.0	1	1.0	0.0
23	EO24-2	1	1	1	1.0	0.0	1	1.0	0.0	1	1.0	0.0
24	EO24	1	2	1	1.0	0.0	1	1.0	0.0	1	1.0	0.0
25	EO24-7	1	3	1	1.0	0.0	1	1.0	0.0	1	1.0	0.0
26	EO70	5	161	3	0.484472049689441	0.484472049689441	1	1.0	1.0	1	1.0	1.0
27	EO8	6	69	5	0.4927536231884058	0.42028985507246375	4	0.4927536231884058	0.4492753623188406	4	0.4927536231884058	0.4492753623188406
28	EO8	9	87	9	0.1839080459770115	0.0	9	0.1839080459770115	0.0	5	0.41379310344827586	0.6896551724137931
29	EO8	9	152	8	0.5263157894736842	0.019736842105263157	6	0.875	0.9013157894736842	4	0.9078947368421053	0.9342105263157895
30	EO26-1	4	127	4	0.49606299212598426	0.0	3	0.8818897637795275	0.8818897637795275	2	0.8818897637795275	1.0
31	EO26-3	9	121	9	0.21487603305785125	0.0	3	0.6776859504132231	0.6776859504132231	1	1.0	1.0
32	EO26-3	8	61	6	0.32786885245901637	0.6065573770491803	3	0.7213114754098361	0.7213114754098361	3	0.7213114754098361	0.7213114754098361
33	EO26-3	3	5	3	0.6	0.0	2	0.8	0.8	2	0.8	0.8
34	EO26-3	6	34	5	0.47058823529411764	0.23529411764705882	3	0.7058823529411765	0.9705882352941176	3	0.7058823529411765	0.9705882352941176
35	EO26-2	3	22	3	0.5	0.0	3	0.5	0.0	3	0.5	0.0
36	EO26-4	4	43	4	0.7209302325581395	0.0	3	0.7209302325581395	0.18604651162790697	1	1.0	1.0
37	EO27-1	8	395	8	0.22278481012658227	0.0	8	0.22278481012658227	0.0	6	0.3721518987341772	0.4531645569620253
38	EO61	14	543	10	0.27071823204419887	0.4419889502762431	5	0.5598526703499079	0.9318600368324125	2	0.580110497237569	1.0
39	EO67	2	10	2	0.6	0.0	2	0.6	0.0	2	0.6	0.0
40	EO72-2	1	7	1	1.0	0.0	1	1.0	0.0	1	1.0	0.0
