locationID	n_mothers	mean_seeds	std_seeds	mean_P_compat	std_P_compat	mean_K_spatial	locationCode	largest_component_share_25m	predicted_mean_seeds	residual_mean_seeds
1	34	66.82352941176471	18.406966053290464	0.7127107775399427	0.13028861191562724	77.3529411764706	EO38	0.373134328358209	66.23543036492048	0.5880990468442349
2	62	62.91935483870968	20.900465432966996	0.6908893388529205	0.12551161909697822	681.0	EO76	0.7756286266924565	62.80628490641421	0.11306993229546691
3	18	68.22222222222223	21.48201862449166	0.7278520387047427	0.09990165880205075	26.555555555555557	EO52	0.6086956521739131	68.01962080276128	0.20260141946094734
4	12	67.41666666666667	16.66492415133345	0.6967884743333844	0.11302046576278764	28.333333333333332	EO118	1.0	65.54688215879125	1.8697845078754227
5	21	61.476190476190474	15.18097179899577	0.6656907696097972	0.10709816148346665	52.095238095238095	EO68-3	0.6041666666666666	62.21422124755327	-0.7380307713627943
6	38	60.71052631578947	16.67642436031282	0.6741309814131033	0.11917978009146134	484.7894736842105	EO32	0.4763948497854077	61.555634656157885	-0.8451083403684123
7	9	69.11111111111111	13.109580889986955	0.7302466264881241	0.08648180352052227	124.44444444444444	EO48	0.7755102040816326	68.11181892912812	0.9992921819829945
8	22	60.95454545454545	19.019982656662446	0.6613559659476024	0.11980126109770435	448.0	EO29	0.5683453237410072	60.582828524035726	0.3717169305097272
9	15	60.733333333333334	17.96610565428558	0.6873362164559769	0.11891137213685046	290.8	EO27	0.6603053435114504	63.542374525972875	-2.8090411926395404
10	16	59.8125	19.312237053226124	0.6037678611031904	0.14680318545263188	211.375	EO27-3	0.5787037037037037	56.00563435419626	3.8068656458037395
11	33	68.60606060606061	21.329175139259654	0.7296316242590362	0.1265702125643424	461.3939393939394	EO27-1	0.3126684636118598	66.5723166605468	2.0337439455138053
12	22	61.40909090909091	17.603189891956923	0.6585242385020501	0.1285115200673662	187.0	EO27RT	0.5310734463276836	61.07331552192272	0.33577538716818367
13	23	57.30434782608695	15.981337930703296	0.6539113453694617	0.10483145248164552	686.5217391304348	EO30-1	0.8624229979466119	59.471892189335264	-2.167544363248311
15	20	62.5	17.688830850062	0.631034918957603	0.11914314336732809	33.4	EO18-7	1.0	59.47712212122484	3.0228778787751622
16	27	66.07407407407408	18.351118024892457	0.7078353202028361	0.1176450896965048	91.25925925925925	EO18-7	0.8617021276595744	66.23505026985346	-0.1609761957793836
17	33	60.666666666666664	18.941796817268067	0.6507856201177891	0.14259429307596472	266.42424242424244	EO18-7	0.6198347107438017	60.20989097496394	0.4567756917027239
18	24	59.291666666666664	19.38955157152758	0.6662786964123503	0.1382542224933728	121.08333333333333	EO18-8	0.3414634146341463	61.79612299859856	-2.504456331931898
19	11	56.36363636363637	20.996536510923544	0.6702339690926737	0.123794153384005	31.818181818181817	EO18-7	0.5	62.58922792748984	-6.22559156385347
20	29	62.58620689655172	18.34299640847643	0.6642148808381071	0.11717147285595092	115.10344827586206	EO25-A	0.4070796460176991	61.69004432172618	0.8961625748255457
21	7	72.85714285714286	14.96026483086191	0.7514987237229499	0.07313766177385726	9.142857142857142	EO25-B	0.6	70.24084220956881	2.6163006475740502
22	2	41.0	9.899494936611665	0.5902930980144973	0.031236306491117097	3.0	EO24-1	1.0	55.817558306046266	-14.817558306046266
23	1	62.0		0.6305669910179641		2.0	EO24-2	1.0	59.528916091056814	2.4710839089431857
24	1	53.0		0.6191228653803504		4.0	EO24	1.0	58.46912155304177	-5.4691215530417665
25	3	58.0	12.767145334803704	0.5502109815456805	0.0994130870462886	2.6666666666666665	EO24-7	1.0	52.12788777089003	5.872112229109973
26	25	57.8	15.316113519210198	0.6047736153528134	0.09883016479702854	180.72	EO70	1.0	56.613886586951274	1.186113413048723
27	11	70.36363636363636	17.042727054510536	0.7395358374160769	0.06243376914993776	81.0909090909091	EO8	0.4927536231884058	68.81423866248218	1.5493977011541773
28	26	59.0	16.625281952496326	0.6509403178352298	0.10778311441971503	84.84615384615384	EO8	0.1839080459770115	60.33509469894077	-1.3350946989407717
29	25	66.92	20.041457032860656	0.722934169468247	0.10776875155617902	163.28	EO8	0.875	67.42105154410244	-0.5010515441024381
30	22	64.04545454545455	19.234089956382558	0.6965223336053105	0.12791565067107286	112.18181818181819	EO26-1	0.8818897637795275	65.15042342908875	-1.1049688836342
31	30	65.9	18.208277768925452	0.7242009681424553	0.09525970571379663	123.0	EO26-3	0.6776859504132231	67.46128839207691	-1.5612883920769036
32	17	63.88235294117647	16.914795124909052	0.7240018570102136	0.1099666846877936	70.11764705882354	EO26-3	0.7213114754098361	67.64655017931912	-3.76419723814265
33	4	68.0	15.705625319186328	0.6646630980463315	0.10850183187310891	8.0	EO26-3	0.8	62.44946837535169	5.550531624648308
34	14	76.5	30.236885268976216	0.7509034043323953	0.14141901009587196	33.714285714285715	EO26-3	0.7058823529411765	70.21809470121562	6.28190529878438
35	8	55.0	24.08912024723432	0.6074033335767488	0.11403065907312095	20.5	EO26-2	0.5	56.838113530994995	-1.8381135309949954
36	11	64.18181818181819	20.61949651091501	0.7313048727719387	0.12868503635672573	40.90909090909091	EO26-4	0.7209302325581395	68.40687187576316	-4.225053693944972
37	26	66.84615384615384	15.072338392412258	0.7033640897740912	0.10398833575939236	410.9230769230769	EO27-1	0.2227848101265822	64.215911580722	2.6302422654318462
38	55	64.76363636363637	16.494627224424537	0.7144454703731223	0.10659198512267379	556.7636363636364	EO61	0.5598526703499079	65.13402653005471	-0.3703901664183462
39	4	58.0	15.01110699893027	0.6413145930361499	0.10187979867903808	4.5	EO67	0.6	60.10934617178618	-2.1093461717861786
40	4	59.0	19.390719429665317	0.6001010479041917	0.07663922155688618	8.5	EO72-2	1.0	56.7040348185966	2.295965181403403
