Fg_a	Fg_b	hamming	n_sites_compared	p_distance
FG001	FG002	1	207	0.004830917874396135
FG004	FG013	1	207	0.004830917874396135
FG001	FG025	1	207	0.004830917874396135
FG004	FG016	1	207	0.004830917874396135
FG001	FG022	1	207	0.004830917874396135
FG002	FG011	1	207	0.004830917874396135
FG002	FG012	1	207	0.004830917874396135
FG009	FG013	1	207	0.004830917874396135
FG001	FG018	1	207	0.004830917874396135
FG002	FG005	1	207	0.004830917874396135
FG001	FG015	1	207	0.004830917874396135
FG008	FG023	1	207	0.004830917874396135
FG002	FG004	1	207	0.004830917874396135
FG007	FG008	1	207	0.004830917874396135
FG006	FG029	1	207	0.004830917874396135
FG001	FG006	1	207	0.004830917874396135
FG001	FG013	1	207	0.004830917874396135
FG003	FG010	1	207	0.004830917874396135
FG006	FG020	1	207	0.004830917874396135
FG013	FG022	2	207	0.00966183574879227
FG013	FG025	2	207	0.00966183574879227
FG018	FG022	2	207	0.00966183574879227
FG003	FG025	2	207	0.00966183574879227
FG013	FG032	2	207	0.00966183574879227
FG006	FG013	2	207	0.00966183574879227
FG003	FG013	2	207	0.00966183574879227
FG003	FG015	2	207	0.00966183574879227
FG015	FG018	2	207	0.00966183574879227
FG015	FG022	2	207	0.00966183574879227
FG015	FG025	2	207	0.00966183574879227
FG014	FG015	2	207	0.00966183574879227
FG013	FG016	2	207	0.00966183574879227
FG013	FG018	2	207	0.00966183574879227
FG006	FG018	2	207	0.00966183574879227
FG006	FG022	2	207	0.00966183574879227
FG006	FG025	2	207	0.00966183574879227
FG005	FG029	2	207	0.00966183574879227
FG006	FG030	2	207	0.00966183574879227
FG007	FG023	2	207	0.00966183574879227
FG008	FG014	2	207	0.00966183574879227
FG004	FG005	2	207	0.00966183574879227
FG008	FG015	2	207	0.00966183574879227
FG005	FG011	2	207	0.00966183574879227
FG011	FG012	2	207	0.00966183574879227
FG013	FG015	2	207	0.00966183574879227
FG018	FG025	2	207	0.00966183574879227
FG004	FG012	2	207	0.00966183574879227
FG004	FG011	2	207	0.00966183574879227
FG004	FG009	2	207	0.00966183574879227
FG005	FG012	2	207	0.00966183574879227
FG002	FG025	2	207	0.00966183574879227
FG006	FG015	2	207	0.00966183574879227
FG002	FG018	2	207	0.00966183574879227
FG002	FG006	2	207	0.00966183574879227
FG022	FG025	2	207	0.00966183574879227
FG001	FG019	2	207	0.00966183574879227
FG001	FG017	2	207	0.00966183574879227
FG002	FG013	2	207	0.00966183574879227
FG002	FG014	2	207	0.00966183574879227
FG001	FG012	2	207	0.00966183574879227
FG002	FG015	2	207	0.00966183574879227
FG002	FG016	2	207	0.00966183574879227
FG020	FG029	2	207	0.00966183574879227
FG001	FG021	2	207	0.00966183574879227
FG001	FG023	2	207	0.00966183574879227
FG001	FG011	2	207	0.00966183574879227
FG001	FG020	2	207	0.00966183574879227
FG001	FG009	2	207	0.00966183574879227
FG001	FG029	2	207	0.00966183574879227
FG022	FG030	2	207	0.00966183574879227
FG001	FG027	2	207	0.00966183574879227
FG002	FG022	2	207	0.00966183574879227
FG001	FG026	2	207	0.00966183574879227
FG001	FG005	2	207	0.00966183574879227
FG001	FG004	2	207	0.00966183574879227
FG009	FG025	3	207	0.014492753623188406
FG011	FG022	3	207	0.014492753623188406
FG011	FG018	3	207	0.014492753623188406
FG011	FG016	3	207	0.014492753623188406
FG011	FG015	3	207	0.014492753623188406
FG010	FG013	3	207	0.014492753623188406
FG011	FG013	3	207	0.014492753623188406
FG010	FG025	3	207	0.014492753623188406
FG011	FG014	3	207	0.014492753623188406
FG010	FG032	3	207	0.014492753623188406
FG009	FG032	3	207	0.014492753623188406
FG018	FG029	3	207	0.014492753623188406
FG023	FG032	3	207	0.014492753623188406
FG009	FG018	3	207	0.014492753623188406
FG006	FG017	3	207	0.014492753623188406
FG029	FG030	3	207	0.014492753623188406
FG006	FG019	3	207	0.014492753623188406
FG006	FG021	3	207	0.014492753623188406
FG006	FG023	3	207	0.014492753623188406
FG026	FG029	3	207	0.014492753623188406
FG006	FG026	3	207	0.014492753623188406
FG025	FG029	3	207	0.014492753623188406
FG006	FG027	3	207	0.014492753623188406
FG025	FG027	3	207	0.014492753623188406
FG007	FG014	3	207	0.014492753623188406
FG007	FG015	3	207	0.014492753623188406
FG007	FG022	3	207	0.014492753623188406
FG025	FG026	3	207	0.014492753623188406
FG011	FG025	3	207	0.014492753623188406
FG009	FG015	3	207	0.014492753623188406
FG009	FG016	3	207	0.014492753623188406
FG009	FG022	3	207	0.014492753623188406
FG012	FG013	3	207	0.014492753623188406
FG012	FG032	3	207	0.014492753623188406
FG012	FG015	3	207	0.014492753623188406
FG015	FG020	3	207	0.014492753623188406
FG015	FG021	3	207	0.014492753623188406
FG015	FG023	3	207	0.014492753623188406
FG015	FG026	3	207	0.014492753623188406
FG020	FG025	3	207	0.014492753623188406
FG015	FG027	3	207	0.014492753623188406
FG015	FG029	3	207	0.014492753623188406
FG017	FG018	3	207	0.014492753623188406
FG015	FG017	3	207	0.014492753623188406
FG017	FG022	3	207	0.014492753623188406
FG018	FG019	3	207	0.014492753623188406
FG018	FG020	3	207	0.014492753623188406
FG018	FG021	3	207	0.014492753623188406
FG020	FG022	3	207	0.014492753623188406
FG018	FG023	3	207	0.014492753623188406
FG019	FG025	3	207	0.014492753623188406
FG018	FG026	3	207	0.014492753623188406
FG018	FG027	3	207	0.014492753623188406
FG017	FG025	3	207	0.014492753623188406
FG014	FG023	3	207	0.014492753623188406
FG020	FG030	3	207	0.014492753623188406
FG021	FG022	3	207	0.014492753623188406
FG012	FG016	3	207	0.014492753623188406
FG012	FG018	3	207	0.014492753623188406
FG012	FG022	3	207	0.014492753623188406
FG012	FG025	3	207	0.014492753623188406
FG019	FG022	3	207	0.014492753623188406
FG023	FG025	3	207	0.014492753623188406
FG022	FG029	3	207	0.014492753623188406
FG013	FG017	3	207	0.014492753623188406
FG022	FG027	3	207	0.014492753623188406
FG022	FG026	3	207	0.014492753623188406
FG013	FG019	3	207	0.014492753623188406
FG013	FG020	3	207	0.014492753623188406
FG013	FG021	3	207	0.014492753623188406
FG013	FG023	3	207	0.014492753623188406
FG022	FG023	3	207	0.014492753623188406
FG013	FG026	3	207	0.014492753623188406
FG013	FG027	3	207	0.014492753623188406
FG013	FG029	3	207	0.014492753623188406
FG021	FG025	3	207	0.014492753623188406
FG012	FG014	3	207	0.014492753623188406
FG015	FG019	3	207	0.014492753623188406
FG010	FG015	3	207	0.014492753623188406
FG004	FG014	3	207	0.014492753623188406
FG001	FG016	3	207	0.014492753623188406
FG005	FG022	3	207	0.014492753623188406
FG001	FG030	3	207	0.014492753623188406
FG002	FG029	3	207	0.014492753623188406
FG002	FG027	3	207	0.014492753623188406
FG002	FG026	3	207	0.014492753623188406
FG004	FG006	3	207	0.014492753623188406
FG001	FG032	3	207	0.014492753623188406
FG004	FG015	3	207	0.014492753623188406
FG005	FG018	3	207	0.014492753623188406
FG004	FG018	3	207	0.014492753623188406
FG001	FG014	3	207	0.014492753623188406
FG004	FG022	3	207	0.014492753623188406
FG005	FG015	3	207	0.014492753623188406
FG005	FG014	3	207	0.014492753623188406
FG002	FG023	3	207	0.014492753623188406
FG005	FG013	3	207	0.014492753623188406
FG002	FG021	3	207	0.014492753623188406
FG004	FG025	3	207	0.014492753623188406
FG004	FG032	3	207	0.014492753623188406
FG002	FG009	3	207	0.014492753623188406
FG005	FG006	3	207	0.014492753623188406
FG002	FG017	3	207	0.014492753623188406
FG002	FG020	3	207	0.014492753623188406
FG005	FG016	3	207	0.014492753623188406
FG003	FG004	3	207	0.014492753623188406
FG002	FG019	3	207	0.014492753623188406
FG001	FG008	3	207	0.014492753623188406
FG003	FG009	3	207	0.014492753623188406
FG001	FG003	3	207	0.014492753623188406
FG005	FG026	3	207	0.014492753623188406
FG006	FG009	3	207	0.014492753623188406
FG005	FG025	3	207	0.014492753623188406
FG006	FG011	3	207	0.014492753623188406
FG006	FG012	3	207	0.014492753623188406
FG015	FG032	4	207	0.01932367149758454
FG004	FG021	4	207	0.01932367149758454
FG016	FG021	4	207	0.01932367149758454
FG011	FG026	4	207	0.01932367149758454
FG016	FG022	4	207	0.01932367149758454
FG019	FG023	4	207	0.01932367149758454
FG011	FG029	4	207	0.01932367149758454
FG016	FG025	4	207	0.01932367149758454
FG017	FG023	4	207	0.01932367149758454
FG011	FG027	4	207	0.01932367149758454
FG016	FG018	4	207	0.01932367149758454
FG004	FG023	4	207	0.01932367149758454
FG011	FG023	4	207	0.01932367149758454
FG019	FG026	4	207	0.01932367149758454
FG020	FG021	4	207	0.01932367149758454
FG019	FG029	4	207	0.01932367149758454
FG016	FG032	4	207	0.01932367149758454
FG017	FG021	4	207	0.01932367149758454
FG017	FG019	4	207	0.01932367149758454
FG004	FG029	4	207	0.01932367149758454
FG003	FG006	4	207	0.01932367149758454
FG019	FG027	4	207	0.01932367149758454
FG004	FG027	4	207	0.01932367149758454
FG011	FG019	4	207	0.01932367149758454
FG011	FG020	4	207	0.01932367149758454
FG011	FG021	4	207	0.01932367149758454
FG004	FG026	4	207	0.01932367149758454
FG012	FG017	4	207	0.01932367149758454
FG011	FG017	4	207	0.01932367149758454
FG004	FG020	4	207	0.01932367149758454
FG012	FG020	4	207	0.01932367149758454
FG014	FG032	4	207	0.01932367149758454
FG017	FG029	4	207	0.01932367149758454
FG002	FG030	4	207	0.01932367149758454
FG003	FG014	4	207	0.01932367149758454
FG013	FG030	4	207	0.01932367149758454
FG006	FG014	4	207	0.01932367149758454
FG014	FG016	4	207	0.01932367149758454
FG017	FG027	4	207	0.01932367149758454
FG014	FG018	4	207	0.01932367149758454
FG003	FG022	4	207	0.01932367149758454
FG002	FG032	4	207	0.01932367149758454
FG014	FG025	4	207	0.01932367149758454
FG003	FG016	4	207	0.01932367149758454
FG003	FG018	4	207	0.01932367149758454
FG015	FG016	4	207	0.01932367149758454
FG014	FG022	4	207	0.01932367149758454
FG018	FG030	4	207	0.01932367149758454
FG003	FG032	4	207	0.01932367149758454
FG003	FG008	4	207	0.01932367149758454
FG012	FG021	4	207	0.01932367149758454
FG004	FG019	4	207	0.01932367149758454
FG012	FG023	4	207	0.01932367149758454
FG019	FG021	4	207	0.01932367149758454
FG012	FG026	4	207	0.01932367149758454
FG012	FG027	4	207	0.01932367149758454
FG019	FG020	4	207	0.01932367149758454
FG017	FG026	4	207	0.01932367149758454
FG012	FG029	4	207	0.01932367149758454
FG004	FG017	4	207	0.01932367149758454
FG013	FG014	4	207	0.01932367149758454
FG015	FG030	4	207	0.01932367149758454
FG020	FG023	4	207	0.01932367149758454
FG004	FG010	4	207	0.01932367149758454
FG018	FG032	4	207	0.01932367149758454
FG012	FG019	4	207	0.01932367149758454
FG006	FG016	4	207	0.01932367149758454
FG017	FG020	4	207	0.01932367149758454
FG020	FG027	4	207	0.01932367149758454
FG009	FG019	4	207	0.01932367149758454
FG009	FG017	4	207	0.01932367149758454
FG020	FG026	4	207	0.01932367149758454
FG005	FG017	4	207	0.01932367149758454
FG009	FG012	4	207	0.01932367149758454
FG009	FG011	4	207	0.01932367149758454
FG009	FG010	4	207	0.01932367149758454
FG008	FG032	4	207	0.01932367149758454
FG023	FG029	4	207	0.01932367149758454
FG005	FG027	4	207	0.01932367149758454
FG027	FG029	4	207	0.01932367149758454
FG006	FG032	4	207	0.01932367149758454
FG008	FG025	4	207	0.01932367149758454
FG002	FG003	4	207	0.01932367149758454
FG008	FG022	4	207	0.01932367149758454
FG005	FG023	4	207	0.01932367149758454
FG001	FG007	4	207	0.01932367149758454
FG008	FG013	4	207	0.01932367149758454
FG026	FG027	4	207	0.01932367149758454
FG008	FG018	4	207	0.01932367149758454
FG005	FG020	4	207	0.01932367149758454
FG025	FG032	4	207	0.01932367149758454
FG025	FG030	4	207	0.01932367149758454
FG009	FG020	4	207	0.01932367149758454
FG009	FG023	4	207	0.01932367149758454
FG005	FG021	4	207	0.01932367149758454
FG006	FG008	4	207	0.01932367149758454
FG023	FG027	4	207	0.01932367149758454
FG001	FG010	4	207	0.01932367149758454
FG023	FG026	4	207	0.01932367149758454
FG021	FG023	4	207	0.01932367149758454
FG022	FG032	4	207	0.01932367149758454
FG009	FG021	4	207	0.01932367149758454
FG010	FG012	4	207	0.01932367149758454
FG002	FG008	4	207	0.01932367149758454
FG005	FG019	4	207	0.01932367149758454
FG005	FG009	4	207	0.01932367149758454
FG021	FG029	4	207	0.01932367149758454
FG021	FG027	4	207	0.01932367149758454
FG009	FG027	4	207	0.01932367149758454
FG021	FG026	4	207	0.01932367149758454
FG009	FG026	4	207	0.01932367149758454
FG009	FG029	4	207	0.01932367149758454
FG003	FG019	5	207	0.024154589371980676
FG003	FG020	5	207	0.024154589371980676
FG007	FG018	5	207	0.024154589371980676
FG003	FG017	5	207	0.024154589371980676
FG014	FG027	5	207	0.024154589371980676
FG003	FG021	5	207	0.024154589371980676
FG014	FG026	5	207	0.024154589371980676
FG017	FG030	5	207	0.024154589371980676
FG014	FG029	5	207	0.024154589371980676
FG017	FG032	5	207	0.024154589371980676
FG016	FG017	5	207	0.024154589371980676
FG003	FG012	5	207	0.024154589371980676
FG003	FG007	5	207	0.024154589371980676
FG006	FG010	5	207	0.024154589371980676
FG006	FG007	5	207	0.024154589371980676
FG016	FG029	5	207	0.024154589371980676
FG005	FG032	5	207	0.024154589371980676
FG016	FG027	5	207	0.024154589371980676
FG016	FG026	5	207	0.024154589371980676
FG029	FG032	5	207	0.024154589371980676
FG007	FG013	5	207	0.024154589371980676
FG003	FG005	5	207	0.024154589371980676
FG005	FG030	5	207	0.024154589371980676
FG027	FG032	5	207	0.024154589371980676
FG016	FG020	5	207	0.024154589371980676
FG016	FG019	5	207	0.024154589371980676
FG027	FG030	5	207	0.024154589371980676
FG026	FG032	5	207	0.024154589371980676
FG026	FG030	5	207	0.024154589371980676
FG003	FG011	5	207	0.024154589371980676
FG016	FG023	5	207	0.024154589371980676
FG023	FG030	5	207	0.024154589371980676
FG008	FG009	5	207	0.024154589371980676
FG014	FG021	5	207	0.024154589371980676
FG008	FG029	5	207	0.024154589371980676
FG021	FG032	5	207	0.024154589371980676
FG021	FG030	5	207	0.024154589371980676
FG009	FG014	5	207	0.024154589371980676
FG011	FG032	5	207	0.024154589371980676
FG011	FG030	5	207	0.024154589371980676
FG009	FG030	5	207	0.024154589371980676
FG009	FG031	5	207	0.024154589371980676
FG002	FG007	5	207	0.024154589371980676
FG005	FG008	5	207	0.024154589371980676
FG004	FG030	5	207	0.024154589371980676
FG010	FG016	5	207	0.024154589371980676
FG010	FG018	5	207	0.024154589371980676
FG020	FG032	5	207	0.024154589371980676
FG019	FG030	5	207	0.024154589371980676
FG019	FG032	5	207	0.024154589371980676
FG002	FG010	5	207	0.024154589371980676
FG010	FG022	5	207	0.024154589371980676
FG010	FG014	5	207	0.024154589371980676
FG008	FG027	5	207	0.024154589371980676
FG008	FG026	5	207	0.024154589371980676
FG012	FG030	5	207	0.024154589371980676
FG014	FG020	5	207	0.024154589371980676
FG014	FG019	5	207	0.024154589371980676
FG014	FG017	5	207	0.024154589371980676
FG003	FG023	5	207	0.024154589371980676
FG007	FG030	5	207	0.024154589371980676
FG003	FG026	5	207	0.024154589371980676
FG007	FG032	5	207	0.024154589371980676
FG003	FG027	5	207	0.024154589371980676
FG007	FG025	5	207	0.024154589371980676
FG003	FG029	5	207	0.024154589371980676
FG008	FG011	5	207	0.024154589371980676
FG008	FG012	5	207	0.024154589371980676
FG004	FG008	5	207	0.024154589371980676
FG008	FG017	5	207	0.024154589371980676
FG008	FG019	5	207	0.024154589371980676
FG008	FG020	5	207	0.024154589371980676
FG008	FG021	5	207	0.024154589371980676
FG012	FG031	5	207	0.024154589371980676
FG008	FG010	5	207	0.024154589371980676
FG004	FG031	5	207	0.024154589371980676
FG002	FG031	6	207	0.028985507246376812
FG031	FG032	6	207	0.028985507246376812
FG016	FG030	6	207	0.028985507246376812
FG007	FG020	6	207	0.028985507246376812
FG007	FG026	6	207	0.028985507246376812
FG010	FG029	6	207	0.028985507246376812
FG007	FG027	6	207	0.028985507246376812
FG010	FG027	6	207	0.028985507246376812
FG010	FG026	6	207	0.028985507246376812
FG005	FG007	6	207	0.028985507246376812
FG010	FG023	6	207	0.028985507246376812
FG007	FG019	6	207	0.028985507246376812
FG007	FG029	6	207	0.028985507246376812
FG010	FG020	6	207	0.028985507246376812
FG010	FG019	6	207	0.028985507246376812
FG010	FG017	6	207	0.028985507246376812
FG030	FG032	6	207	0.028985507246376812
FG010	FG011	6	207	0.028985507246376812
FG005	FG010	6	207	0.028985507246376812
FG016	FG031	6	207	0.028985507246376812
FG008	FG030	6	207	0.028985507246376812
FG010	FG021	6	207	0.028985507246376812
FG004	FG007	6	207	0.028985507246376812
FG007	FG021	6	207	0.028985507246376812
FG008	FG016	6	207	0.028985507246376812
FG007	FG010	6	207	0.028985507246376812
FG007	FG011	6	207	0.028985507246376812
FG007	FG009	6	207	0.028985507246376812
FG014	FG030	6	207	0.028985507246376812
FG007	FG012	6	207	0.028985507246376812
FG013	FG031	6	207	0.028985507246376812
FG007	FG017	6	207	0.028985507246376812
FG003	FG030	6	207	0.028985507246376812
FG005	FG031	7	207	0.033816425120772944
FG011	FG031	7	207	0.033816425120772944
FG010	FG031	7	207	0.033816425120772944
FG010	FG030	7	207	0.033816425120772944
FG001	FG031	7	207	0.033816425120772944
FG007	FG016	7	207	0.033816425120772944
FG018	FG031	7	207	0.033816425120772944
FG014	FG031	8	207	0.03864734299516908
FG022	FG031	8	207	0.03864734299516908
FG015	FG031	8	207	0.03864734299516908
FG006	FG031	8	207	0.03864734299516908
FG003	FG031	8	207	0.03864734299516908
FG025	FG031	8	207	0.03864734299516908
FG026	FG031	9	207	0.043478260869565216
FG019	FG031	9	207	0.043478260869565216
FG017	FG031	9	207	0.043478260869565216
FG023	FG031	9	207	0.043478260869565216
FG020	FG031	9	207	0.043478260869565216
FG027	FG031	9	207	0.043478260869565216
FG029	FG031	9	207	0.043478260869565216
FG021	FG031	9	207	0.043478260869565216
FG030	FG031	10	207	0.04830917874396135
FG008	FG031	10	207	0.04830917874396135
FG007	FG031	11	207	0.05314009661835749
FG018	FG024	40	207	0.1932367149758454
FG022	FG024	40	207	0.1932367149758454
FG021	FG024	40	207	0.1932367149758454
FG001	FG024	40	207	0.1932367149758454
FG023	FG024	41	207	0.19806763285024154
FG024	FG030	41	207	0.19806763285024154
FG024	FG025	41	207	0.19806763285024154
FG006	FG024	41	207	0.19806763285024154
FG024	FG027	41	207	0.19806763285024154
FG009	FG024	41	207	0.19806763285024154
FG013	FG024	41	207	0.19806763285024154
FG017	FG024	41	207	0.19806763285024154
FG015	FG024	41	207	0.19806763285024154
FG002	FG024	41	207	0.19806763285024154
FG008	FG024	42	207	0.2028985507246377
FG005	FG024	42	207	0.2028985507246377
FG012	FG024	42	207	0.2028985507246377
FG024	FG032	42	207	0.2028985507246377
FG004	FG024	42	207	0.2028985507246377
FG024	FG029	42	207	0.2028985507246377
FG019	FG024	42	207	0.2028985507246377
FG024	FG026	42	207	0.2028985507246377
FG011	FG024	42	207	0.2028985507246377
FG014	FG024	42	207	0.2028985507246377
FG020	FG024	42	207	0.2028985507246377
FG007	FG024	42	207	0.2028985507246377
FG016	FG024	43	207	0.20772946859903382
FG003	FG024	43	207	0.20772946859903382
FG010	FG024	44	207	0.21256038647342995
FG024	FG031	44	207	0.21256038647342995
FG024	FG028	194	207	0.9371980676328503
FG017	FG028	195	207	0.9420289855072463
FG027	FG028	196	207	0.9468599033816425
FG002	FG028	196	207	0.9468599033816425
FG006	FG028	196	207	0.9468599033816425
FG028	FG030	196	207	0.9468599033816425
FG028	FG031	196	207	0.9468599033816425
FG015	FG028	196	207	0.9468599033816425
FG008	FG028	196	207	0.9468599033816425
FG012	FG028	196	207	0.9468599033816425
FG022	FG028	196	207	0.9468599033816425
FG021	FG028	196	207	0.9468599033816425
FG001	FG028	196	207	0.9468599033816425
FG020	FG028	196	207	0.9468599033816425
FG018	FG028	196	207	0.9468599033816425
FG023	FG028	196	207	0.9468599033816425
FG007	FG028	196	207	0.9468599033816425
FG011	FG028	196	207	0.9468599033816425
FG025	FG028	196	207	0.9468599033816425
FG014	FG028	197	207	0.9516908212560387
FG010	FG028	197	207	0.9516908212560387
FG004	FG028	197	207	0.9516908212560387
FG005	FG028	197	207	0.9516908212560387
FG028	FG029	197	207	0.9516908212560387
FG013	FG028	197	207	0.9516908212560387
FG009	FG028	197	207	0.9516908212560387
FG003	FG028	197	207	0.9516908212560387
FG026	FG028	197	207	0.9516908212560387
FG016	FG028	197	207	0.9516908212560387
FG019	FG028	197	207	0.9516908212560387
FG028	FG032	198	207	0.9565217391304348
