locationID	locationCode	component_id_50m	component_N_fertile	component_M_allocated	component_seeds_allocated	component_A_delivered_actual	component_A_delivered_design_at_15seeds	component_pool_size_mean	component_pool_size_lo	component_pool_size_hi	component_Fgs_detected_mean	component_Fgs_detected_lo	component_Fgs_detected_hi	component_coverage_mean	component_coverage_lo	component_coverage_hi
23	EO24-2	0	1	1	1	6	34	2.977	2.0	4.0	2.576	1.0	4.0	0.8738333333333334	0.5	1.0
24	EO24	0	2	1	5	14	34	4.546	2.0	7.0	4.095	2.0	6.0	0.9058702380952381	0.6	1.0
22	EO24-1	0	2	2	10	28	68	4.519	2.9750000000000014	7.0	4.462	2.0	7.0	0.9883166666666666	0.8	1.0
25	EO24-7	0	3	3	27	66	102	5.707	3.0	8.0	5.705	3.0	8.0	0.9996333333333334	1.0	1.0
33	EO26-3	0	4	3	16	44	102	6.735	4.0	10.0	6.5	4.0	9.0	0.9667341269841271	0.8	1.0
33	EO26-3	1	1	1	4	12	34	2.98	1.0	4.0	2.909	1.0	4.0	0.9779166666666668	0.6666666666666666	1.0
40	EO72-2	0	7	4	112	240	136	9.04	6.0	12.0	9.04	6.0	12.0	1.0	1.0	1.0
39	EO67	0	6	2	44	96	68	8.331	5.0	12.0	8.246	5.0	12.0	0.9898544871794872	0.875	1.0
39	EO67	1	4	2	30	68	68	6.691	4.0	9.0	6.628	4.0	9.0	0.9906106782106782	0.8571428571428571	1.0
21	EO25-B	0	4	3	26	64	102	6.722	4.0	10.0	6.662	4.0	9.024999999999977	0.9914717893217894	0.8571428571428571	1.0
21	EO25-B	1	6	4	40	96	136	8.333	5.0	12.0	8.252	5.0	12.0	0.9905451687201687	0.875	1.0
35	EO26-2	0	7	3	75	162	102	9.089	6.0	13.0	9.076	6.0	13.0	0.9987456487956488	1.0	1.0
35	EO26-2	1	11	4	118	252	136	11.324	8.0	15.0	11.296	8.0	15.0	0.9976083569208568	0.9333333333333333	1.0
35	EO26-2	2	4	1	43	90	34	6.786	4.0	9.0	6.773	4.0	9.0	0.9981325396825397	1.0	1.0
3	EO52	0	9	7	146	320	238	10.168	7.0	14.0	10.168	7.0	14.0	1.0	1.0	1.0
3	EO52	1	14	11	228	500	374	12.757	9.0	16.0	12.757	9.0	16.0	1.0	1.0	1.0
4	EO118	0	29	12	444	936	408	17.637	14.0	22.0	17.635	14.0	22.0	0.9998911764705882	1.0	1.0
15	EO18-7	0	30	20	402	884	680	17.834	14.0	22.0	17.832	14.0	22.0	0.9998848684210526	1.0	1.0
34	EO26-3	0	24	10	249	538	340	16.205	12.0	20.0	16.182	12.0	20.0	0.9985611594288064	1.0	1.0
34	EO26-3	1	1	0	10	20	0	2.926	2.0	4.0	2.922	1.9750000000000014	4.0	0.9985833333333333	1.0	1.0
34	EO26-3	2	9	4	94	204	136	10.187	7.0	14.0	10.171	7.0	14.0	0.9985146853146852	1.0	1.0
19	EO18-7	0	31	10	347	734	340	17.962	14.0	22.0	17.943	14.0	22.0	0.9989670171976286	1.0	1.0
19	EO18-7	1	2	1	22	48	34	4.507	3.0	7.0	4.503	3.0	7.0	0.9990833333333333	1.0	1.0
19	EO18-7	2	1	0	11	22	0	2.971	1.0	4.0	2.966	1.0	4.0	0.9985833333333333	1.0	1.0
36	EO26-4	0	43	11	650	1344	374	20.255	16.0	24.0	20.25	16.0	24.0	0.9997511961722488	1.0	1.0
5	EO68-3	0	48	21	2181	4446	714	21.028	17.0	25.0	21.028	17.0	25.0	1.0	1.0	1.0
32	EO26-3	0	44	12	385	818	408	20.319	16.975	24.0	20.269	16.975	24.0	0.9975579909754624	0.9523809523809523	1.0
32	EO26-3	1	9	3	79	170	102	10.275	7.0	14.0	10.229	7.0	14.0	0.995765546953047	0.9090909090909091	1.0
32	EO26-3	2	8	2	70	148	68	9.85	6.0	13.0	9.807	6.0	13.0	0.995640046065046	0.9	1.0
1	EO38	0	55	28	804	1720	952	21.688	18.0	25.0	21.684	18.0	25.0	0.999801913875598	1.0	1.0
1	EO38	1	11	6	161	346	204	11.39	8.0	15.0	11.386	8.0	15.0	0.9996572039072039	1.0	1.0
1	EO38	2	1	0	14	28	0	2.942	1.0	4.0	2.941	1.0	4.0	0.99975	1.0	1.0
27	EO8	0	31	5	361	742	170	17.943	14.0	22.0	17.915	14.0	22.0	0.9984818206705053	0.9523809523809523	1.0
27	EO8	1	34	6	396	816	204	18.629	15.0	23.0	18.613	15.0	23.0	0.9991492689500042	1.0	1.0
27	EO8	2	2	0	24	48	0	4.513	2.0	7.0	4.51	2.0	7.0	0.9994571428571428	1.0	1.0
27	EO8	3	2	0	23	46	0	4.545	2.0	7.0	4.538	2.0	7.0	0.9985071428571428	1.0	1.0
28	EO8	0	36	11	467	978	374	19.071	15.0	23.0	19.064	15.0	23.0	0.9996484635832004	1.0	1.0
28	EO8	1	5	1	65	134	34	7.621	5.0	11.0	7.62	5.0	11.0	0.9998888888888889	1.0	1.0
28	EO8	2	9	3	117	246	102	10.217	7.0	14.0	10.21	7.0	14.0	0.9993761072261073	1.0	1.0
28	EO8	3	13	4	169	354	136	12.378	9.0	16.024999999999977	12.371	9.0	16.024999999999977	0.9994511141636141	1.0	1.0
28	EO8	4	24	7	312	652	238	16.215	12.0	20.0	16.209	12.0	20.0	0.9996253034547152	1.0	1.0
16	EO18-7	0	1	0	24	48	0	2.91	1.0	4.0	2.91	1.0	4.0	1.0	1.0	1.0
16	EO18-7	1	81	23	1977	4046	782	24.338	20.0	28.0	24.338	20.0	28.0	1.0	1.0	1.0
16	EO18-7	2	12	4	293	602	136	11.725	8.0	16.0	11.725	8.0	16.0	1.0	1.0	1.0
7	EO48	0	98	9	1064	2164	306	25.46	22.0	29.0	25.439	22.0	29.0	0.9991606144469113	1.0	1.0
20	EO25-A	0	27	7	570	1168	238	17.235	14.0	21.0	17.233	14.0	21.0	0.9998786764705883	1.0	1.0
20	EO25-A	1	86	22	1814	3716	748	24.696	21.0	28.0	24.696	21.0	28.0	1.0	1.0	1.0
31	EO26-3	0	121	30	1971	4062	1020	26.719	23.0	30.0	26.718	23.0	30.0	0.9999655172413793	1.0	1.0
18	EO18-8	0	6	1	100	204	34	8.325	5.0	12.0	8.325	5.0	12.0	1.0	1.0	1.0
18	EO18-8	1	52	10	868	1776	340	21.431	18.0	25.0	21.43	18.0	25.0	0.9999600000000001	1.0	1.0
18	EO18-8	2	42	8	701	1434	272	20.029	16.0	24.0	20.027	16.0	24.0	0.9998997493734335	1.0	1.0
18	EO18-8	3	23	5	384	788	170	15.832	12.0	20.0	15.831	12.0	20.0	0.9999333333333333	1.0	1.0
30	EO26-1	0	112	19	3861	7798	646	26.427	23.0	30.0	26.427	23.0	30.0	1.0	1.0	1.0
30	EO26-1	1	15	3	517	1046	102	13.306	9.975000000000001	17.0	13.306	9.975000000000001	17.0	1.0	1.0	1.0
29	EO8	0	3	0	89	178	0	5.761	3.0	8.0	5.761	3.0	8.0	1.0	1.0	1.0
29	EO8	1	7	1	207	418	34	9.022	6.0	13.0	9.022	6.0	13.0	1.0	1.0	1.0
29	EO8	2	138	23	4080	8252	782	27.444	24.0	30.0	27.444	24.0	30.0	1.0	1.0	1.0
29	EO8	3	4	1	118	240	34	6.743	4.0	10.0	6.743	4.0	10.0	1.0	1.0	1.0
26	EO70	0	161	25	1329	2758	850	28.311	25.0	31.0	28.251	25.0	31.0	0.9978978297144704	0.9642857142857143	1.0
12	EO27RT	0	56	7	200	428	238	22.031	18.0	26.0	20.986	17.0	25.0	0.9533092490243085	0.8571428571428571	1.0
12	EO27RT	1	2	0	7	14	0	4.559	2.0	7.0	4.086	2.0	6.0	0.9004416666666666	0.6	1.0
12	EO27RT	2	7	1	25	54	34	9.03	6.0	13.0	8.343	5.0	12.0	0.9267562853812855	0.7494318181818183	1.0
12	EO27RT	3	7	1	25	54	34	8.976	6.0	12.0	8.333	5.0	12.0	0.9291144591519592	0.7142857142857143	1.0
12	EO27RT	4	11	1	39	82	34	11.332	8.0	15.0	10.422	7.0	14.0	0.9211665022885611	0.7331818181818182	1.0
12	EO27RT	5	94	12	336	720	408	25.277	21.0	29.0	24.333	20.0	28.0	0.9630026046027731	0.8846153846153846	1.0
10	EO27-3	0	143	11	737	1518	374	27.778	24.0	31.0	27.373	24.0	30.0	0.9855295576439144	0.9285714285714286	1.0
10	EO27-3	1	73	5	376	772	170	23.696	20.0	27.0	23.249	19.0	27.0	0.9813454124612481	0.9166666666666666	1.0
17	EO18-7	0	158	22	1095	2278	748	28.203	25.0	31.0	28.069	25.0	31.0	0.9952869791262686	0.9629629629629629	1.0
17	EO18-7	1	52	7	361	750	238	21.482	17.0	25.0	21.31	17.0	25.0	0.9920303129284977	0.9473684210526315	1.0
17	EO18-7	2	14	2	97	202	68	12.69	9.0	17.0	12.53	9.0	16.0	0.9873772984368573	0.9090909090909091	1.0
17	EO18-7	3	15	2	104	216	68	13.185	10.0	17.0	13.03	9.0	17.0	0.9882895899035604	0.9090909090909091	1.0
17	EO18-7	4	3	0	21	42	0	5.742	3.0	8.0	5.663	3.0	8.0	0.986927380952381	0.8333333333333334	1.0
9	EO27	0	89	5	425	870	170	24.895	21.0	29.0	24.322	20.0	28.0	0.9771874502325234	0.9130434782608695	1.0
9	EO27	1	173	10	826	1692	340	28.736	26.0	31.0	28.251	25.0	31.0	0.9832700919168994	0.9285714285714286	1.0
11	EO27-1	0	85	8	565	1162	272	24.601	21.0	28.0	24.397	21.0	28.0	0.9917241953672199	0.9545454545454546	1.0
11	EO27-1	1	38	3	252	516	102	19.484	16.0	24.0	19.23	16.0	23.0	0.9872318245693674	0.9375	1.0
11	EO27-1	2	97	9	644	1324	306	25.51	22.0	29.0	25.311	21.0	29.0	0.9922492974383603	0.9565217391304348	1.0
11	EO27-1	3	116	10	771	1582	340	26.521	23.0	30.0	26.304	23.0	30.0	0.991891030350941	0.9583333333333334	1.0
11	EO27-1	4	35	3	233	478	102	18.892	15.0	23.0	18.66	15.0	23.0	0.9878191718832162	0.9373958333333333	1.0
37	EO27-1	0	80	5	473	966	170	24.176	20.0	28.0	23.882	20.0	28.0	0.9879899431437923	0.9230769230769231	1.0
37	EO27-1	1	147	10	869	1778	340	27.963	24.0	31.0	27.698	24.0	31.0	0.9905690384806564	0.9354838709677419	1.0
37	EO27-1	2	88	6	520	1064	204	24.791	21.0	29.0	24.462	21.0	28.0	0.986912606997513	0.92	1.0
37	EO27-1	3	32	2	189	386	68	18.261	14.0	22.0	17.923	14.0	22.0	0.9817175628140126	0.8947368421052632	1.0
37	EO27-1	4	28	2	166	340	68	17.298	13.0	21.0	16.96	13.0	21.0	0.9806196451067666	0.8888888888888888	1.0
37	EO27-1	5	20	1	118	240	34	14.978	11.0	19.0	14.643	10.975000000000001	19.0	0.9780947021631621	0.8823529411764706	1.0
8	EO29	0	417	22	5419	10926	748	31.576	30.0	32.0	31.574	30.0	32.0	0.999936491935484	1.0	1.0
6	EO32	0	324	26	4191	8486	884	31.036	29.0	32.0	31.035	29.0	32.0	0.9999677419354839	1.0	1.0
6	EO32	1	98	8	1268	2568	272	25.515	22.0	29.0	25.506	22.0	29.0	0.9996267834228629	1.0	1.0
6	EO32	2	27	2	349	706	68	17.188	13.0	21.0	17.178	13.0	21.0	0.9994513489606369	1.0	1.0
6	EO32	3	11	1	142	288	34	11.312	8.0	15.0	11.302	8.0	15.0	0.9992352490646608	1.0	1.0
6	EO32	4	6	1	78	160	34	8.288	5.0	12.0	8.281	5.0	12.0	0.9991587301587301	1.0	1.0
13	EO30-1	0	420	20	1940	3960	680	31.558	30.0	32.0	31.409	30.0	32.0	0.9952744554134224	0.967741935483871	1.0
13	EO30-1	1	67	3	309	630	102	23.225	19.0	27.0	22.548	19.0	26.0	0.9711032266283565	0.8946898496240602	1.0
2	EO76	0	14	2	317	642	68	12.822	9.0	17.0	12.822	9.0	17.0	1.0	1.0	1.0
2	EO76	1	401	48	9093	18378	1632	31.49	30.0	32.0	31.49	30.0	32.0	1.0	1.0	1.0
2	EO76	2	72	9	1633	3302	306	23.714	20.0	28.0	23.714	20.0	28.0	1.0	1.0	1.0
2	EO76	3	16	2	363	734	68	13.613	10.0	18.0	13.613	10.0	18.0	1.0	1.0	1.0
2	EO76	4	9	1	204	412	34	10.232	7.0	14.0	10.232	7.0	14.0	1.0	1.0	1.0
2	EO76	5	5	0	113	226	0	7.627	5.0	11.0	7.627	5.0	11.0	1.0	1.0	1.0
38	EO61	0	228	23	4123	8338	782	29.938	27.0	32.0	29.935	27.0	32.0	0.9999021505376345	1.0	1.0
38	EO61	1	315	32	5697	11522	1088	31.069	29.0	32.0	31.069	29.0	32.0	1.0	1.0	1.0
