populationID	n_demes_2025	n_demes_2026	n_events_2025	n_events_2026	N_fert_2025	N_fert_2026	N_fert_total	mean_nfert_per_event_2025	mean_nfert_per_event_2026	crash_ratio_nfert	pred_diversity_2025	pred_diversity_2026	delta_diversity	diversity_CI_overlap	pred_pcompat_2025	pred_pcompat_2026	delta_pcompat	pcompat_CI_overlap	stable_across_years
1	11	28	14	61	548	1239	1787	39.142857142857146	20.311475409836067	2.260948905109489	31.873333333333335	32.0	0.1266666666666651	True	0.7789229629629629	0.775927037037037	-0.0029959259259259	True	True
2	4	4	9	27	152	1494	1646	16.88888888888889	55.333333333333336	9.828947368421053	28.173333333333332	32.0	3.826666666666668	False	0.7759733333333333	0.7793640740740743	0.0033907407407409	True	False
3	16	22	38	70	523	917	1440	13.763157894736842	13.1	1.7533460803059273	31.793333333333333	31.98	0.1866666666666674	True	0.7775066666666667	0.7800074074074075	0.0025007407407408	True	True
4	4	11	4	24	142	861	1003	35.5	35.875	6.063380281690141	27.773333333333333	31.993333333333332	4.219999999999999	False	0.7761955555555555	0.7789377777777777	0.0027422222222222	True	False
5	2	4	7	20	113	887	1000	16.142857142857142	44.35	7.849557522123894	26.206666666666667	31.98	5.773333333333333	False	0.7771062962962962	0.7760418518518518	-0.0010644444444444	True	False
6	9	26	15	82	156	720	876	10.4	8.78048780487805	4.615384615384615	28.246666666666663	31.946666666666665	3.6999999999999993	True	0.7755418518518519	0.7788348148148149	0.0032929629629629	True	True
7	1	7	5	12	324	424	748	64.8	35.333333333333336	1.308641975308642	31.053333333333335	31.526666666666667	0.4733333333333327	True	0.7780496296296295	0.7760307407407407	-0.0020188888888887	True	True
8	2	1	6	2	487	154	641	81.16666666666667	77.0	0.3162217659137577	31.74	28.113333333333333	-3.626666666666665	True	0.7778625925925926	0.7777174074074072	-0.0001451851851853	True	True
10	5	2	22	2	445	16	461	20.227272727272727	8.0	0.035955056179775284	31.72	13.3	-18.42	False	0.7762414814814815	0.7580481481481482	-0.0181933333333332	True	False
11	2	6	3	16	262	194	456	87.33333333333333	12.125	0.7404580152671756	30.406666666666663	29.16	-1.246666666666666	True	0.7750159259259259	0.7756903703703704	0.0006744444444444	True	True
12	4	5	17	11	182	251	433	10.705882352941176	22.818181818181817	1.379120879120879	28.973333333333333	30.326666666666668	1.3533333333333353	True	0.7778325925925925	0.7739170370370371	-0.0039155555555554	True	True
15	1	2	5	4	161	232	393	32.2	58.0	1.4409937888198758	28.473333333333333	30.12	1.6466666666666685	True	0.7759537037037036	0.7785288888888889	0.0025751851851852	True	True
16	3	7	11	14	67	248	315	6.090909090909091	17.714285714285715	3.701492537313433	22.793333333333333	30.286666666666665	7.493333333333332	False	0.773438888888889	0.7778022222222222	0.0043633333333331	True	False
17	2	2	5	2	216	44	260	43.2	22.0	0.2037037037037037	29.64666666666667	20.126666666666665	-9.520000000000003	False	0.777325925925926	0.7671992592592592	-0.0101266666666667	True	False
24	1	1	4	5	29	50	79	7.25	10.0	1.7241379310344827	17.72	21.14	3.4200000000000017	True	0.772878888888889	0.7735592592592593	0.0006803703703702	True	True
26	5	1	9	2	39	19	58	4.333333333333333	9.5	0.48717948717948717	19.546666666666667	14.633333333333333	-4.913333333333334	True	0.7723851851851852	0.7594207407407407	-0.0129644444444444	True	True
27	1	1	2	1	48	6	54	24.0	6.0	0.125	20.9	8.24	-12.659999999999998	False	0.7730092592592592	0.7292433333333335	-0.0437659259259257	True	False
31	1	1	1	2	2	27	29	2.0	13.5	13.5	4.6466666666666665	17.19333333333333	12.546666666666663	False	0.6538240740740741	0.7694607407407406	0.1156366666666665	True	False
33	2	2	4	3	10	16	26	2.5	5.333333333333333	1.6	10.72	13.34	2.619999999999999	True	0.7458855555555556	0.7593437037037036	0.013458148148148	True	True
34	2	1	6	1	23	3	26	3.8333333333333335	3.0	0.13043478260869565	16.0	5.826666666666667	-10.173333333333332	False	0.7656081481481481	0.6948274074074074	-0.0707807407407407	True	False
35	2	1	2	2	10	12	22	5.0	6.0	1.2	10.906666666666666	11.666666666666666	0.7599999999999998	True	0.7592411111111111	0.7524092592592592	-0.0068318518518519	True	True
43	1	1	1	1	1	2	3	1.0	2.0	2.0	2.8466666666666667	4.493333333333333	1.6466666666666665	True	0.4954248148148148	0.6316285185185185	0.1362037037037037	True	True
