HV_hypothesis	Cross_id	Mother	Father	Mother_test_allele	Father_test_allele	Mother_HV_synonymy_group	Father_HV_synonymy_group	Mother_functional_group	Father_functional_group	HV_distance	Functional_distance	HV_category	Functional_category	Category_changed	Functional_hypothesis	Hypothesis_changed	Discriminating	BL_pairing
H0	H0-001	Library001_barcode07	Library001_barcode16	Allele_046	Allele_046	Synonymy group 1	Synonymy group 1	FG001	FG001	0.0		Incompatible	Incompatible	False	H0	False	False	between-BL
H0	H0-002	Library001_barcode20	Library002_barcode46	Allele_018	Allele_018	Synonymy group 1	Synonymy group 1	FG002	FG002	0.0		Incompatible	Incompatible	False	H0	False	False	between-BL
H0	H0-003	Library001_barcode10	Library002_barcode57	Allele_039	Allele_039	Synonymy group 1	Synonymy group 1	FG006	FG006	0.0		Incompatible	Incompatible	False	H0	False	False	between-BL
H0	H0-004	Library005_barcode18	Library010_barcode49	Allele_016	Allele_016	Synonymy group 1	Synonymy group 1	FG012	FG012	0.0		Incompatible	Incompatible	False	H0	False	False	within-BL
H0	H0-005	Library002_barcode37	Library006_barcode63	Allele_040	Allele_040	Synonymy group 1	Synonymy group 1	FG001	FG001	0.0		Incompatible	Incompatible	False	H0	False	False	between-BL
H0	H0-006	Library001_barcode07	Library001_barcode20	Allele_046	Allele_018	Synonymy group 1	Synonymy group 1	FG001	FG002	0.0	0.0048309178743961	Incompatible	Synonymy_test	True	H2	True	True	between-BL
H0	H0-007	Library001_barcode07	Library001_barcode10	Allele_046	Allele_039	Synonymy group 1	Synonymy group 1	FG001	FG006	0.0	0.0048309178743961	Incompatible	Synonymy_test	True	H2	True	True	between-BL
H0	H0-008	Library001_barcode07	Library005_barcode18	Allele_046	Allele_016	Synonymy group 1	Synonymy group 1	FG001	FG012	0.0	0.0096618357487922	Incompatible	Synonymy_test	True	H2	True	True	between-BL
H0	H0-009	Library001_barcode07	Library002_barcode37	Allele_046	Allele_040	Synonymy group 1	Synonymy group 1	FG001	FG001	0.0	0.0	Incompatible	Incompatible	False	H0	False	False	between-BL
H0	H0-010	Library001_barcode07	Library004_barcode84	Allele_046	Allele_013	Synonymy group 1	Synonymy group 1	FG001	FG002	0.0	0.0048309178743961	Incompatible	Synonymy_test	True	H2	True	True	between-BL
H0	H0-011	Library001_barcode07	Library007_barcode80	Allele_046	Allele_017	Synonymy group 1	Synonymy group 1	FG001	FG001	0.0	0.0	Incompatible	Incompatible	False	H0	False	False	between-BL
H0	H0-012	Library001_barcode07	Library001_barcode04	Allele_046	Allele_020	Synonymy group 1	Synonymy group 1	FG001	FG004	0.0	0.0096618357487922	Incompatible	Synonymy_test	True	H2	True	True	any
H0	H0-013	Library001_barcode07	Library006_barcode47	Allele_046	Allele_028	Synonymy group 1	Synonymy group 1	FG001	FG002	0.0	0.0048309178743961	Incompatible	Synonymy_test	True	H2	True	True	between-BL
H0	H0-014	Library010_barcode08	Library010_barcode27	Allele_003	Allele_003	Synonymy group 2	Synonymy group 2	FG008	FG008	0.0		Incompatible	Incompatible	False	H0	False	False	within-BL
H0	H0-015	Library010_barcode08	Library001_barcode05	Allele_003	Allele_021	Synonymy group 2	Synonymy group 2	FG008	FG014	0.0	0.0096618357487922	Incompatible	Synonymy_test	True	H2	True	True	any
H1a	H1a-001	Library010_barcode26	Library010_barcode45	Allele_002	Allele_040	Isolated	Synonymy group 1	FG007	FG001	0.0366	0.0193236714975845	Compatible_within	Synonymy_test	True	H2	True	True	between-BL
H1a	H1a-002	Library010_barcode09	Library010_barcode18	Allele_002	Allele_046	Isolated	Synonymy group 1	FG007	FG001	0.0366	0.0193236714975845	Compatible_within	Synonymy_test	True	H2	True	True	within-BL
H1a	H1a-003	Library004_barcode89	Library010_barcode27	Allele_030	Allele_003	Isolated	Synonymy group 2	FG018	FG008	0.0366	0.0193236714975845	Compatible_within	Synonymy_test	True	H2	True	True	between-BL
H1a	H1a-004	Library002_barcode58	Library006_barcode66	Allele_018	Allele_042	Synonymy group 1	Synonymy group 2	FG002	FG023	0.0122	0.0144927536231884	Compatible_within	Synonymy_test	True	H2	True	True	between-BL
H1a	H1a-005	Library001_barcode05	Library008_barcode27	Allele_021	Allele_046	Synonymy group 2	Synonymy group 1	FG014	FG001	0.0122	0.0144927536231884	Compatible_within	Synonymy_test	True	H2	True	True	any
H1a	H1a-006	Library007_barcode71	Library010_barcode10	Allele_037	Allele_046	Isolated	Synonymy group 1	FG021	FG001	0.0122	0.0096618357487922	Compatible_within	Synonymy_test	True	H2	True	True	between-BL
H1a	H1a-007	Library010_barcode06	Library010_barcode15	Allele_052	Allele_046	Synonymy group 3	Synonymy group 1	FG030	FG001	0.0122	0.0144927536231884	Compatible_within	Synonymy_test	True	H2	True	True	within-BL
H1a	H1a-008	Library006_barcode43	Library008_barcode03	Allele_034	Allele_046	Synonymy group 1	Synonymy group 1	FG001	FG001	0.0	0.0	Compatible_within	Incompatible	True	H0	True	True	between-BL
H1a	H1a-009	Library006_barcode46	Library006_barcode51	Allele_035	Allele_046	Synonymy group 1	Synonymy group 1	FG001	FG001	0.0	0.0	Compatible_within	Incompatible	True	H0	True	True	within-BL
H1a	H1a-010	Library006_barcode47	Library008_barcode31	Allele_028	Allele_046	Synonymy group 1	Synonymy group 1	FG002	FG001	0.0	0.0048309178743961	Compatible_within	Synonymy_test	True	H2	True	True	between-BL
H1b	H1b-001	Library001_barcode06	Library008_barcode08	Allele_006	Allele_043+Allele_050	Synonymy group 1	Isolated+Isolated	FG003	?	0.5–1.0 (between Class I and Class II)		Compatible_cross	Compatible_cross	False	H1b	False	False	between-BL
H2	H2-001	Library001_barcode07	Library010_barcode08	Allele_046	Allele_003	Synonymy group 1	Synonymy group 2	FG001	FG008	0.0122	0.0144927536231884	Synonymy_test	Synonymy_test	False	H2	False	False	between-BL
H2	H2-002	Library001_barcode16	Library010_barcode09	Allele_046	Allele_002	Synonymy group 1	Isolated	FG001	FG007	0.0366	0.0193236714975845	Synonymy_test	Synonymy_test	False	H2	False	False	between-BL
H2	H2-003	Library010_barcode06	Library010_barcode57	Allele_052	Allele_046	Synonymy group 3	Synonymy group 1	FG030	FG001	0.0122	0.0144927536231884	Synonymy_test	Synonymy_test	False	H2	False	False	between-BL
H2	H2-004	Library001_barcode05	Library010_barcode26	Allele_021	Allele_002	Synonymy group 2	Isolated	FG014	FG007	0.0244	0.0144927536231884	Synonymy_test	Synonymy_test	False	H2	False	False	any
H2	H2-005	Library001_barcode05	Library010_barcode06	Allele_021	Allele_052	Synonymy group 2	Synonymy group 3	FG014	FG030	0.0244	0.0289855072463768	Synonymy_test	Synonymy_test	False	H2	False	False	any
H2	H2-006	Library007_barcode71	Library010_barcode06	Allele_037	Allele_052	Isolated	Synonymy group 3	FG021	FG030	0.0244	0.0241545893719806	Synonymy_test	Synonymy_test	False	H2	False	False	between-BL
H3	H3-001	Library010_barcode09	Library004_barcode82	Allele_002	Allele_031+Allele_019	Isolated	Isolated+Synonymy group 1	FG007	?	0.0365853658536585		Compatible_within	unknown	True	H3	False	True	within-BL
H3	H3-002	Library010_barcode09	Library004_barcode89	Allele_002	Allele_030	Isolated	Isolated	FG007	FG018	0.0609756097560975	0.0241545893719806	Compatible_within	Synonymy_test	True	H3	False	True	between-BL
H3	H3-003	Library010_barcode09	Library007_barcode83	Allele_002	Allele_030+Allele_023	Isolated	Isolated+Synonymy group 1	FG007	?	0.0365853658536585		Compatible_within	unknown	True	H3	False	True	between-BL
H3	H3-004	Library001_barcode04	Library002_barcode29	Allele_020	Allele_054+Allele_055	Synonymy group 1	Synonymy group 4+Synonymy group 2	FG004	?	0.0121951219512195		Compatible_within	unknown	True	H3	False	True	any
