bin	N_rep	K	M_mothers	cum_seeds	cum_draws	E_cov	E_alleles	sim_alleles_lo	sim_alleles_hi
1-2	2	2	1	29	31	0.9999999995343387	1.9999999990686774	2.0	2.0
1-2	2	2	2	58	62	1.0	2.0	2.0	2.0
1-2	2	2	3	87	93	1.0	2.0	2.0	2.0
1-2	2	2	4	116	124	1.0	2.0	2.0	2.0
1-2	2	2	5	145	155	1.0	2.0	2.0	2.0
1-2	2	2	6	174	186	1.0	2.0	2.0	2.0
1-2	2	2	7	203	217	1.0	2.0	2.0	2.0
1-2	2	2	8	232	248	1.0	2.0	2.0	2.0
1-2	2	2	9	261	279	1.0	2.0	2.0	2.0
1-2	2	2	10	290	310	1.0	2.0	2.0	2.0
1-2	2	2	11	319	341	1.0	2.0	2.0	2.0
1-2	2	2	12	348	372	1.0	2.0	2.0	2.0
1-2	2	2	13	377	403	1.0	2.0	2.0	2.0
1-2	2	2	14	406	434	1.0	2.0	2.0	2.0
1-2	2	2	15	435	465	1.0	2.0	2.0	2.0
1-2	2	2	16	464	496	1.0	2.0	2.0	2.0
1-2	2	2	17	493	527	1.0	2.0	2.0	2.0
1-2	2	2	18	522	558	1.0	2.0	2.0	2.0
1-2	2	2	19	551	589	1.0	2.0	2.0	2.0
1-2	2	2	20	580	620	1.0	2.0	2.0	2.0
1-2	2	2	21	609	651	1.0	2.0	2.0	2.0
1-2	2	2	22	638	682	1.0	2.0	2.0	2.0
1-2	2	2	23	667	713	1.0	2.0	2.0	2.0
1-2	2	2	24	696	744	1.0	2.0	2.0	2.0
1-2	2	2	25	725	775	1.0	2.0	2.0	2.0
1-2	2	2	26	754	806	1.0	2.0	2.0	2.0
1-2	2	2	27	783	837	1.0	2.0	2.0	2.0
1-2	2	2	28	812	868	1.0	2.0	2.0	2.0
1-2	2	2	29	841	899	1.0	2.0	2.0	2.0
1-2	2	2	30	870	930	1.0	2.0	2.0	2.0
3-5	4	6	1	29	31	0.9964893998057605	5.978936398834563	6.0	6.0
3-5	4	6	2	58	62	0.9999876756862762	5.999926054117657	6.0	6.0
3-5	4	6	3	87	93	0.9999999567342619	5.999999740405571	6.0	6.0
3-5	4	6	4	116	124	0.9999999998481113	5.999999999088668	6.0	6.0
3-5	4	6	5	145	155	0.9999999999994668	5.999999999996801	6.0	6.0
3-5	4	6	6	174	186	0.9999999999999981	5.9999999999999885	6.0	6.0
3-5	4	6	7	203	217	1.0	6.0	6.0	6.0
3-5	4	6	8	232	248	1.0	6.0	6.0	6.0
3-5	4	6	9	261	279	1.0	6.0	6.0	6.0
3-5	4	6	10	290	310	1.0	6.0	6.0	6.0
3-5	4	6	11	319	341	1.0	6.0	6.0	6.0
3-5	4	6	12	348	372	1.0	6.0	6.0	6.0
3-5	4	6	13	377	403	1.0	6.0	6.0	6.0
3-5	4	6	14	406	434	1.0	6.0	6.0	6.0
3-5	4	6	15	435	465	1.0	6.0	6.0	6.0
3-5	4	6	16	464	496	1.0	6.0	6.0	6.0
3-5	4	6	17	493	527	1.0	6.0	6.0	6.0
3-5	4	6	18	522	558	1.0	6.0	6.0	6.0
3-5	4	6	19	551	589	1.0	6.0	6.0	6.0
3-5	4	6	20	580	620	1.0	6.0	6.0	6.0
3-5	4	6	21	609	651	1.0	6.0	6.0	6.0
3-5	4	6	22	638	682	1.0	6.0	6.0	6.0
3-5	4	6	23	667	713	1.0	6.0	6.0	6.0
3-5	4	6	24	696	744	1.0	6.0	6.0	6.0
3-5	4	6	25	725	775	1.0	6.0	6.0	6.0
3-5	4	6	26	754	806	1.0	6.0	6.0	6.0
3-5	4	6	27	783	837	1.0	6.0	6.0	6.0
3-5	4	6	28	812	868	1.0	6.0	6.0	6.0
3-5	4	6	29	841	899	1.0	6.0	6.0	6.0
3-5	4	6	30	870	930	1.0	6.0	6.0	6.0
6-10	8	14	1	29	31	0.8994748301695618	12.592647622373864	11.0	14.0
6-10	8	14	2	58	62	0.9898946902305615	13.858525663227862	13.0	14.0
6-10	8	14	3	87	93	0.998984162019238	13.985778268269332	14.0	14.0
6-10	8	14	4	116	124	0.9998978827144637	13.99857035800249	14.0	14.0
6-10	8	14	5	145	155	0.9999897346425288	13.999856284995403	14.0	14.0
6-10	8	14	6	174	186	0.9999989680731969	13.999985553024757	14.0	14.0
6-10	8	14	7	203	217	0.9999998962653829	13.99999854771536	14.0	14.0
6-10	8	14	8	232	248	0.99999998957206	13.999999854008841	14.0	14.0
6-10	8	14	9	261	279	0.9999999989517295	13.999999985324214	14.0	14.0
6-10	8	14	10	290	310	0.9999999998946224	13.999999998524714	14.0	14.0
6-10	8	14	11	319	341	0.9999999999894069	13.999999999851697	14.0	14.0
6-10	8	14	12	348	372	0.9999999999989351	13.999999999985091	14.0	14.0
6-10	8	14	13	377	403	0.999999999999893	13.9999999999985	14.0	14.0
6-10	8	14	14	406	434	0.9999999999999892	13.999999999999849	14.0	14.0
6-10	8	14	15	435	465	0.9999999999999989	13.999999999999984	14.0	14.0
6-10	8	14	16	464	496	0.9999999999999999	13.999999999999998	14.0	14.0
6-10	8	14	17	493	527	1.0	14.0	14.0	14.0
6-10	8	14	18	522	558	1.0	14.0	14.0	14.0
6-10	8	14	19	551	589	1.0	14.0	14.0	14.0
6-10	8	14	20	580	620	1.0	14.0	14.0	14.0
6-10	8	14	21	609	651	1.0	14.0	14.0	14.0
6-10	8	14	22	638	682	1.0	14.0	14.0	14.0
6-10	8	14	23	667	713	1.0	14.0	14.0	14.0
6-10	8	14	24	696	744	1.0	14.0	14.0	14.0
6-10	8	14	25	725	775	1.0	14.0	14.0	14.0
6-10	8	14	26	754	806	1.0	14.0	14.0	14.0
6-10	8	14	27	783	837	1.0	14.0	14.0	14.0
6-10	8	14	28	812	868	1.0	14.0	14.0	14.0
6-10	8	14	29	841	899	1.0	14.0	14.0	14.0
6-10	8	14	30	870	930	1.0	14.0	14.0	14.0
11-20	16	30	1	29	31	0.650393870320443	19.511816109613292	16.0	23.0
11-20	16	30	2	58	62	0.8777755540904808	26.333266622714426	23.0	29.0
11-20	16	30	3	87	93	0.9572695845133447	28.71808753540034	26.0	30.0
11-20	16	30	4	116	124	0.985061184822111	29.55183554466333	28.0	30.0
11-20	16	30	5	145	155	0.99477729864366	29.8433189593098	29.0	30.0
11-20	16	30	6	174	186	0.9981741115923378	29.945223347770135	29.0	30.0
11-20	16	30	7	203	217	0.9993616582205704	29.980849746617114	30.0	30.0
11-20	16	30	8	232	248	0.9997768318010809	29.99330495403243	30.0	30.0
11-20	16	30	9	261	279	0.9999219790297084	29.997659370891252	30.0	30.0
11-20	16	30	10	290	310	0.9999727233905424	29.999181701716275	30.0	30.0
11-20	16	30	11	319	341	0.9999904639301368	29.999713917904103	30.0	30.0
11-20	16	30	12	348	372	0.9999966661315227	29.99989998394568	30.0	30.0
11-20	16	30	13	377	403	0.9999988344591448	29.999965033774345	30.0	30.0
11-20	16	30	14	406	434	0.9999995925197727	29.99998777559318	30.0	30.0
11-20	16	30	15	435	465	0.9999998575424148	29.999995726272445	30.0	30.0
11-20	16	30	16	464	496	0.999999950195955	29.99999850587865	30.0	30.0
11-20	16	30	17	493	527	0.9999999825882006	29.999999477646018	30.0	30.0
11-20	16	30	18	522	558	0.9999999939127282	29.999999817381845	30.0	30.0
11-20	16	30	19	551	589	0.9999999978718525	29.999999936155575	30.0	30.0
11-20	16	30	20	580	620	0.9999999992559866	29.999999977679597	30.0	30.0
11-20	16	30	21	609	651	0.9999999997398884	29.999999992196653	30.0	30.0
11-20	16	30	22	638	682	0.9999999999090634	29.999999997271903	30.0	30.0
11-20	16	30	23	667	713	0.999999999968208	29.99999999904624	30.0	30.0
11-20	16	30	24	696	744	0.9999999999888853	29.99999999966656	30.0	30.0
11-20	16	30	25	725	775	0.9999999999961142	29.99999999988343	30.0	30.0
11-20	16	30	26	754	806	0.9999999999986415	29.999999999959247	30.0	30.0
11-20	16	30	27	783	837	0.999999999999525	29.99999999998575	30.0	30.0
11-20	16	30	28	812	868	0.9999999999998339	29.99999999999502	30.0	30.0
11-20	16	30	29	841	899	0.9999999999999419	29.99999999999826	30.0	30.0
11-20	16	30	30	870	930	0.9999999999999797	29.99999999999939	30.0	30.0
21-50	36	32	1	29	31	0.6262655078644475	20.04049625166232	17.0	23.0
21-50	36	32	2	58	62	0.8603225293881807	27.53032094042178	24.0	30.0
21-50	36	32	3	87	93	0.9477977114581131	30.32952676665962	28.0	32.0
21-50	36	32	4	116	124	0.9804902042034843	31.375686534511498	30.0	32.0
21-50	36	32	5	145	155	0.9927085163763208	31.766672524042267	31.0	32.0
21-50	36	32	6	174	186	0.9972749210709896	31.912797474271667	31.0	32.0
21-50	36	32	7	203	217	0.998981544010437	31.967409408333985	31.0	32.0
21-50	36	32	8	232	248	0.9996193678679782	31.987819771775303	32.0	32.0
21-50	36	32	9	261	279	0.9998577446434483	31.995447828590347	32.0	32.0
21-50	36	32	10	290	310	0.9999468342665656	31.9982986965301	32.0	32.0
21-50	36	32	11	319	341	0.9999801301316159	31.99936416421171	32.0	32.0
21-50	36	32	12	348	372	0.9999925739448307	31.99976236623458	32.0	32.0
21-50	36	32	13	377	403	0.9999972246270428	31.99991118806537	32.0	32.0
21-50	36	32	14	406	434	0.9999989627473973	31.999966807916714	32.0	32.0
21-50	36	32	15	435	465	0.9999996123429253	31.99998759497361	32.0	32.0
21-50	36	32	16	464	496	0.9999998551191801	31.999995363813763	32.0	32.0
21-50	36	32	17	493	527	0.9999999458530403	31.99999826729729	32.0	32.0
21-50	36	32	18	522	558	0.9999999797634135	31.99999935242923	32.0	32.0
21-50	36	32	19	551	589	0.9999999924368896	31.99999975798047	32.0	32.0
21-50	36	32	20	580	620	0.9999999971734048	31.999999909548954	32.0	32.0
21-50	36	32	21	609	651	0.9999999989436039	31.999999966195325	32.0	32.0
21-50	36	32	22	638	682	0.9999999996051884	31.999999987366028	32.0	32.0
21-50	36	32	23	667	713	0.9999999998524453	31.999999995278248	32.0	32.0
21-50	36	32	24	696	744	0.9999999999448537	31.999999998235317	32.0	32.0
21-50	36	32	25	725	775	0.9999999999793899	31.999999999340478	32.0	32.0
21-50	36	32	26	754	806	0.9999999999922973	31.999999999753513	32.0	32.0
21-50	36	32	27	783	837	0.9999999999971212	31.999999999907878	32.0	32.0
21-50	36	32	28	812	868	0.9999999999989241	31.99999999996557	32.0	32.0
21-50	36	32	29	841	899	0.9999999999995979	31.999999999987132	32.0	32.0
21-50	36	32	30	870	930	0.9999999999998497	31.99999999999519	32.0	32.0
>50	126	32	1	29	31	0.6262655078644475	20.04049625166232	17.0	23.0
>50	126	32	2	58	62	0.8603225293881807	27.53032094042178	24.0	31.0
>50	126	32	3	87	93	0.9477977114581131	30.32952676665962	28.0	32.0
>50	126	32	4	116	124	0.9804902042034843	31.375686534511498	30.0	32.0
>50	126	32	5	145	155	0.9927085163763208	31.766672524042267	31.0	32.0
>50	126	32	6	174	186	0.9972749210709896	31.912797474271667	31.0	32.0
>50	126	32	7	203	217	0.998981544010437	31.967409408333985	31.0	32.0
>50	126	32	8	232	248	0.9996193678679782	31.987819771775303	32.0	32.0
>50	126	32	9	261	279	0.9998577446434483	31.995447828590347	32.0	32.0
>50	126	32	10	290	310	0.9999468342665656	31.9982986965301	32.0	32.0
>50	126	32	11	319	341	0.9999801301316159	31.99936416421171	32.0	32.0
>50	126	32	12	348	372	0.9999925739448307	31.99976236623458	32.0	32.0
>50	126	32	13	377	403	0.9999972246270428	31.99991118806537	32.0	32.0
>50	126	32	14	406	434	0.9999989627473973	31.999966807916714	32.0	32.0
>50	126	32	15	435	465	0.9999996123429253	31.99998759497361	32.0	32.0
>50	126	32	16	464	496	0.9999998551191801	31.999995363813763	32.0	32.0
>50	126	32	17	493	527	0.9999999458530403	31.99999826729729	32.0	32.0
>50	126	32	18	522	558	0.9999999797634135	31.99999935242923	32.0	32.0
>50	126	32	19	551	589	0.9999999924368896	31.99999975798047	32.0	32.0
>50	126	32	20	580	620	0.9999999971734048	31.999999909548954	32.0	32.0
>50	126	32	21	609	651	0.9999999989436039	31.999999966195325	32.0	32.0
>50	126	32	22	638	682	0.9999999996051884	31.999999987366028	32.0	32.0
>50	126	32	23	667	713	0.9999999998524453	31.999999995278248	32.0	32.0
>50	126	32	24	696	744	0.9999999999448537	31.999999998235317	32.0	32.0
>50	126	32	25	725	775	0.9999999999793899	31.999999999340478	32.0	32.0
>50	126	32	26	754	806	0.9999999999922973	31.999999999753513	32.0	32.0
>50	126	32	27	783	837	0.9999999999971212	31.999999999907878	32.0	32.0
>50	126	32	28	812	868	0.9999999999989241	31.99999999996557	32.0	32.0
>50	126	32	29	841	899	0.9999999999995979	31.999999999987132	32.0	32.0
>50	126	32	30	870	930	0.9999999999998497	31.99999999999519	32.0	32.0
