eventID	locationID	event_year	lat	lon	n_fertile	N_neighbor_events_10m	N_fertile_in_neighbors_10m	N_compatible_spatial_10m	K_spatial_10m	N_neighbor_events_25m	N_fertile_in_neighbors_25m	N_compatible_spatial_25m	K_spatial_25m	N_neighbor_events_50m	N_fertile_in_neighbors_50m	N_compatible_spatial_50m	K_spatial_50m
1	1	2025	43.7086	-116.3082	2	0	0	1	2	1	2	3	6	5	36	37	74
2	1	2025	43.7087	-116.308	2	0	0	1	2	3	14	15	30	6	36	37	74
3	1	2025	43.7088	-116.308	2	0	0	1	2	2	12	13	26	6	36	37	74
4	1	2025	43.7089	-116.3079	10	0	0	9	18	3	13	22	44	6	28	37	74
5	1	2025	43.7088	-116.3076	8	0	0	7	14	1	5	12	24	5	28	35	70
6	1	2025	43.7087	-116.3076	5	0	0	4	8	1	8	12	24	5	24	28	56
7	1	2025	43.7096	-116.3064	7	0	0	6	12	1	4	10	20	1	4	10	20
8	1	2025	43.7095	-116.3065	4	0	0	3	6	1	7	10	20	1	7	10	20
9	1	2025	43.7097	-116.3082	1	0	0	0	0	0	0	0	0	0	0	0	0
10	1	2025	43.7091	-116.308	9	0	0	8	16	1	10	18	36	4	22	30	60
11	1	2025	43.7082	-116.3082	17	0	0	16	32	0	0	16	32	1	2	18	36
12	2	2025	43.7364	-116.4391	14	0	0	13	26	0	0	13	26	0	0	13	26
14	2	2025	43.7365	-116.4398	27	0	0	26	52	4	78	104	208	9	320	346	692
15	2	2025	43.7366	-116.4399	7	1	48	54	108	4	78	84	168	10	327	333	666
16	2	2025	43.7366	-116.4398	48	2	29	76	152	3	56	103	206	10	305	352	704
17	2	2025	43.7366	-116.4399	22	1	48	69	138	4	78	99	198	10	327	348	696
18	2	2025	43.7367	-116.4401	2	1	2	3	6	5	38	39	78	13	377	378	756
19	2	2025	43.7367	-116.4402	2	1	2	3	6	4	209	210	420	13	377	378	756
20	2	2025	43.7371	-116.4405	19	0	0	18	36	1	22	40	80	3	29	47	94
21	2	2025	43.7371	-116.4405	3	0	0	2	4	1	22	24	48	3	29	31	62
22	2	2025	43.7369	-116.4406	22	0	0	21	42	3	23	44	88	9	257	278	556
23	2	2025	43.7366	-116.4404	200	1	3	202	404	5	33	232	464	13	179	378	756
24	2	2025	43.7367	-116.4404	6	0	0	5	10	6	229	234	468	13	351	356	712
25	2	2025	43.7367	-116.4406	1	0	0	0	0	4	231	231	462	10	279	279	558
26	2	2025	43.7366	-116.4405	3	1	200	202	404	4	228	230	460	10	284	286	572
27	2	2025	43.7365	-116.4404	21	0	0	20	40	4	210	230	460	13	358	378	756
28	2	2025	43.7365	-116.4401	1	0	0	0	0	7	98	98	196	12	356	356	712
29	2	2025	43.7364	-116.447	72	0	0	71	142	0	0	71	142	0	0	71	142
30	2	2025	43.7363	-116.44	17	0	0	16	32	1	1	17	34	9	330	346	692
31	2	2025	43.7378	-116.4376	9	1	3	11	22	1	3	11	22	1	3	11	22
32	2	2025	43.7378	-116.4376	4	1	3	6	12	1	3	6	12	1	3	6	12
33	2	2025	43.7378	-116.4375	3	2	13	15	30	2	13	15	30	2	13	15	30
82	3	2025	43.75335	-116.3583	4	0	0	3	6	0	0	3	6	1	1	4	8
83	3	2025	43.7536	-116.3578	1	0	0	0	0	0	0	0	0	2	8	8	16
84	3	2025	43.7534	-116.3576	4	0	0	3	6	0	0	3	6	1	1	4	8
85	3	2025	43.754	-116.3582	2	0	0	1	2	2	12	13	26	2	12	13	26
86	3	2025	43.7539	-116.3583	10	0	0	9	18	2	4	13	26	2	4	13	26
87	3	2025	43.754	-116.3584	2	0	0	1	2	2	12	13	26	2	12	13	26
88	4	2025	43.7958	-116.4762	18	0	0	17	34	3	11	28	56	3	11	28	56
89	4	2025	43.7959	-116.4761	3	2	8	10	20	3	26	28	56	3	26	28	56
90	4	2025	43.7959	-116.4762	4	1	3	6	12	2	21	24	48	2	21	24	48
91	4	2025	43.7959	-116.4762	4	1	3	6	12	2	21	24	48	2	21	24	48
92	2	2025	43.738	-116.4345	9	0	0	8	16	0	0	8	16	0	0	8	16
34	2	2025	43.738	-116.4345	5	0	0	4	8	0	0	4	8	0	0	4	8
35	13	2025	43.3282	-115.9239	220	0	0	219	438	1	200	419	838	1	200	419	838
36	13	2025	43.3284	-115.924	200	0	0	199	398	1	220	419	838	1	220	419	838
37	13	2025	43.3263	-115.9227	7	0	0	6	12	1	22	28	56	3	60	66	132
38	13	2025	43.3261	-115.9227	22	0	0	21	42	2	43	64	128	3	45	66	132
39	13	2025	43.326	-115.9226	36	0	0	35	70	1	22	57	114	3	31	66	132
40	13	2025	43.3264	-115.9224	2	0	0	1	2	0	0	1	2	3	65	66	132
41	6	2025	43.5077	-116.2802	100	0	0	99	198	1	122	221	442	2	146	245	490
42	6	2025	43.5078	-116.2802	122	0	0	121	242	1	100	221	442	2	124	245	490
43	6	2025	43.5079	-116.2797	24	0	0	23	46	0	0	23	46	4	300	323	646
44	6	2025	43.5082	-116.2798	66	0	0	65	130	0	0	65	130	1	24	89	178
45	6	2025	43.5077	-116.2792	12	0	0	11	22	0	0	11	22	1	24	35	70
46	6	2025	43.5095	-116.2943	98	0	0	97	194	0	0	97	194	0	0	97	194
47	6	2025	43.5098	-116.29137	27	0	0	26	52	0	0	26	52	0	0	26	52
72	6	2025	43.5080136	-116.2916169	11	0	0	10	20	0	0	10	20	0	0	10	20
73	6	2025	43.50883	-116.29118	6	0	0	5	10	0	0	5	10	0	0	5	10
48	5	2025	43.8877	-116.8068	19	0	0	18	36	0	0	18	36	1	29	47	94
49	5	2025	43.8875	-116.8066	29	0	0	28	56	0	0	28	56	1	19	47	94
74	7	2025	43.48766	-116.28665	22	0	0	21	42	0	0	21	42	1	76	97	194
75	7	2025	43.48739	-116.28657	76	0	0	75	150	0	0	75	150	1	22	97	194
56	8	2025	43.111	-115.6397	99	1	138	236	472	1	138	236	472	4	318	416	832
57	9	2025	43.3033	-116.1726	43	0	0	42	84	1	46	88	176	1	46	88	176
58	9	2025	43.3032	-116.1725	46	0	0	45	90	1	43	88	176	1	43	88	176
60	9	2025	43.304	-116.1712	173	0	0	172	344	0	0	172	344	0	0	172	344
206	10	2025	43.31241	-116.20013	6	1	12	17	34	1	12	17	34	2	137	142	284
50	12	2025	43.29771	-116.11689	56	0	0	55	110	0	0	55	110	0	0	55	110
51	11	2025	43.29833	-116.12323	53	1	32	84	168	1	32	84	168	1	32	84	168
52	11	2025	43.29837	-116.12316	32	1	53	84	168	1	53	84	168	1	53	84	168
53	11	2025	43.29126	-116.12132	38	0	0	37	74	0	0	37	74	0	0	37	74
54	11	2025	43.29568	-116.11922	97	0	0	96	192	0	0	96	192	0	0	96	192
55	11	2025	43.29509	-116.12046	59	0	0	58	116	1	57	115	230	1	57	115	230
62	11	2025	43.29498	-116.12065	57	0	0	56	112	1	59	115	230	1	59	115	230
63	11	2025	43.29454	-116.12128	35	0	0	34	68	0	0	34	68	0	0	34	68
121	18	2025	43.38647	-116.48792	6	0	0	5	10	0	0	5	10	0	0	5	10
122	18	2025	43.38791	-116.48896	5	0	0	4	8	0	0	4	8	1	35	39	78
123	18	2025	43.38811	-116.48923	35	0	0	34	68	0	0	34	68	2	17	51	102
124	18	2025	43.38833	-116.48955	12	0	0	11	22	0	0	11	22	1	35	46	92
93	15	2025	43.3914	-116.47729	5	0	0	4	8	2	11	15	30	4	17	21	42
78	15	2025	43.39133	-116.4772	6	0	0	5	10	3	12	17	34	4	16	21	42
79	15	2025	43.39119	-116.47715	2	0	0	1	2	2	10	11	22	5	28	29	58
80	15	2025	43.391	-116.47706	4	0	0	3	6	2	10	13	26	4	21	24	48
81	15	2025	43.39092	-116.4769	8	0	0	7	14	1	4	11	22	2	6	13	26
68	15	2025	43.39152	-116.47735	5	0	0	4	8	2	11	15	30	3	13	17	34
64	16	2025	43.38593	-116.47276	1	0	0	0	0	0	0	0	0	0	0	0	0
65	16	2025	43.3842	-116.47307	3	0	0	2	4	3	78	80	160	3	78	80	160
66	16	2025	43.3841	-116.47294	27	0	0	26	52	3	54	80	160	3	54	80	160
67	16	2025	43.38402	-116.473	23	1	28	50	100	3	58	80	160	3	58	80	160
69	16	2025	43.38404	-116.47309	28	1	23	50	100	3	53	80	160	3	53	80	160
70	16	2025	43.38259	-116.47329	12	0	0	11	22	0	0	11	22	0	0	11	22
94	30	2025	42.9951	-115.3742	49	0	0	48	96	1	63	111	222	1	63	111	222
76	17	2025	43.38641	-116.47958	150	0	0	149	298	0	0	149	298	2	8	157	314
77	17	2025	43.38618	-116.47973	5	0	0	4	8	0	0	4	8	2	153	157	314
95	17	2025	43.38612	-116.4794	3	0	0	2	4	0	0	2	4	2	155	157	314
96	17	2025	43.38647	-116.47859	16	1	7	22	44	2	35	50	100	3	36	51	102
97	17	2025	43.38645	-116.47847	7	1	16	22	44	2	44	50	100	3	45	51	102
98	17	2025	43.38633	-116.47855	28	0	0	27	54	3	24	51	102	3	24	51	102
99	17	2025	43.38617	-116.47863	1	0	0	0	0	1	28	28	56	3	51	51	102
100	17	2025	43.38733	-116.47857	5	0	0	4	8	0	0	4	8	1	9	13	26
101	17	2025	43.38738	-116.47888	9	0	0	8	16	0	0	8	16	1	5	13	26
102	17	2025	43.3877	-116.47943	11	0	0	10	20	0	0	10	20	1	4	14	28
103	17	2025	43.38776	-116.47992	4	0	0	3	6	0	0	3	6	1	11	14	28
104	17	2025	43.3872	-116.48011	2	0	0	1	2	1	1	2	4	1	1	2	4
105	17	2025	43.387	-116.47999	1	0	0	0	0	1	2	2	4	1	2	2	4
125	18	2025	43.38838	-116.49021	42	0	0	41	82	0	0	41	82	0	0	41	82
126	18	2025	43.39145	-116.48905	5	0	0	4	8	0	0	4	8	1	17	21	42
127	18	2025	43.39143	-116.48873	17	0	0	16	32	0	0	16	32	2	6	22	44
128	18	2025	43.39115	-116.48851	1	0	0	0	0	0	0	0	0	1	17	17	34
129	19	2025	43.39301	-116.48138	9	0	0	8	16	1	5	13	26	2	22	30	60
130	19	2025	43.39289	-116.4814	5	0	0	4	8	1	9	13	26	2	26	30	60
131	19	2025	43.39267	-116.48148	17	0	0	16	32	0	0	16	32	2	14	30	60
132	19	2025	43.39334	-116.48321	2	0	0	1	2	0	0	1	2	0	0	1	2
133	19	2025	43.39374	-116.48249	1	0	0	0	0	0	0	0	0	0	0	0	0
110	20	2025	43.40752	-116.49149	27	0	0	26	52	0	0	26	52	0	0	26	52
111	20	2025	43.40812	-116.49117	20	0	0	19	38	0	0	19	38	1	6	25	50
112	20	2025	43.40802	-116.49079	6	0	0	5	10	1	8	13	26	2	28	33	66
113	20	2025	43.4081	-116.49053	8	0	0	7	14	1	6	13	26	2	52	59	118
114	20	2025	43.40812	-116.49001	46	0	0	45	90	0	0	45	90	2	11	56	112
115	20	2025	43.40778	-116.48969	3	0	0	2	4	0	0	2	4	2	49	51	102
116	20	2025	43.40766	-116.48929	3	0	0	2	4	0	0	2	4	1	3	5	10
117	21	2025	43.40979	-116.4796	4	0	0	3	6	0	0	3	6	0	0	3	6
118	21	2025	43.41027	-116.47932	2	0	0	1	2	2	4	5	10	2	4	5	10
119	21	2025	43.41042	-116.47924	1	0	0	0	0	2	5	5	10	2	5	5	10
120	21	2025	43.41031	-116.47911	3	0	0	2	4	2	3	5	10	2	3	5	10
134	22	2025	43.43682	-116.41584	2	0	0	1	2	0	0	1	2	0	0	1	2
135	23	2025	43.43855	-116.42392	1	0	0	0	0	0	0	0	0	0	0	0	0
136	24	2025	43.43583	-116.43073	2	0	0	1	2	0	0	1	2	0	0	1	2
106	25	2025	43.44302	-116.43594	3	0	0	2	4	0	0	2	4	0	0	2	4
107	26	2025	43.8916	-116.7688	65	0	0	64	128	4	96	160	320	4	96	160	320
108	26	2025	43.8917	-116.7689	62	2	16	77	154	4	99	160	320	4	99	160	320
109	26	2025	43.8917	-116.769	8	1	62	69	138	3	145	152	304	3	145	152	304
138	26	2025	43.8917	-116.769	8	1	62	69	138	3	145	152	304	3	145	152	304
139	26	2025	43.8917	-116.7687	18	0	0	17	34	4	143	160	320	4	143	160	320
140	27	2025	43.00206	-115.42684	2	0	0	1	2	2	29	30	60	2	29	30	60
141	27	2025	43.00222	-115.42671	2	1	27	28	56	2	29	30	60	2	29	30	60
142	27	2025	43.00218	-115.42661	27	1	2	28	56	2	4	30	60	2	4	30	60
143	27	2025	43.00128	-115.42453	34	0	0	33	66	0	0	33	66	0	0	33	66
144	27	2025	43.0025	-115.42732	2	0	0	1	2	0	0	1	2	0	0	1	2
145	27	2025	43.00191	-115.42827	2	0	0	1	2	0	0	1	2	0	0	1	2
146	28	2025	43.00825	-115.42686	5	0	0	4	8	0	0	4	8	1	14	18	36
147	28	2025	43.00806	-115.42631	14	0	0	13	26	0	0	13	26	2	11	24	48
148	28	2025	43.00773	-115.42608	6	0	0	5	10	0	0	5	10	2	25	30	60
149	28	2025	43.00786	-115.42563	11	0	0	10	20	0	0	10	20	1	6	16	32
150	28	2025	43.00786	-115.42406	5	0	0	4	8	0	0	4	8	0	0	4	8
151	28	2025	43.00753	-115.42361	9	0	0	8	16	0	0	8	16	0	0	8	16
152	28	2025	43.00792	-115.42316	13	0	0	12	24	0	0	12	24	0	0	12	24
153	28	2025	43.0091	-115.42406	8	0	0	7	14	0	0	7	14	1	16	23	46
154	28	2025	43.00927	-115.42446	16	0	0	15	30	0	0	15	30	1	8	23	46
157	29	2025	43.02256	-115.4258	3	0	0	2	4	0	0	2	4	0	0	2	4
158	29	2025	43.02315	-115.42622	7	0	0	6	12	0	0	6	12	0	0	6	12
159	29	2025	43.02357	-115.42663	80	0	0	79	158	1	53	132	264	2	56	135	270
160	29	2025	43.02363	-115.42641	53	0	0	52	104	1	80	132	264	2	83	135	270
161	29	2025	43.024	-115.42649	3	0	0	2	4	0	0	2	4	3	135	137	274
162	29	2025	43.02417	-115.42679	2	0	0	1	2	0	0	1	2	1	3	4	8
163	29	2025	43.02516	-115.42771	1	0	0	0	0	2	3	3	6	2	3	3	6
164	29	2025	43.02503	-115.4275	2	1	1	2	4	2	2	3	6	2	2	3	6
155	29	2025	43.02507	-115.42748	1	1	2	2	4	2	3	3	6	2	3	3	6
156	30	2025	42.99548	-115.37229	14	0	0	13	26	0	0	13	26	1	1	14	28
165	30	2025	42.9958	-115.37237	1	0	0	0	0	0	0	0	0	1	14	14	28
166	30	2025	42.99489	-115.37416	63	0	0	62	124	1	49	111	222	1	49	111	222
190	31	2025	42.99676	-115.38323	4	0	0	3	6	4	48	51	102	6	78	81	162
189	31	2025	42.99685	-115.38333	18	0	0	17	34	4	37	54	108	6	64	81	162
188	31	2025	42.99695	-115.38334	2	0	0	1	2	4	53	54	108	7	93	94	188
187	31	2025	42.99733	-115.38325	13	0	0	12	24	0	0	12	24	3	47	59	118
186	31	2025	42.99724	-115.38277	26	0	0	25	50	0	0	25	50	3	43	68	136
185	31	2025	42.99699	-115.38279	11	0	0	10	20	1	19	29	58	7	97	107	214
184	31	2025	42.99696	-115.38308	19	0	0	18	36	5	59	77	154	8	102	120	240
167	31	2025	42.99686	-115.38311	12	0	0	11	22	5	59	70	140	6	70	81	162
168	31	2025	42.99679	-115.38296	16	0	0	15	30	3	35	50	100	6	66	81	162
169	32	2025	42.99733	-115.38876	3	0	0	2	4	3	24	26	52	5	41	43	86
170	32	2025	42.99723	-115.38891	12	1	8	19	38	2	11	22	44	5	32	43	86
171	32	2025	42.99715	-115.38886	8	1	12	19	38	4	28	35	70	5	36	43	86
172	32	2025	42.99716	-115.38858	4	0	0	3	6	4	28	31	62	5	40	43	86
173	32	2025	42.99706	-115.38859	9	1	8	16	32	3	20	28	56	5	35	43	86
197	32	2025	42.99703	-115.38852	8	1	9	16	32	2	13	20	40	5	36	43	86
196	32	2025	42.99692	-115.38787	9	0	0	8	16	0	0	8	16	0	0	8	16
195	32	2025	42.99831	-115.38988	8	0	0	7	14	0	0	7	14	0	0	7	14
194	33	2025	43.00148	-115.39563	3	0	0	2	4	1	1	3	6	1	1	3	6
193	33	2025	43.00146	-115.39586	1	0	0	0	0	1	3	3	6	1	3	3	6
192	33	2025	43.00211	-115.39554	1	0	0	0	0	0	0	0	0	0	0	0	0
191	34	2025	43.00136	-115.40081	16	0	0	15	30	1	5	20	40	2	8	23	46
202	34	2025	43.00155	-115.40092	5	1	3	7	14	2	19	23	46	2	19	23	46
201	34	2025	43.00162	-115.40095	3	1	5	7	14	1	5	7	14	2	21	23	46
200	34	2025	43.00207	-115.40178	1	0	0	0	0	0	0	0	0	0	0	0	0
199	34	2025	43.0006	-115.40017	5	0	0	4	8	1	4	8	16	1	4	8	16
198	34	2025	43.00047	-115.40026	4	0	0	3	6	1	5	8	16	1	5	8	16
211	35	2025	42.98347	-115.34891	7	0	0	6	12	0	0	6	12	0	0	6	12
212	35	2025	42.98386	-115.34953	11	0	0	10	20	0	0	10	20	0	0	10	20
213	35	2025	42.98448	-115.35125	4	0	0	3	6	0	0	3	6	0	0	3	6
214	36	2025	43.00971	-115.39637	4	0	0	3	6	0	0	3	6	1	31	34	68
215	36	2025	43.00959	-115.39672	31	0	0	30	60	0	0	30	60	2	8	38	76
216	36	2025	43.00974	-115.3972	4	0	0	3	6	1	4	7	14	2	35	38	76
217	36	2025	43.00974	-115.39739	4	0	0	3	6	1	4	7	14	1	4	7	14
210	8	2025	43.11061	-115.63949	142	0	0	141	282	2	38	179	358	4	275	416	832
209	8	2025	43.11063	-115.63965	30	1	8	37	74	2	150	179	358	4	387	416	832
208	8	2025	43.11058	-115.63971	8	1	30	37	74	2	172	179	358	4	409	416	832
207	8	2025	43.11096	-115.63967	138	1	99	236	472	1	99	236	472	4	279	416	832
218	10	2025	43.31237	-116.20012	12	1	6	17	34	1	6	17	34	2	131	142	284
219	10	2025	43.31266	-116.20037	125	0	0	124	248	0	0	124	248	2	18	142	284
220	10	2025	43.31277	-116.20187	14	0	0	13	26	1	59	72	144	1	59	72	144
137	10	2025	43.31284	-116.20168	59	0	0	58	116	1	14	72	144	1	14	72	144
174	12	2025	43.29693	-116.11611	2	0	0	1	2	0	0	1	2	0	0	1	2
175	12	2025	43.29955	-116.1171	7	0	0	6	12	0	0	6	12	0	0	6	12
176	12	2025	43.29857	-116.11256	6	0	0	5	10	0	0	5	10	1	1	6	12
177	12	2025	43.29709	-116.11104	11	0	0	10	20	0	0	10	20	0	0	10	20
178	12	2025	43.29762	-116.11159	94	0	0	93	186	0	0	93	186	0	0	93	186
179	12	2025	43.2983	-116.11273	1	0	0	0	0	0	0	0	0	1	6	6	12
180	37	2025	43.30553	-116.09935	80	0	0	79	158	0	0	79	158	0	0	79	158
181	37	2025	43.30573	-116.10022	67	0	0	66	132	0	0	66	132	1	80	146	292
182	37	2025	43.30555	-116.10052	80	0	0	79	158	0	0	79	158	1	67	146	292
183	37	2025	43.3066	-116.1026	88	0	0	87	174	0	0	87	174	0	0	87	174
203	37	2025	43.30628	-116.10322	11	0	0	10	20	0	0	10	20	1	21	31	62
204	37	2025	43.30637	-116.10352	21	0	0	20	40	0	0	20	40	1	11	31	62
205	37	2025	43.30391	-116.10362	28	0	0	27	54	0	0	27	54	0	0	27	54
221	37	2025	43.30495	-116.1007	20	0	0	19	38	0	0	19	38	0	0	19	38
222	38	2025	43.00294	-115.59106	87	0	0	86	172	1	6	92	184	3	60	146	292
223	38	2025	43.00294	-115.59081	6	0	0	5	10	1	87	92	184	6	222	227	454
224	38	2025	43.00315	-115.59061	26	0	0	25	50	0	0	25	50	3	101	126	252
225	38	2025	43.0028	-115.59036	8	0	0	7	14	2	68	75	150	5	133	140	280
226	38	2025	43.00267	-115.59057	28	2	73	100	200	3	81	108	216	5	174	201	402
227	38	2025	43.00259	-115.59053	33	2	68	100	200	2	68	100	200	4	82	114	228
228	38	2025	43.00263	-115.59046	40	2	61	100	200	3	69	108	216	4	75	114	228
229	38	2025	43.00179	-115.58997	17	1	28	44	88	2	175	191	382	3	193	209	418
230	38	2025	43.00173	-115.5899	28	1	17	44	88	2	164	191	382	4	225	252	504
231	38	2025	43.00157	-115.5896	18	0	0	17	34	2	190	207	414	5	286	303	606
232	38	2025	43.00164	-115.58983	147	0	0	146	292	3	63	209	418	5	157	303	606
233	38	2025	43.00138	-115.58962	43	1	51	93	186	2	69	111	222	5	255	297	594
234	38	2025	43.00132	-115.5896	51	1	43	93	186	1	43	93	186	4	219	269	538
235	38	2025	43.00114	-115.58983	11	0	0	10	20	0	0	10	20	2	94	104	208
236	39	2025	43.37069	-116.17637	6	0	0	5	10	0	0	5	10	0	0	5	10
237	39	2025	43.37084	-116.17833	4	0	0	3	6	0	0	3	6	0	0	3	6
238	40	2025	43.39782	-116.14375	7	0	0	6	12	0	0	6	12	0	0	6	12
