slickspotID	locationID	lat	lon	n_fertile_2025	n_fertile_2026	n_events_2025	n_events_2026	both_years	populationID	locationCode
1	1	43.7086	-116.3082	2	0	1	0	False	16	EO38
2	1	43.7087	-116.308	2	0	1	0	False	16	EO38
3	1	43.708864999999996	-116.30793750000001	12	31	2	2	True	16	EO38
4	1	43.7088	-116.3076	8	0	1	0	False	16	EO38
5	1	43.7087	-116.3076	5	0	1	0	False	16	EO38
6	1	43.7095175	-116.306465	11	7	2	2	True	16	EO38
7	1	43.70966	-116.30818	1	59	1	1	True	16	EO38
8	1	43.7091	-116.308	9	0	1	0	False	16	EO38
9	1	43.7082	-116.3082	17	0	1	0	False	16	EO38
10	1	43.71078	-116.30903	0	1	0	1	False	16	EO38
11	1	43.7076	-116.30922	0	17	0	1	False	16	EO38
12	1	43.7084	-116.30975	0	2	0	1	False	16	EO38
13	1	43.70825	-116.30014	0	6	0	1	False	40	EO38
14	1	43.70887	-116.30772	0	76	0	1	False	16	EO38
15	1	43.70522	-116.30746	0	2	0	1	False	16	EO38
16	1	43.70919	-116.30646	0	1	0	1	False	16	EO38
17	1	43.70908	-116.30654	0	26	0	2	False	16	EO38
18	1	43.70901	-116.30704	0	26	0	1	False	16	EO38
19	2	43.7364	-116.4391	14	0	1	0	False	10	EO76
20	2	43.7365	-116.4398	27	0	1	0	False	10	EO76
21	2	43.7366	-116.43986666666667	77	0	3	0	False	10	EO76
22	2	43.7367	-116.44015	4	0	2	0	False	10	EO76
23	2	43.7371	-116.4405	19	0	1	0	False	10	EO76
24	2	43.7371	-116.4405	3	0	1	0	False	10	EO76
25	2	43.7369	-116.4406	22	0	1	0	False	10	EO76
26	2	43.7366	-116.44045	203	0	2	0	False	10	EO76
27	2	43.7367	-116.4404	6	0	1	0	False	10	EO76
28	2	43.7367	-116.4406	1	0	1	0	False	10	EO76
29	2	43.7365	-116.4404	21	0	1	0	False	10	EO76
30	2	43.7365	-116.4401	1	0	1	0	False	10	EO76
31	2	43.7364	-116.447	72	0	1	0	False	25	EO76
32	2	43.7363	-116.44	17	0	1	0	False	10	EO76
33	2	43.737795000000006	-116.43758	16	3	3	1	True	10	EO76
34	2	43.738	-116.4345	9	0	1	0	False	10	EO76
35	2	43.738	-116.4345	5	0	1	0	False	10	EO76
36	2	43.7368	-116.44047	0	13	0	1	False	10	EO76
37	3	43.75335	-116.3583	4	0	1	0	False	34	EO52
38	3	43.7536	-116.3578	1	0	1	0	False	34	EO52
39	3	43.7534	-116.3576	4	0	1	0	False	34	EO52
40	3	43.754	-116.3582	2	0	1	0	False	34	EO52
41	3	43.7539	-116.3583	10	0	1	0	False	34	EO52
42	3	43.754	-116.3584	2	0	1	0	False	34	EO52
43	3	43.7515	-116.3579	0	3	0	1	False	34	EO52
44	4	43.7958675	-116.47617625000001	29	50	4	4	True	24	EO118
45	4	43.79603	-116.47643	0	0	0	1	False	24	EO118
46	5	43.8877115	-116.8067665	19	6	1	1	True	27	EO68-3
47	5	43.8875	-116.8066	29	0	1	0	False	27	EO68-3
48	5	43.88154	-116.806559	0	17	0	1	False	37	EO68-3
49	6	43.5077825	-116.2801875	222	155	2	2	True	7	EO32
50	6	43.5079	-116.2797	24	0	1	0	False	7	EO32
51	6	43.5082	-116.2798	66	0	1	0	False	7	EO32
52	6	43.5077	-116.2792	12	0	1	0	False	7	EO32
53	6	43.509505000000004	-116.294295	98	54	1	1	True	4	EO32
54	6	43.5098	-116.29137	27	0	1	0	False	4	EO32
55	6	43.5080136	-116.2916169	11	0	1	0	False	4	EO32
56	6	43.508826666666664	-116.29118333333334	6	8	1	2	True	4	EO32
57	6	43.50803	-116.27983	0	19	0	1	False	7	EO32
58	6	43.5087	-116.27979	0	93	0	1	False	7	EO32
59	6	43.50833	-116.27986	0	24	0	1	False	7	EO32
60	6	43.50899	-116.27942	0	18	0	1	False	7	EO32
61	6	43.50973	-116.27943	0	1	0	1	False	7	EO32
62	6	43.50987	-116.2788	0	12	0	1	False	7	EO32
63	6	43.50901	-116.27835	0	14	0	1	False	7	EO32
64	6	43.506	-116.28208	0	86	0	1	False	7	EO32
65	6	43.50553	-116.28252	0	1	0	1	False	7	EO32
66	6	43.50867	-116.28128	0	1	0	1	False	7	EO32
67	6	43.50713	-116.29388	0	1	0	1	False	4	EO32
68	6	43.5085	-116.29119	0	4	0	1	False	4	EO32
69	6	43.5094	-116.29168	0	9	0	1	False	4	EO32
70	6	43.509436666666666	-116.29325999999999	0	33	0	3	False	4	EO32
71	6	43.50937	-116.29364	0	72	0	3	False	4	EO32
72	6	43.50887	-116.29474	0	7	0	1	False	4	EO32
73	6	43.50848	-116.29391	0	3	0	1	False	4	EO32
74	6	43.50756	-116.29244	0	147	0	1	False	4	EO32
75	6	43.50727	-116.29187666666667	0	102	0	3	False	4	EO32
76	6	43.507189999999994	-116.2915	0	292	0	2	False	4	EO32
77	6	43.50932	-116.29023	0	86	0	1	False	4	EO32
78	6	43.51148	-116.289	0	36	0	1	False	4	EO32
79	6	43.51136	-116.2896	0	3	0	1	False	4	EO32
80	6	43.5113	-116.28892	0	4	0	1	False	4	EO32
81	7	43.48766	-116.28665	22	0	1	0	False	22	EO48
82	7	43.48739	-116.28657	76	0	1	0	False	22	EO48
83	8	43.11098	-115.639685	237	0	2	0	False	13	EO29
84	8	43.11061	-115.63949	142	0	1	0	False	13	EO29
85	8	43.110605	-115.63968	38	0	2	0	False	13	EO29
86	9	43.3033	-116.1726	43	0	1	0	False	11	EO27
87	9	43.3032	-116.1725	46	0	1	0	False	11	EO27
88	9	43.304	-116.1712	173	0	1	0	False	11	EO27
89	9	43.301667	-116.174043	0	2	0	1	False	11	EO27
90	9	43.301938	-116.17404	0	7	0	1	False	11	EO27
91	9	43.301077	-116.173992	0	1	0	1	False	11	EO27
92	9	43.3079886	-116.1744158	0	4	0	1	False	41	EO27
93	9	43.30303716666666	-116.17384826666667	0	24	0	3	False	11	EO27
94	9	43.3033317	-116.1738653	0	3	0	1	False	11	EO27
95	9	43.3030063	-116.1722935	0	18	0	1	False	11	EO27
96	9	43.3007309	-116.1732467	0	1	0	1	False	11	EO27
97	9	43.2982662	-116.1741999	0	1	0	1	False	11	EO27
98	9	43.2981459	-116.1743135	0	13	0	1	False	11	EO27
99	9	43.298293	-116.17467	0	32	0	1	False	11	EO27
100	9	43.298181	-116.173876	0	6	0	2	False	11	EO27
101	9	43.29775	-116.173773	0	6	0	1	False	11	EO27
102	9	43.2980627	-116.1741455	0	80	0	1	False	11	EO27
103	9	43.2946103	-116.1661794	0	18	0	1	False	21	EO27
104	9	43.2945879	-116.166057	0	26	0	1	False	21	EO27
105	9	43.2942765	-116.1660141	0	2	0	1	False	21	EO27
106	9	43.2941506	-116.1660067	0	9	0	1	False	21	EO27
107	9	43.2941496	-116.1653939	0	15	0	1	False	21	EO27
108	9	43.2940002	-116.1653838	0	11	0	1	False	21	EO27
109	9	43.2939122	-116.1652916	0	22	0	1	False	21	EO27
110	10	43.312392666666675	-116.20012826666668	18	8	2	1	True	17	EO27-3
111	10	43.31266	-116.20037	125	0	1	0	False	17	EO27-3
112	10	43.31277	-116.20187	14	0	1	0	False	17	EO27-3
113	10	43.31284	-116.20168	59	0	1	0	False	17	EO27-3
114	10	43.317651	-116.200368	0	36	0	1	False	17	EO27-3
115	11	43.29834999999999	-116.12320600000001	85	101	2	3	True	1	EO27-1
116	11	43.29126	-116.12132	38	0	1	0	False	1	EO27-1
117	11	43.29566	-116.11925	97	70	1	1	True	1	EO27-1
118	11	43.29509	-116.12046	59	0	1	0	False	1	EO27-1
119	11	43.29498	-116.12065	57	0	1	0	False	1	EO27-1
120	11	43.29454	-116.12128	35	0	1	0	False	1	EO27-1
121	11	43.29721	-116.12112	0	13	0	1	False	1	EO27-1
122	11	43.29805	-116.1237	0	7	0	1	False	1	EO27-1
123	11	43.29778	-116.12274	0	1	0	1	False	1	EO27-1
124	11	43.2975	-116.12177	0	2	0	1	False	1	EO27-1
125	11	43.29746	-116.12248	0	7	0	1	False	1	EO27-1
126	11	43.29762	-116.122715	0	10	0	2	False	1	EO27-1
127	11	43.29775	-116.12346	0	4	0	1	False	1	EO27-1
128	11	43.2972	-116.12343	0	45	0	1	False	1	EO27-1
129	11	43.29722	-116.12362	0	6	0	1	False	1	EO27-1
130	11	43.2964	-116.1217	0	34	0	1	False	1	EO27-1
131	11	43.296	-116.12146	0	9	0	1	False	1	EO27-1
132	11	43.29613	-116.12042	0	1	0	1	False	1	EO27-1
133	11	43.296025	-116.12038000000001	0	4	0	2	False	1	EO27-1
134	11	43.29538	-116.11911	0	22	0	1	False	1	EO27-1
135	11	43.29297	-116.11737	0	17	0	1	False	1	EO27-1
136	11	43.29317	-116.11787	0	15	0	1	False	1	EO27-1
137	11	43.29335	-116.11814	0	103	0	1	False	1	EO27-1
138	11	43.2929	-116.11971	0	3	0	1	False	1	EO27-1
139	11	43.29318	-116.1198	0	48	0	1	False	1	EO27-1
140	11	43.29324	-116.12054	0	173	0	1	False	1	EO27-1
141	11	43.29301	-116.12056	0	88	0	1	False	1	EO27-1
142	11	43.2923	-116.12058	0	1	0	1	False	1	EO27-1
143	12	43.29771	-116.11689	56	0	1	0	False	1	EO27RT
144	12	43.29691333333334	-116.1161	2	6	1	2	True	1	EO27RT
145	12	43.29955	-116.1171	7	0	1	0	False	1	EO27RT
146	12	43.29855333333334	-116.11258300000001	6	15	1	2	True	1	EO27RT
147	12	43.297129999999996	-116.11105	11	1	1	1	True	1	EO27RT
148	12	43.29762	-116.11159	94	0	1	0	False	1	EO27RT
149	12	43.29826	-116.11275	1	11	1	1	True	1	EO27RT
150	12	43.29798	-116.11648	0	7	0	1	False	1	EO27RT
151	12	43.29726	-116.11639	0	91	0	1	False	1	EO27RT
152	12	43.2974	-116.11641	0	7	0	1	False	1	EO27RT
153	12	43.29737	-116.11391	0	1	0	1	False	1	EO27RT
154	12	43.29243	-116.11436	0	1	0	1	False	1	EO27RT
155	12	43.29725	-116.11531	0	62	0	1	False	1	EO27RT
156	12	43.29717	-116.11555	0	7	0	1	False	1	EO27RT
157	12	43.29718	-116.1154	0	1	0	1	False	1	EO27RT
158	12	43.29669	-116.11579	0	62	0	1	False	1	EO27RT
159	12	43.29675	-116.11518	0	2	0	1	False	1	EO27RT
160	12	43.29577	-116.11453	0	24	0	1	False	1	EO27RT
161	12	43.29712	-116.11404	0	13	0	1	False	1	EO27RT
162	12	43.29808	-116.11274	0	4	0	1	False	1	EO27RT
163	12	43.29786	-116.11142	0	2	0	1	False	1	EO27RT
164	12	43.2975	-116.11503	0	17	0	1	False	1	EO27RT
165	12	43.29769	-116.11609	0	31	0	1	False	1	EO27RT
166	12	43.29806	-116.11731	0	7	0	1	False	1	EO27RT
167	12	43.3001434	-116.11739095	0	14	0	2	False	1	EO27RT
168	12	43.30002	-116.116326	0	15	0	1	False	1	EO27RT
169	12	43.299165	-116.113279	0	1	0	1	False	1	EO27RT
170	12	43.291079	-116.113166	0	2	0	1	False	1	EO27RT
171	12	43.300811	-116.115171	0	2	0	1	False	1	EO27RT
172	12	43.300566	-116.115549	0	5	0	1	False	1	EO27RT
173	12	43.300127	-116.115427	0	10	0	1	False	1	EO27RT
174	12	43.302532	-116.116482	0	0	0	1	False	1	EO27RT
175	12	43.30274	-116.117911	0	34	0	1	False	1	EO27RT
176	13	43.3282	-115.9239	220	0	1	0	False	8	EO30-1
177	13	43.3284	-115.924	200	0	1	0	False	8	EO30-1
178	13	43.3263	-115.9227	7	0	1	0	False	8	EO30-1
179	13	43.3261	-115.9227	22	0	1	0	False	8	EO30-1
180	13	43.326	-115.9226	36	0	1	0	False	8	EO30-1
181	13	43.3264	-115.9224	2	0	1	0	False	8	EO30-1
182	13	43.32877	-115.92382	0	96	0	1	False	8	EO30-1
183	13	43.32848	-115.92413	0	58	0	1	False	8	EO30-1
184	15	43.3914	-116.47729	5	0	1	0	False	3	EO18-7
185	15	43.39133	-116.4772	6	0	1	0	False	3	EO18-7
186	15	43.39119	-116.47715	2	0	1	0	False	3	EO18-7
187	15	43.391	-116.47706	4	0	1	0	False	3	EO18-7
188	15	43.39092	-116.4769	8	0	1	0	False	3	EO18-7
189	15	43.39152	-116.47735	5	0	1	0	False	3	EO18-7
190	16	43.38593	-116.47276	1	0	1	0	False	3	EO18-7
191	16	43.3842	-116.47307	3	0	1	0	False	3	EO18-7
192	16	43.3841	-116.47294	27	0	1	0	False	3	EO18-7
193	16	43.384029999999996	-116.473045	51	0	2	0	False	3	EO18-7
194	16	43.38259	-116.47329	12	0	1	0	False	3	EO18-7
195	16	43.38164	-116.481	0	9	0	1	False	3	EO18-7
196	16	43.383	-116.4783	0	33	0	1	False	3	EO18-7
197	16	43.38206	-116.48069	0	0	0	1	False	3	EO18-7
198	16	43.3819	-116.480835	0	2	0	2	False	3	EO18-7
199	16	43.38209	-116.48094	0	47	0	1	False	3	EO18-7
200	16	43.38201	-116.4812	0	17	0	1	False	3	EO18-7
201	16	43.38215	-116.48155	0	51	0	1	False	3	EO18-7
202	16	43.3824	-116.48167	0	6	0	1	False	3	EO18-7
203	16	43.38264	-116.48176	0	1	0	1	False	3	EO18-7
204	16	43.38286	-116.48187	0	26	0	2	False	3	EO18-7
205	16	43.383	-116.4817	0	86	0	1	False	3	EO18-7
206	16	43.38323	-116.48204	0	6	0	1	False	3	EO18-7
207	16	43.3819	-116.48192	0	3	0	1	False	3	EO18-7
208	16	43.38361	-116.48191	0	0	0	1	False	3	EO18-7
209	16	43.38382	-116.48172	0	12	0	1	False	3	EO18-7
210	16	43.38456	-116.48148	0	5	0	1	False	3	EO18-7
211	16	43.383435000000006	-116.48281	0	5	0	2	False	3	EO18-7
212	16	43.38313	-116.48311	0	24	0	1	False	3	EO18-7
213	16	43.38791	-116.48317	0	3	0	1	False	3	EO18-7
214	16	43.3836	-116.47328	0	26	0	1	False	3	EO18-7
215	16	43.38245	-116.46789	0	2	0	1	False	3	EO18-7
216	16	43.385711	-116.47708	0	1	0	1	False	3	EO18-7
217	17	43.386435	-116.47954	150	5	1	1	True	3	EO18-7
218	17	43.38618	-116.47973	5	0	1	0	False	3	EO18-7
219	17	43.38612	-116.4794	3	0	1	0	False	3	EO18-7
220	17	43.386478	-116.47854600000001	23	22	2	3	True	3	EO18-7
221	17	43.38633	-116.47855	28	0	1	0	False	3	EO18-7
222	17	43.3861725	-116.478545	1	12	1	3	True	3	EO18-7
223	17	43.38733	-116.47857	5	0	1	0	False	3	EO18-7
224	17	43.38738	-116.47888	9	0	1	0	False	3	EO18-7
225	17	43.3877	-116.47943	11	0	1	0	False	3	EO18-7
226	17	43.38775	-116.4799325	4	28	1	3	True	3	EO18-7
227	17	43.3872	-116.48011	2	0	1	0	False	3	EO18-7
228	17	43.387	-116.47999	1	0	1	0	False	3	EO18-7
229	17	43.38642	-116.47558	0	69	0	1	False	3	EO18-7
230	17	43.38641	-116.47974	0	0	0	1	False	3	EO18-7
231	17	43.38641	-116.47916	0	19	0	1	False	3	EO18-7
232	17	43.38636	-116.42877	0	6	0	1	False	38	EO18-7
233	17	43.38629	-116.47876	0	19	0	1	False	3	EO18-7
234	17	43.38676	-116.47854	0	52	0	1	False	3	EO18-7
235	17	43.38651	-116.42839	0	8	0	1	False	38	EO18-7
236	17	43.38698	-116.47976	0	18	0	1	False	3	EO18-7
237	17	43.38704	-116.47986	0	3	0	1	False	3	EO18-7
238	17	43.3876	-116.47984	0	0	0	1	False	3	EO18-7
239	17	43.38717	-116.47977	0	0	0	1	False	3	EO18-7
240	17	43.38762	-116.48	0	2	0	1	False	3	EO18-7
241	17	43.38797	-116.48209	0	50	0	1	False	3	EO18-7
242	17	43.3876	-116.47953	0	0	0	1	False	3	EO18-7
243	17	43.38829	-116.47729	0	3	0	1	False	3	EO18-7
244	17	43.3886	-116.47892	0	0	0	1	False	3	EO18-7
245	17	43.38751	-116.48751	0	15	0	1	False	3	EO18-7
246	17	43.39663	-116.48255	0	2	0	1	False	3	EO18-7
247	17	43.38663	-116.48713	0	2	0	1	False	3	EO18-7
248	18	43.386465	-116.487915	6	3	1	1	True	3	EO18-8
249	18	43.38791	-116.48896	5	0	1	0	False	3	EO18-8
250	18	43.38811	-116.48923	35	0	1	0	False	3	EO18-8
251	18	43.388345	-116.48955	12	19	1	1	True	3	EO18-8
252	18	43.38841	-116.49023	42	7	1	1	True	3	EO18-8
253	18	43.39145	-116.48905	5	0	1	0	False	3	EO18-8
254	18	43.39143	-116.48873	17	0	1	0	False	3	EO18-8
255	18	43.39115	-116.48851	1	0	1	0	False	3	EO18-8
256	18	43.3865	-116.48804	0	0	0	1	False	3	EO18-8
257	18	43.38639	-116.48857	0	5	0	1	False	3	EO18-8
258	18	43.38659	-116.48838	0	2	0	1	False	3	EO18-8
259	18	43.3865	-116.48827	0	6	0	1	False	3	EO18-8
260	18	43.38824	-116.48966	0	11	0	1	False	3	EO18-8
261	18	43.38816	-116.4898	0	5	0	1	False	3	EO18-8
262	18	43.388365	-116.489735	0	12	0	2	False	3	EO18-8
263	18	43.38857	-116.48993	0	4	0	1	False	3	EO18-8
264	18	43.38848	-116.48782	0	2	0	1	False	3	EO18-8
265	18	43.39176	-116.48829	0	11	0	1	False	3	EO18-8
266	18	43.39192	-116.48832	0	1	0	1	False	3	EO18-8
267	18	43.39183	-116.4881	0	52	0	1	False	3	EO18-8
268	18	43.39204	-116.488	0	89	0	1	False	3	EO18-8
269	19	43.39301	-116.48138	9	0	1	0	False	3	EO18-7
270	19	43.39289	-116.4814	5	0	1	0	False	3	EO18-7
271	19	43.39267	-116.48148	17	0	1	0	False	3	EO18-7
272	19	43.39334	-116.48321	2	0	1	0	False	3	EO18-7
273	19	43.39374	-116.48249	1	0	1	0	False	3	EO18-7
274	19	43.39302	-116.48241	0	2	0	1	False	3	EO18-7
275	20	43.407515000000004	-116.491485	27	1	1	1	True	5	EO25-A
276	20	43.40812	-116.49117	20	0	1	0	False	5	EO25-A
277	20	43.40799666666666	-116.49082166666669	6	302	1	5	True	5	EO25-A
278	20	43.4081	-116.49053	8	0	1	0	False	5	EO25-A
279	20	43.40812	-116.49001	46	0	1	0	False	5	EO25-A
280	20	43.40778	-116.48969	3	0	1	0	False	5	EO25-A
281	20	43.40766	-116.48929	3	0	1	0	False	5	EO25-A
282	20	43.406995	-116.49198	0	15	0	2	False	5	EO25-A
283	20	43.40675	-116.49181	0	9	0	1	False	5	EO25-A
284	20	43.40681	-116.49146	0	19	0	1	False	5	EO25-A
285	20	43.407874285714286	-116.49050285714284	0	215	0	7	False	5	EO25-A
286	20	43.40781	-116.49003	0	271	0	1	False	5	EO25-A
287	20	43.40764	-116.4898	0	34	0	1	False	5	EO25-A
288	20	43.40675	-116.48936	0	21	0	1	False	5	EO25-A
289	21	43.40979	-116.4796	4	0	1	0	False	33	EO25-B
290	21	43.41027	-116.47932	2	0	1	0	False	33	EO25-B
291	21	43.41042	-116.47924	1	0	1	0	False	33	EO25-B
292	21	43.41031	-116.47911	3	0	1	0	False	33	EO25-B
293	21	43.41021	-116.47911	0	1	0	1	False	33	EO25-B
294	21	43.4104	-116.47937	0	11	0	1	False	33	EO25-B
295	21	43.40963	-116.47977	0	4	0	1	False	33	EO25-B
296	22	43.43682	-116.41584	2	0	1	0	False	44	EO24-1
297	23	43.43858	-116.423935	1	2	1	1	True	43	EO24-2
298	24	43.43583	-116.43073	2	0	1	0	False	31	EO24
299	24	43.43583	-116.43073	0	26	0	1	False	31	EO24
300	24	43.43622	-116.43089	0	1	0	1	False	31	EO24
301	25	43.44302	-116.43594	3	0	1	0	False	42	EO24-7
302	26	43.8916	-116.7688	65	0	1	0	False	15	EO70
303	26	43.891707399999994	-116.76893020000003	78	187	3	2	True	15	EO70
304	26	43.8917	-116.7687	18	0	1	0	False	15	EO70
305	26	43.8969	-116.768997	0	9	0	1	False	15	EO70
306	26	43.89663	-116.768659	0	36	0	1	False	15	EO70
307	27	43.00206	-115.42684	2	0	1	0	False	6	EO8
308	27	43.0022	-115.42666	29	0	2	0	False	6	EO8
309	27	43.00128	-115.42453499999999	34	15	1	1	True	6	EO8
310	27	43.0025	-115.42732	2	0	1	0	False	6	EO8
311	27	43.00191	-115.42827	2	0	1	0	False	6	EO8
312	27	43.00015	-115.42734	0	6	0	1	False	6	EO8
313	27	43.00084	-115.42733	0	5	0	1	False	6	EO8
314	27	43.00029	-115.42499	0	1	0	1	False	6	EO8
315	27	42.99456	-115.41877	0	1	0	1	False	6	EO8
316	27	42.998	-115.42225	0	3	0	1	False	6	EO8
317	27	42.99932	-115.42549	0	6	0	1	False	6	EO8
318	27	43.00006	-115.42635	0	1	0	1	False	6	EO8
319	27	43.00186	-115.42704	0	1	0	1	False	6	EO8
320	28	43.00825	-115.42686	5	0	1	0	False	6	EO8
321	28	43.008055	-115.42629	14	8	1	1	True	6	EO8
322	28	43.007715000000005	-115.426085	6	9	1	1	True	6	EO8
323	28	43.00786	-115.42563	11	0	1	0	False	6	EO8
324	28	43.00786	-115.42406	5	0	1	0	False	6	EO8
325	28	43.007545	-115.42362	9	5	1	1	True	6	EO8
326	28	43.00792	-115.423165	13	1	1	1	True	6	EO8
327	28	43.0091	-115.42406	8	0	1	0	False	6	EO8
328	28	43.00927	-115.42446	16	0	1	0	False	6	EO8
329	28	43.00711	-115.42405	0	27	0	1	False	6	EO8
330	28	43.00881666666667	-115.42178333333334	0	68	0	3	False	6	EO8
331	28	43.00799	-115.426	0	32	0	1	False	6	EO8
332	28	43.00793	-115.4261	0	11	0	1	False	6	EO8
333	28	43.0085	-115.42523	0	4	0	1	False	6	EO8
334	28	43.00847	-115.42617	0	7	0	1	False	6	EO8
335	28	43.00816	-115.42704	0	1	0	1	False	6	EO8
336	28	43.00816	-115.42719	0	4	0	1	False	6	EO8
337	28	43.00776	-115.42689	0	3	0	1	False	6	EO8
338	28	43.00801	-115.4265	0	7	0	1	False	6	EO8
339	28	43.00807	-115.42585	0	3	0	1	False	6	EO8
340	28	43.00747	-115.42572	0	1	0	1	False	6	EO8
341	28	43.00817	-115.42558	0	8	0	1	False	6	EO8
342	28	43.008215	-115.42450500000001	0	30	0	2	False	6	EO8
343	28	43.00787	-115.42443	0	1	0	1	False	6	EO8
344	28	43.00772	-115.42434	0	12	0	1	False	6	EO8
345	28	43.00721	-115.42376	0	5	0	1	False	6	EO8
346	28	43.00714	-115.42254	0	2	0	1	False	6	EO8
347	28	43.00734	-115.42205	0	26	0	1	False	6	EO8
348	28	43.00757	-115.42268	0	1	0	1	False	6	EO8
349	28	43.00756	-115.4259	0	4	0	1	False	6	EO8
350	28	43.00756	-115.4259	0	2	0	1	False	6	EO8
351	28	43.007	-115.42476	0	3	0	1	False	6	EO8
352	28	43.00647	-115.42448	0	2	0	1	False	6	EO8
353	28	43.00678	-115.42355	0	18	0	1	False	6	EO8
354	28	43.00685	-115.42704	0	6	0	1	False	6	EO8
355	28	43.00682	-115.42225	0	15	0	1	False	6	EO8
356	28	43.0069	-115.42213	0	9	0	1	False	6	EO8
357	28	43.00712	-115.422045	0	7	0	2	False	6	EO8
358	28	43.00755	-115.42199	0	10	0	1	False	6	EO8
359	28	43.00738	-115.42102	0	1	0	1	False	6	EO8
360	28	43.00737	-115.42014	0	4	0	1	False	6	EO8
361	28	43.00739	-115.42083	0	14	0	1	False	6	EO8
362	28	43.00759	-115.42048	0	35	0	1	False	6	EO8
363	28	43.00737	-115.42061	0	3	0	1	False	6	EO8
364	28	43.007215	-115.42063999999999	0	17	0	2	False	6	EO8
365	28	43.00721	-115.42046	0	21	0	1	False	6	EO8
366	28	43.007115	-115.420075	0	33	0	2	False	6	EO8
367	28	43.00716	-115.41972	0	11	0	1	False	6	EO8
368	28	43.0074	-115.41945	0	14	0	1	False	6	EO8
369	28	43.0074	-115.41843	0	6	0	1	False	6	EO8
370	28	43.00676	-115.41867	0	6	0	1	False	6	EO8
371	28	43.00677	-115.41823	0	6	0	1	False	6	EO8
372	28	43.00688	-115.42035	0	39	0	1	False	6	EO8
373	28	43.00625	-115.42456	0	2	0	1	False	6	EO8
374	28	43.00668	-115.42481	0	1	0	1	False	6	EO8
375	28	43.00624	-115.42391	0	3	0	1	False	6	EO8
376	28	43.00636	-115.42309	0	2	0	1	False	6	EO8
377	28	43.00655	-115.42249	0	5	0	1	False	6	EO8
378	28	43.00639	-115.422	0	1	0	1	False	6	EO8
379	28	43.006105	-115.421145	0	13	0	2	False	6	EO8
380	28	43.00607	-115.42089	0	36	0	1	False	6	EO8
381	28	43.00614	-115.42016	0	9	0	1	False	6	EO8
382	28	43.00617	-115.41988	0	9	0	1	False	6	EO8
383	28	43.00627	-115.4184	0	4	0	1	False	6	EO8
384	28	43.00549	-115.41893	0	9	0	1	False	6	EO8
385	28	43.00558	-115.41893	0	3	0	1	False	6	EO8
386	28	43.00552	-115.41938	0	7	0	1	False	6	EO8
387	28	43.00581	-115.41934	0	6	0	1	False	6	EO8
388	28	43.00573	-115.42152	0	2	0	1	False	6	EO8
389	28	43.0064	-115.4238	0	5	0	1	False	6	EO8
390	28	43.00617	-115.42439	0	2	0	1	False	6	EO8
391	29	43.02256	-115.4258	3	0	1	0	False	2	EO8
392	29	43.02315	-115.42622	7	0	1	0	False	2	EO8
393	29	43.02357	-115.42663	80	0	1	0	False	2	EO8
394	29	43.02363	-115.42641	53	0	1	0	False	2	EO8
395	29	43.024	-115.42649	3	0	1	0	False	2	EO8
396	29	43.02417	-115.42679	2	0	1	0	False	2	EO8
397	29	43.02516	-115.42771	1	0	1	0	False	2	EO8
398	29	43.02505	-115.42749	3	0	2	0	False	2	EO8
399	30	42.9951	-115.3742	49	0	1	0	False	20	EO26-1
400	30	42.99548	-115.37229	14	0	1	0	False	20	EO26-1
401	30	42.9958	-115.37237	1	0	1	0	False	20	EO26-1
402	30	42.99489	-115.37416	63	0	1	0	False	20	EO26-1
403	31	42.99676	-115.38323	4	0	1	0	False	12	EO26-3
404	31	42.99685	-115.38333	18	0	1	0	False	12	EO26-3
405	31	42.99695	-115.38334	2	0	1	0	False	12	EO26-3
406	31	42.997335	-115.383255	13	6	1	1	True	12	EO26-3
407	31	42.99724	-115.38277	26	0	1	0	False	12	EO26-3
408	31	42.997	-115.38279	11	3	1	1	True	12	EO26-3
409	31	42.99696	-115.38308	19	0	1	0	False	12	EO26-3
410	31	42.99686	-115.38311	12	0	1	0	False	12	EO26-3
411	31	42.99678	-115.382975	16	2	1	1	True	12	EO26-3
412	31	43.00165	-115.38299	0	1	0	1	False	12	EO26-3
413	32	42.99733	-115.38877	3	17	1	1	True	12	EO26-3
414	32	42.997193333333335	-115.38889333333333	20	109	2	1	True	12	EO26-3
415	32	42.99716	-115.38858	4	0	1	0	False	12	EO26-3
416	32	42.99704333333333	-115.38854666666667	17	67	2	1	True	12	EO26-3
417	32	42.99692	-115.38787	9	0	1	0	False	12	EO26-3
418	32	42.99831	-115.38988	8	0	1	0	False	12	EO26-3
419	32	42.99745	-115.38886	0	23	0	1	False	12	EO26-3
420	32	42.99716	-115.39856	0	16	0	1	False	26	EO26-3
421	32	42.99676	-115.3988	0	3	0	1	False	26	EO26-3
422	32	42.9965	-115.38785	0	11	0	1	False	12	EO26-3
423	32	42.99678	-115.38791	0	10	0	1	False	12	EO26-3
424	32	42.9968	-115.38759	0	2	0	1	False	12	EO26-3
425	33	43.00148	-115.39563	3	0	1	0	False	26	EO26-3
426	33	43.00146	-115.39586	1	0	1	0	False	26	EO26-3
427	33	43.00211	-115.39554	1	0	1	0	False	26	EO26-3
428	34	43.00136	-115.40081	16	0	1	0	False	26	EO26-3
429	34	43.001585000000006	-115.400935	8	0	2	0	False	26	EO26-3
430	34	43.00207	-115.40178	1	0	1	0	False	26	EO26-3
431	34	43.0006	-115.40017	5	0	1	0	False	26	EO26-3
432	34	43.00047	-115.40026	4	0	1	0	False	26	EO26-3
433	35	42.98347	-115.34891	7	0	1	0	False	36	EO26-2
434	35	42.98386	-115.34953	11	0	1	0	False	36	EO26-2
435	35	42.98448	-115.35125	4	0	1	0	False	36	EO26-2
436	36	43.00971	-115.39637	4	0	1	0	False	30	EO26-4
437	36	43.00959	-115.39672	31	0	1	0	False	30	EO26-4
438	36	43.00974	-115.3972	4	0	1	0	False	30	EO26-4
439	36	43.00974	-115.39739	4	0	1	0	False	30	EO26-4
440	37	43.30553	-116.09935	80	0	1	0	False	14	EO27-1
441	37	43.30573	-116.10022	67	0	1	0	False	14	EO27-1
442	37	43.30555	-116.10052	80	0	1	0	False	14	EO27-1
443	37	43.3066	-116.1026	88	0	1	0	False	14	EO27-1
444	37	43.30628	-116.10322	11	0	1	0	False	14	EO27-1
445	37	43.30637	-116.10352	21	0	1	0	False	14	EO27-1
446	37	43.30391	-116.10362	28	0	1	0	False	14	EO27-1
447	37	43.30495	-116.1007	20	0	1	0	False	14	EO27-1
448	38	43.00294	-115.59106	87	0	1	0	False	9	EO61
449	38	43.00294	-115.59081	6	0	1	0	False	9	EO61
450	38	43.00315	-115.59061	26	0	1	0	False	9	EO61
451	38	43.0028	-115.59036	8	0	1	0	False	9	EO61
452	38	43.00263	-115.59052000000001	101	0	3	0	False	9	EO61
453	38	43.001760000000004	-115.589935	45	0	2	0	False	9	EO61
454	38	43.00157	-115.5896	18	0	1	0	False	9	EO61
455	38	43.00164	-115.58983	147	0	1	0	False	9	EO61
456	38	43.00135	-115.58961	94	0	2	0	False	9	EO61
457	38	43.00114	-115.58983	11	0	1	0	False	9	EO61
458	39	43.37069	-116.17637	6	0	1	0	False	35	EO67
459	39	43.37084	-116.17833	4	0	1	0	False	35	EO67
460	39	43.37022	-116.17723	0	3	0	1	False	35	EO67
461	39	43.37036	-116.1774	0	9	0	1	False	35	EO67
462	40	43.39782	-116.14375	7	0	1	0	False	39	EO72-2
463	41	43.88344	-116.82979	0	26	0	1	False	32	
464	42	43.3178	-115.91603	0	22	0	1	False	19	
465	42	43.31557	-115.9191	0	12	0	1	False	19	
466	42	43.31542	-115.91939	0	46	0	1	False	19	
467	42	43.315255	-115.919615	0	25	0	2	False	19	
468	42	43.31538	-115.91917	0	9	0	1	False	19	
469	42	43.31541	-115.91847	0	10	0	1	False	19	
470	42	43.3151	-115.91797	0	10	0	1	False	19	
471	42	43.31494	-115.91742	0	4	0	1	False	19	
472	43	43.277884	-116.076402	0	52	0	1	False	18	
473	43	43.277713	-116.076152	0	7	0	1	False	18	
474	43	43.277958049999995	-116.0761702	0	61	0	2	False	18	
475	43	43.2780433	-116.07575545	0	7	0	2	False	18	
476	43	43.2776103	-116.075403	0	29	0	1	False	18	
477	43	43.2775325	-116.07580055	0	17	0	2	False	18	
478	44	43.3009068	-116.1873568	0	64	0	1	False	23	
479	44	43.3008027	-116.187512	0	9	0	1	False	23	
480	44	43.3003647	-116.188712	0	9	0	1	False	23	
481	44	43.3002607	-116.189412	0	1	0	1	False	23	
482	44	43.3003949	-116.1892558	0	1	0	1	False	23	
483	44	43.3005294	-116.189991	0	1	0	1	False	23	
484	45	43.2946	-116.09794	0	1	0	1	False	29	
485	45	43.29472	-116.09745	0	4	0	1	False	29	
486	45	43.29442	-116.09713	0	11	0	1	False	29	
487	45	43.29598	-116.09708	0	21	0	1	False	29	
488	45	43.29605	-116.09807	0	2	0	1	False	29	
489	45	43.29607	-116.09879	0	1	0	1	False	29	
490	45	43.29714	-116.09889	0	4	0	1	False	29	
491	46	43.30664	-116.13074	0	43	0	1	False	28	
492	46	43.30749	-116.12934	0	10	0	1	False	28	
493	47	43.0196	-115.42576	0	86	0	1	False	2	
494	47	43.0195	-115.42578	0	52	0	1	False	2	
495	47	43.01956333333334	-115.42606666666667	0	57	0	3	False	2	
496	47	43.01962	-115.42654	0	1	0	1	False	2	
497	47	43.01999	-115.4265	0	24	0	1	False	2	
498	47	43.01976	-115.42665	0	3	0	1	False	2	
499	47	43.01944	-115.42459	0	4	0	1	False	2	
500	47	43.01924	-115.42661	0	32	0	1	False	2	
501	47	43.01961	-115.422	0	5	0	1	False	2	
502	47	43.0197	-115.42707	0	3	0	1	False	2	
503	47	43.019864999999996	-115.427185	0	7	0	2	False	2	
504	47	43.02018	-115.4271	0	2	0	1	False	2	
505	47	43.01989	-115.42696	0	8	0	1	False	2	
506	47	43.02043	-115.42686	0	39	0	2	False	2	
507	47	43.02035	-115.42717	0	112	0	1	False	2	
508	47	43.02033	-115.42735	0	115	0	1	False	2	
509	47	43.02088	-115.427685	0	94	0	2	False	2	
510	47	43.0204	-115.42782	0	13	0	1	False	2	
511	47	43.02049	-115.42818	0	17	0	1	False	2	
512	47	43.0203	-115.42811	0	11	0	1	False	2	
513	47	43.02023	-115.42773	0	807	0	1	False	2	
514	47	43.02022	-115.42753	0	2	0	1	False	2	
