populationID	lat	lon	n_fert_total	n_events	cluster_k_optimal	cluster_k5	k_optimal	dendrogram_leaf_pos
1	43.3281511076443	-115.92380804992202	641	8	5	5	5	30
2	43.31574376811594	-115.91863485507247	138	9	5	5	5	31
3	43.37051818181818	-116.17726500000002	22	4	5	5	5	32
4	43.39782	-116.14375	7	1	5	5	5	33
5	43.31337061538462	-116.2007234476923	260	7	5	5	5	34
6	43.29427663883495	-116.16574121553398	103	7	5	5	5	35
7	43.30082031529411	-116.18759423529411	85	6	5	5	5	36
8	43.30192264342105	-116.17265519429824	456	19	5	5	5	37
9	43.3079886	-116.1744158	4	1	5	5	5	38
10	43.27782574913295	-116.0760633618497	173	9	5	5	5	39
11	43.30572769620253	-116.1011590886076	395	8	5	5	5	40
12	43.29555477272727	-116.09739409090908	44	7	5	5	5	41
13	43.296049785802126	-116.1187309054779	1787	75	5	5	5	42
14	43.30680037735849	-116.13047584905662	53	2	5	5	5	43
15	43.020493047965985	-115.42724216150576	1646	36	1	1	5	0
16	43.0066601826484	-115.42287277397261	876	97	1	1	5	1
17	42.98384863636363	-115.34964545454545	22	3	1	1	5	2
18	42.99504322834646	-115.37395519685039	127	4	1	1	5	3
19	43.00962906976744	-115.39679441860466	43	4	1	1	5	4
20	42.99712838337182	-115.38696237875288	433	28	1	1	5	5
21	42.99989948275862	-115.39958155172415	58	11	1	1	5	6
22	43.00208206261511	-115.59017230202579	543	14	1	1	5	7
23	43.11081928057554	-115.63961515587529	417	5	1	1	5	8
24	43.4874506122449	-116.28658795918368	98	2	4	4	5	19
25	43.508340847058825	-116.29211851036888	1003	28	4	4	5	20
26	43.507839866310164	-116.2801996657754	748	17	4	4	5	21
27	43.44302	-116.43594	3	1	4	4	5	22
28	43.43682	-116.41584	2	1	4	4	5	23
29	43.43584344827587	-116.43073551724139	29	3	4	4	5	24
30	43.43859	-116.42394	3	2	4	4	5	25
31	43.38644571428572	-116.42855285714286	14	2	4	4	5	26
32	43.38661340068966	-116.48156020689655	1440	108	4	4	5	27
33	43.407812559999996	-116.49050045000003	1000	27	4	4	5	28
34	43.41016076923078	-116.47941807692311	26	7	4	4	5	29
35	43.75346538461538	-116.35812692307694	26	7	3	3	5	13
36	43.70895917460317	-116.30772996825397	315	25	3	3	5	14
37	43.70825	-116.30014	6	1	3	3	5	15
38	43.795816375	-116.47618824999999	79	9	3	3	5	16
39	43.73671028199567	-116.43993616052062	461	24	3	3	5	17
40	43.7364	-116.44700000000002	72	1	3	3	5	18
41	43.892262503816795	-116.76884632061069	393	9	2	2	5	9
42	43.88344	-116.82979	26	1	2	2	5	10
43	43.88759514814815	-116.80668514814815	54	3	2	2	5	11
44	43.88154	-116.806559	17	1	2	2	5	12
