germplasmID	occurrenceID	eventID	locationID	locationCode	n_fertile	seeds_available	n_seeds_recommended	rationale
113	104	88	4	EO118	18	233	15	Rule 2 (29-seed miss-probability floor — large event, Rule 1 impractical)
114	105	88	4	EO118	18	49	15	Rule 2 (29-seed miss-probability floor — large event, Rule 1 impractical)
115	106	88	4	EO118	18	131	15	Rule 2 (29-seed miss-probability floor — large event, Rule 1 impractical)
116	107	88	4	EO118	18	212	15	Rule 2 (29-seed miss-probability floor — large event, Rule 1 impractical)
117	108	88	4	EO118	18	148	15	Rule 2 (29-seed miss-probability floor — large event, Rule 1 impractical)
110	109	89	4	EO118	3	600	9	Rule 1 (90 % expected coverage — small event, cheap to characterise)
111	110	89	4	EO118	3	316	9	Rule 1 (90 % expected coverage — small event, cheap to characterise)
112	111	89	4	EO118	3	157	9	Rule 1 (90 % expected coverage — small event, cheap to characterise)
208	112	90	4	EO118	4	323	14	Rule 1 (90 % expected coverage — small event, cheap to characterise)
209	113	90	4	EO118	4	64	14	Rule 1 (90 % expected coverage — small event, cheap to characterise)
108	114	91	4	EO118	4	392	14	Rule 1 (90 % expected coverage — small event, cheap to characterise)
109	115	91	4	EO118	4	59	14	Rule 1 (90 % expected coverage — small event, cheap to characterise)
378	309	64	16	EO18-7	1	273	1	Rule 1 (90 % expected coverage — small event, cheap to characterise)
341	310	65	16	EO18-7	3	388	9	Rule 1 (90 % expected coverage — small event, cheap to characterise)
342	311	65	16	EO18-7	3	908	9	Rule 1 (90 % expected coverage — small event, cheap to characterise)
343	312	65	16	EO18-7	3	920	9	Rule 1 (90 % expected coverage — small event, cheap to characterise)
379	313	66	16	EO18-7	27	1015	15	Rule 2 (29-seed miss-probability floor — large event, Rule 1 impractical)
380	314	66	16	EO18-7	27	3697	15	Rule 2 (29-seed miss-probability floor — large event, Rule 1 impractical)
381	315	66	16	EO18-7	27	1249	15	Rule 2 (29-seed miss-probability floor — large event, Rule 1 impractical)
382	316	66	16	EO18-7	27	379	15	Rule 2 (29-seed miss-probability floor — large event, Rule 1 impractical)
383	317	66	16	EO18-7	27	690	15	Rule 2 (29-seed miss-probability floor — large event, Rule 1 impractical)
384	318	66	16	EO18-7	27	115	15	Rule 2 (29-seed miss-probability floor — large event, Rule 1 impractical)
385	319	66	16	EO18-7	27	958	15	Rule 2 (29-seed miss-probability floor — large event, Rule 1 impractical)
386	320	66	16	EO18-7	27	1221	15	Rule 2 (29-seed miss-probability floor — large event, Rule 1 impractical)
362	321	67	16	EO18-7	23	3602	15	Rule 2 (29-seed miss-probability floor — large event, Rule 1 impractical)
363	322	67	16	EO18-7	23	467	15	Rule 2 (29-seed miss-probability floor — large event, Rule 1 impractical)
364	323	67	16	EO18-7	23	3147	15	Rule 2 (29-seed miss-probability floor — large event, Rule 1 impractical)
365	324	67	16	EO18-7	23	1723	15	Rule 2 (29-seed miss-probability floor — large event, Rule 1 impractical)
366	325	67	16	EO18-7	23	417	15	Rule 2 (29-seed miss-probability floor — large event, Rule 1 impractical)
367	326	67	16	EO18-7	23	1502	15	Rule 2 (29-seed miss-probability floor — large event, Rule 1 impractical)
368	327	67	16	EO18-7	23	872	15	Rule 2 (29-seed miss-probability floor — large event, Rule 1 impractical)
369	328	67	16	EO18-7	23	572	15	Rule 2 (29-seed miss-probability floor — large event, Rule 1 impractical)
370	306	68	15	EO18-7	5	330	15	Rule 2 (29-seed miss-probability floor — large event, Rule 1 impractical)
371	307	68	15	EO18-7	5	81	15	Rule 2 (29-seed miss-probability floor — large event, Rule 1 impractical)
372	308	68	15	EO18-7	5	49	15	Rule 2 (29-seed miss-probability floor — large event, Rule 1 impractical)
338	329	69	16	EO18-7	28	3111	15	Rule 2 (29-seed miss-probability floor — large event, Rule 1 impractical)
339	330	69	16	EO18-7	28	5251	15	Rule 2 (29-seed miss-probability floor — large event, Rule 1 impractical)
352	331	70	16	EO18-7	12	709	15	Rule 2 (29-seed miss-probability floor — large event, Rule 1 impractical)
353	332	70	16	EO18-7	12	639	15	Rule 2 (29-seed miss-probability floor — large event, Rule 1 impractical)
354	333	70	16	EO18-7	12	687	15	Rule 2 (29-seed miss-probability floor — large event, Rule 1 impractical)
355	334	70	16	EO18-7	12	434	15	Rule 2 (29-seed miss-probability floor — large event, Rule 1 impractical)
356	335	70	16	EO18-7	12	1229	15	Rule 2 (29-seed miss-probability floor — large event, Rule 1 impractical)
296	346	76	17	EO18-7	150	109	15	Rule 2 (29-seed miss-probability floor — large event, Rule 1 impractical)
297	347	76	17	EO18-7	150	99	15	Rule 2 (29-seed miss-probability floor — large event, Rule 1 impractical)
298	348	76	17	EO18-7	150	158	15	Rule 2 (29-seed miss-probability floor — large event, Rule 1 impractical)
299	349	76	17	EO18-7	150	178	15	Rule 2 (29-seed miss-probability floor — large event, Rule 1 impractical)
300	350	76	17	EO18-7	150	127	15	Rule 2 (29-seed miss-probability floor — large event, Rule 1 impractical)
304	351	77	17	EO18-7	5	322	15	Rule 2 (29-seed miss-probability floor — large event, Rule 1 impractical)
305	352	77	17	EO18-7	5	37	15	Rule 2 (29-seed miss-probability floor — large event, Rule 1 impractical)
306	353	77	17	EO18-7	5	144	15	Rule 2 (29-seed miss-probability floor — large event, Rule 1 impractical)
347	294	78	15	EO18-7	6	69	15	Rule 2 (29-seed miss-probability floor — large event, Rule 1 impractical)
348	295	78	15	EO18-7	6	187	15	Rule 2 (29-seed miss-probability floor — large event, Rule 1 impractical)
349	296	78	15	EO18-7	6	686	15	Rule 2 (29-seed miss-probability floor — large event, Rule 1 impractical)
350	297	78	15	EO18-7	6	607	15	Rule 2 (29-seed miss-probability floor — large event, Rule 1 impractical)
351	298	78	15	EO18-7	6	372	15	Rule 2 (29-seed miss-probability floor — large event, Rule 1 impractical)
340	299	79	15	EO18-7	2	295	5	Rule 1 (90 % expected coverage — small event, cheap to characterise)
335	300	80	15	EO18-7	4	231	14	Rule 1 (90 % expected coverage — small event, cheap to characterise)
336	301	80	15	EO18-7	4	509	14	Rule 1 (90 % expected coverage — small event, cheap to characterise)
337	302	80	15	EO18-7	4	695	14	Rule 1 (90 % expected coverage — small event, cheap to characterise)
344	303	81	15	EO18-7	8	328	15	Rule 2 (29-seed miss-probability floor — large event, Rule 1 impractical)
345	304	81	15	EO18-7	8	313	15	Rule 2 (29-seed miss-probability floor — large event, Rule 1 impractical)
346	305	81	15	EO18-7	8	690	15	Rule 2 (29-seed miss-probability floor — large event, Rule 1 impractical)
357	289	93	15	EO18-7	5	250	15	Rule 2 (29-seed miss-probability floor — large event, Rule 1 impractical)
358	290	93	15	EO18-7	5	52	15	Rule 2 (29-seed miss-probability floor — large event, Rule 1 impractical)
359	291	93	15	EO18-7	5	126	15	Rule 2 (29-seed miss-probability floor — large event, Rule 1 impractical)
360	292	93	15	EO18-7	5	120	15	Rule 2 (29-seed miss-probability floor — large event, Rule 1 impractical)
361	293	93	15	EO18-7	5	152	15	Rule 2 (29-seed miss-probability floor — large event, Rule 1 impractical)
310	354	95	17	EO18-7	3	329	9	Rule 1 (90 % expected coverage — small event, cheap to characterise)
331	355	96	17	EO18-7	16	256	15	Rule 2 (29-seed miss-probability floor — large event, Rule 1 impractical)
332	356	96	17	EO18-7	16	176	15	Rule 2 (29-seed miss-probability floor — large event, Rule 1 impractical)
333	357	96	17	EO18-7	16	123	15	Rule 2 (29-seed miss-probability floor — large event, Rule 1 impractical)
328	358	97	17	EO18-7	7	151	15	Rule 2 (29-seed miss-probability floor — large event, Rule 1 impractical)
329	359	97	17	EO18-7	7	230	15	Rule 2 (29-seed miss-probability floor — large event, Rule 1 impractical)
330	360	97	17	EO18-7	7	207	15	Rule 2 (29-seed miss-probability floor — large event, Rule 1 impractical)
325	361	98	17	EO18-7	28	65	15	Rule 2 (29-seed miss-probability floor — large event, Rule 1 impractical)
326	362	98	17	EO18-7	28	112	15	Rule 2 (29-seed miss-probability floor — large event, Rule 1 impractical)
327	363	98	17	EO18-7	28	157	15	Rule 2 (29-seed miss-probability floor — large event, Rule 1 impractical)
334	364	99	17	EO18-7	1	376	1	Rule 1 (90 % expected coverage — small event, cheap to characterise)
322	365	100	17	EO18-7	5	528	15	Rule 2 (29-seed miss-probability floor — large event, Rule 1 impractical)
323	366	100	17	EO18-7	5	484	15	Rule 2 (29-seed miss-probability floor — large event, Rule 1 impractical)
324	367	100	17	EO18-7	5	253	15	Rule 2 (29-seed miss-probability floor — large event, Rule 1 impractical)
316	368	101	17	EO18-7	9	627	15	Rule 2 (29-seed miss-probability floor — large event, Rule 1 impractical)
317	369	101	17	EO18-7	9	475	15	Rule 2 (29-seed miss-probability floor — large event, Rule 1 impractical)
318	370	101	17	EO18-7	9	306	15	Rule 2 (29-seed miss-probability floor — large event, Rule 1 impractical)
313	371	102	17	EO18-7	11	779	15	Rule 2 (29-seed miss-probability floor — large event, Rule 1 impractical)
314	372	102	17	EO18-7	11	1078	15	Rule 2 (29-seed miss-probability floor — large event, Rule 1 impractical)
315	373	102	17	EO18-7	11	143	15	Rule 2 (29-seed miss-probability floor — large event, Rule 1 impractical)
286	374	103	17	EO18-7	4	727	14	Rule 1 (90 % expected coverage — small event, cheap to characterise)
287	375	103	17	EO18-7	4	559	14	Rule 1 (90 % expected coverage — small event, cheap to characterise)
288	376	103	17	EO18-7	4	256	14	Rule 1 (90 % expected coverage — small event, cheap to characterise)
295	377	104	17	EO18-7	2	1033	5	Rule 1 (90 % expected coverage — small event, cheap to characterise)
294	378	105	17	EO18-7	1	379	1	Rule 1 (90 % expected coverage — small event, cheap to characterise)
319	389	129	19	EO18-7	9	213	15	Rule 2 (29-seed miss-probability floor — large event, Rule 1 impractical)
320	390	129	19	EO18-7	9	265	15	Rule 2 (29-seed miss-probability floor — large event, Rule 1 impractical)
321	391	129	19	EO18-7	9	201	15	Rule 2 (29-seed miss-probability floor — large event, Rule 1 impractical)
311	392	130	19	EO18-7	5	180	15	Rule 2 (29-seed miss-probability floor — large event, Rule 1 impractical)
312	393	130	19	EO18-7	5	64	15	Rule 2 (29-seed miss-probability floor — large event, Rule 1 impractical)
307	394	131	19	EO18-7	17	590	15	Rule 2 (29-seed miss-probability floor — large event, Rule 1 impractical)
308	395	131	19	EO18-7	17	269	15	Rule 2 (29-seed miss-probability floor — large event, Rule 1 impractical)
309	396	131	19	EO18-7	17	329	15	Rule 2 (29-seed miss-probability floor — large event, Rule 1 impractical)
302	397	132	19	EO18-7	2	40	5	Rule 1 (90 % expected coverage — small event, cheap to characterise)
303	398	132	19	EO18-7	2	100	5	Rule 1 (90 % expected coverage — small event, cheap to characterise)
301	399	133	19	EO18-7	1	41	1	Rule 1 (90 % expected coverage — small event, cheap to characterise)
272	275	121	18	EO18-8	6	622	15	Rule 2 (29-seed miss-probability floor — large event, Rule 1 impractical)
273	276	121	18	EO18-8	6	991	15	Rule 2 (29-seed miss-probability floor — large event, Rule 1 impractical)
274	277	121	18	EO18-8	6	861	15	Rule 2 (29-seed miss-probability floor — large event, Rule 1 impractical)
275	278	121	18	EO18-8	6	545	15	Rule 2 (29-seed miss-probability floor — large event, Rule 1 impractical)
239	279	122	18	EO18-8	5	576	15	Rule 2 (29-seed miss-probability floor — large event, Rule 1 impractical)
240	280	122	18	EO18-8	5	205	15	Rule 2 (29-seed miss-probability floor — large event, Rule 1 impractical)
241	281	122	18	EO18-8	5	549	15	Rule 2 (29-seed miss-probability floor — large event, Rule 1 impractical)
245	282	123	18	EO18-8	35	524	15	Rule 2 (29-seed miss-probability floor — large event, Rule 1 impractical)
246	283	123	18	EO18-8	35	458	15	Rule 2 (29-seed miss-probability floor — large event, Rule 1 impractical)
247	284	123	18	EO18-8	35	312	15	Rule 2 (29-seed miss-probability floor — large event, Rule 1 impractical)
248	285	123	18	EO18-8	35	189	15	Rule 2 (29-seed miss-probability floor — large event, Rule 1 impractical)
242	286	124	18	EO18-8	12	590	15	Rule 2 (29-seed miss-probability floor — large event, Rule 1 impractical)
243	287	124	18	EO18-8	12	309	15	Rule 2 (29-seed miss-probability floor — large event, Rule 1 impractical)
244	288	124	18	EO18-8	12	348	15	Rule 2 (29-seed miss-probability floor — large event, Rule 1 impractical)
276	379	125	18	EO18-8	42	825	15	Rule 2 (29-seed miss-probability floor — large event, Rule 1 impractical)
277	380	125	18	EO18-8	42	3597	15	Rule 2 (29-seed miss-probability floor — large event, Rule 1 impractical)
278	381	125	18	EO18-8	42	902	15	Rule 2 (29-seed miss-probability floor — large event, Rule 1 impractical)
279	382	125	18	EO18-8	42	836	15	Rule 2 (29-seed miss-probability floor — large event, Rule 1 impractical)
280	383	125	18	EO18-8	42	1248	15	Rule 2 (29-seed miss-probability floor — large event, Rule 1 impractical)
226	384	126	18	EO18-8	5	1866	15	Rule 2 (29-seed miss-probability floor — large event, Rule 1 impractical)
227	385	126	18	EO18-8	5	902	15	Rule 2 (29-seed miss-probability floor — large event, Rule 1 impractical)
223	386	127	18	EO18-8	17	753	15	Rule 2 (29-seed miss-probability floor — large event, Rule 1 impractical)
224	387	127	18	EO18-8	17	328	15	Rule 2 (29-seed miss-probability floor — large event, Rule 1 impractical)
225	388	128	18	EO18-8	1	1827	1	Rule 1 (90 % expected coverage — small event, cheap to characterise)
388	440	136	24	EO24	2	152	5	Rule 1 (90 % expected coverage — small event, cheap to characterise)
373	437	134	22	EO24-1	2	45	5	Rule 1 (90 % expected coverage — small event, cheap to characterise)
374	438	134	22	EO24-1	2	115	5	Rule 1 (90 % expected coverage — small event, cheap to characterise)
222	439	135	23	EO24-2	1	194	1	Rule 1 (90 % expected coverage — small event, cheap to characterise)
375	441	106	25	EO24-7	3	664	9	Rule 1 (90 % expected coverage — small event, cheap to characterise)
376	442	106	25	EO24-7	3	750	9	Rule 1 (90 % expected coverage — small event, cheap to characterise)
377	443	106	25	EO24-7	3	1622	9	Rule 1 (90 % expected coverage — small event, cheap to characterise)
431	400	110	20	EO25-A	27	1563	15	Rule 2 (29-seed miss-probability floor — large event, Rule 1 impractical)
432	401	110	20	EO25-A	27	635	15	Rule 2 (29-seed miss-probability floor — large event, Rule 1 impractical)
433	402	110	20	EO25-A	27	2164	15	Rule 2 (29-seed miss-probability floor — large event, Rule 1 impractical)
434	403	110	20	EO25-A	27	259	15	Rule 2 (29-seed miss-probability floor — large event, Rule 1 impractical)
435	404	110	20	EO25-A	27	2240	15	Rule 2 (29-seed miss-probability floor — large event, Rule 1 impractical)
444	405	111	20	EO25-A	20	1167	15	Rule 2 (29-seed miss-probability floor — large event, Rule 1 impractical)
445	406	111	20	EO25-A	20	1382	15	Rule 2 (29-seed miss-probability floor — large event, Rule 1 impractical)
446	407	111	20	EO25-A	20	803	15	Rule 2 (29-seed miss-probability floor — large event, Rule 1 impractical)
447	408	111	20	EO25-A	20	1775	15	Rule 2 (29-seed miss-probability floor — large event, Rule 1 impractical)
448	409	111	20	EO25-A	20	1709	15	Rule 2 (29-seed miss-probability floor — large event, Rule 1 impractical)
441	410	112	20	EO25-A	6	2311	15	Rule 2 (29-seed miss-probability floor — large event, Rule 1 impractical)
442	411	112	20	EO25-A	6	734	15	Rule 2 (29-seed miss-probability floor — large event, Rule 1 impractical)
443	412	112	20	EO25-A	6	1215	15	Rule 2 (29-seed miss-probability floor — large event, Rule 1 impractical)
421	413	113	20	EO25-A	8	1069	15	Rule 2 (29-seed miss-probability floor — large event, Rule 1 impractical)
422	414	113	20	EO25-A	8	1760	15	Rule 2 (29-seed miss-probability floor — large event, Rule 1 impractical)
423	415	113	20	EO25-A	8	335	15	Rule 2 (29-seed miss-probability floor — large event, Rule 1 impractical)
424	416	113	20	EO25-A	8	1681	15	Rule 2 (29-seed miss-probability floor — large event, Rule 1 impractical)
425	417	113	20	EO25-A	8	370	15	Rule 2 (29-seed miss-probability floor — large event, Rule 1 impractical)
395	418	114	20	EO25-A	46	1228	15	Rule 2 (29-seed miss-probability floor — large event, Rule 1 impractical)
396	419	114	20	EO25-A	46	5276	15	Rule 2 (29-seed miss-probability floor — large event, Rule 1 impractical)
397	420	114	20	EO25-A	46	3501	15	Rule 2 (29-seed miss-probability floor — large event, Rule 1 impractical)
398	421	114	20	EO25-A	46	2208	15	Rule 2 (29-seed miss-probability floor — large event, Rule 1 impractical)
399	422	114	20	EO25-A	46	2180	15	Rule 2 (29-seed miss-probability floor — large event, Rule 1 impractical)
400	423	114	20	EO25-A	46	40	15	Rule 2 (29-seed miss-probability floor — large event, Rule 1 impractical)
401	426	115	20	EO25-A	3	124	9	Rule 1 (90 % expected coverage — small event, cheap to characterise)
402	424	115	20	EO25-A	3	882	9	Rule 1 (90 % expected coverage — small event, cheap to characterise)
403	425	115	20	EO25-A	3	3587	9	Rule 1 (90 % expected coverage — small event, cheap to characterise)
414	427	116	20	EO25-A	3	1360	9	Rule 1 (90 % expected coverage — small event, cheap to characterise)
415	429	116	20	EO25-A	3	2711	9	Rule 1 (90 % expected coverage — small event, cheap to characterise)
389	430	117	21	EO25-B	4	335	14	Rule 1 (90 % expected coverage — small event, cheap to characterise)
390	431	117	21	EO25-B	4	276	14	Rule 1 (90 % expected coverage — small event, cheap to characterise)
391	432	117	21	EO25-B	4	835	14	Rule 1 (90 % expected coverage — small event, cheap to characterise)
392	433	118	21	EO25-B	2	2641	5	Rule 1 (90 % expected coverage — small event, cheap to characterise)
387	434	119	21	EO25-B	1	807	1	Rule 1 (90 % expected coverage — small event, cheap to characterise)
393	435	120	21	EO25-B	3	78	9	Rule 1 (90 % expected coverage — small event, cheap to characterise)
394	436	120	21	EO25-B	3	90	9	Rule 1 (90 % expected coverage — small event, cheap to characterise)
523	336	94	30	EO26-1	49	621	15	Rule 2 (29-seed miss-probability floor — large event, Rule 1 impractical)
524	337	94	30	EO26-1	49	284	15	Rule 2 (29-seed miss-probability floor — large event, Rule 1 impractical)
525	338	94	30	EO26-1	49	657	15	Rule 2 (29-seed miss-probability floor — large event, Rule 1 impractical)
526	339	94	30	EO26-1	49	290	15	Rule 2 (29-seed miss-probability floor — large event, Rule 1 impractical)
527	340	94	30	EO26-1	49	221	15	Rule 2 (29-seed miss-probability floor — large event, Rule 1 impractical)
528	341	94	30	EO26-1	49	784	15	Rule 2 (29-seed miss-probability floor — large event, Rule 1 impractical)
529	342	94	30	EO26-1	49	453	15	Rule 2 (29-seed miss-probability floor — large event, Rule 1 impractical)
530	343	94	30	EO26-1	49	133	15	Rule 2 (29-seed miss-probability floor — large event, Rule 1 impractical)
531	344	94	30	EO26-1	49	157	15	Rule 2 (29-seed miss-probability floor — large event, Rule 1 impractical)
532	345	94	30	EO26-1	49	303	15	Rule 2 (29-seed miss-probability floor — large event, Rule 1 impractical)
512	531	156	30	EO26-1	14	165	15	Rule 2 (29-seed miss-probability floor — large event, Rule 1 impractical)
513	532	156	30	EO26-1	14	139	15	Rule 2 (29-seed miss-probability floor — large event, Rule 1 impractical)
514	533	156	30	EO26-1	14	141	15	Rule 2 (29-seed miss-probability floor — large event, Rule 1 impractical)
502	534	165	30	EO26-1	1	271	1	Rule 1 (90 % expected coverage — small event, cheap to characterise)
515	535	166	30	EO26-1	63	467	15	Rule 2 (29-seed miss-probability floor — large event, Rule 1 impractical)
516	536	166	30	EO26-1	63	1688	15	Rule 2 (29-seed miss-probability floor — large event, Rule 1 impractical)
517	537	166	30	EO26-1	63	943	15	Rule 2 (29-seed miss-probability floor — large event, Rule 1 impractical)
518	538	166	30	EO26-1	63	1403	15	Rule 2 (29-seed miss-probability floor — large event, Rule 1 impractical)
519	539	166	30	EO26-1	63	144	15	Rule 2 (29-seed miss-probability floor — large event, Rule 1 impractical)
520	540	166	30	EO26-1	63	367	15	Rule 2 (29-seed miss-probability floor — large event, Rule 1 impractical)
521	541	166	30	EO26-1	63	1273	15	Rule 2 (29-seed miss-probability floor — large event, Rule 1 impractical)
522	542	166	30	EO26-1	63	1101	15	Rule 2 (29-seed miss-probability floor — large event, Rule 1 impractical)
571	608	211	35	EO26-2	7	169	15	Rule 2 (29-seed miss-probability floor — large event, Rule 1 impractical)
572	609	211	35	EO26-2	7	177	15	Rule 2 (29-seed miss-probability floor — large event, Rule 1 impractical)
568	610	212	35	EO26-2	11	133	15	Rule 2 (29-seed miss-probability floor — large event, Rule 1 impractical)
569	611	212	35	EO26-2	11	111	15	Rule 2 (29-seed miss-probability floor — large event, Rule 1 impractical)
570	612	212	35	EO26-2	11	85	15	Rule 2 (29-seed miss-probability floor — large event, Rule 1 impractical)
574	613	213	35	EO26-2	4	28	14	Rule 1 (90 % expected coverage — small event, cheap to characterise)
575	614	213	35	EO26-2	4	61	14	Rule 1 (90 % expected coverage — small event, cheap to characterise)
576	615	213	35	EO26-2	4	117	14	Rule 1 (90 % expected coverage — small event, cheap to characterise)
533	567	167	31	EO26-3	12	319	15	Rule 2 (29-seed miss-probability floor — large event, Rule 1 impractical)
534	568	167	31	EO26-3	12	179	15	Rule 2 (29-seed miss-probability floor — large event, Rule 1 impractical)
535	569	167	31	EO26-3	12	478	15	Rule 2 (29-seed miss-probability floor — large event, Rule 1 impractical)
555	570	168	31	EO26-3	16	335	15	Rule 2 (29-seed miss-probability floor — large event, Rule 1 impractical)
556	571	168	31	EO26-3	16	176	15	Rule 2 (29-seed miss-probability floor — large event, Rule 1 impractical)
557	572	168	31	EO26-3	16	457	15	Rule 2 (29-seed miss-probability floor — large event, Rule 1 impractical)
630	573	169	32	EO26-3	3	61	9	Rule 1 (90 % expected coverage — small event, cheap to characterise)
631	574	169	32	EO26-3	3	159	9	Rule 1 (90 % expected coverage — small event, cheap to characterise)
600	575	170	32	EO26-3	12	386	15	Rule 2 (29-seed miss-probability floor — large event, Rule 1 impractical)
601	576	170	32	EO26-3	12	492	15	Rule 2 (29-seed miss-probability floor — large event, Rule 1 impractical)
602	577	170	32	EO26-3	12	566	15	Rule 2 (29-seed miss-probability floor — large event, Rule 1 impractical)
669	578	171	32	EO26-3	8	625	15	Rule 2 (29-seed miss-probability floor — large event, Rule 1 impractical)
670	579	171	32	EO26-3	8	373	15	Rule 2 (29-seed miss-probability floor — large event, Rule 1 impractical)
647	580	172	32	EO26-3	4	205	14	Rule 1 (90 % expected coverage — small event, cheap to characterise)
648	581	172	32	EO26-3	4	781	14	Rule 1 (90 % expected coverage — small event, cheap to characterise)
645	582	173	32	EO26-3	9	1169	15	Rule 2 (29-seed miss-probability floor — large event, Rule 1 impractical)
646	583	173	32	EO26-3	9	647	15	Rule 2 (29-seed miss-probability floor — large event, Rule 1 impractical)
560	562	184	31	EO26-3	19	194	15	Rule 2 (29-seed miss-probability floor — large event, Rule 1 impractical)
561	563	184	31	EO26-3	19	508	15	Rule 2 (29-seed miss-probability floor — large event, Rule 1 impractical)
562	564	184	31	EO26-3	19	142	15	Rule 2 (29-seed miss-probability floor — large event, Rule 1 impractical)
563	565	184	31	EO26-3	19	696	15	Rule 2 (29-seed miss-probability floor — large event, Rule 1 impractical)
564	566	184	31	EO26-3	19	189	15	Rule 2 (29-seed miss-probability floor — large event, Rule 1 impractical)
553	560	185	31	EO26-3	11	194	15	Rule 2 (29-seed miss-probability floor — large event, Rule 1 impractical)
554	561	185	31	EO26-3	11	86	15	Rule 2 (29-seed miss-probability floor — large event, Rule 1 impractical)
548	555	186	31	EO26-3	26	354	15	Rule 2 (29-seed miss-probability floor — large event, Rule 1 impractical)
549	556	186	31	EO26-3	26	381	15	Rule 2 (29-seed miss-probability floor — large event, Rule 1 impractical)
550	557	186	31	EO26-3	26	419	15	Rule 2 (29-seed miss-probability floor — large event, Rule 1 impractical)
551	558	186	31	EO26-3	26	686	15	Rule 2 (29-seed miss-probability floor — large event, Rule 1 impractical)
552	559	186	31	EO26-3	26	394	15	Rule 2 (29-seed miss-probability floor — large event, Rule 1 impractical)
545	552	187	31	EO26-3	13	270	15	Rule 2 (29-seed miss-probability floor — large event, Rule 1 impractical)
546	553	187	31	EO26-3	13	375	15	Rule 2 (29-seed miss-probability floor — large event, Rule 1 impractical)
547	554	187	31	EO26-3	13	278	15	Rule 2 (29-seed miss-probability floor — large event, Rule 1 impractical)
543	550	188	31	EO26-3	2	845	5	Rule 1 (90 % expected coverage — small event, cheap to characterise)
544	551	188	31	EO26-3	2	323	5	Rule 1 (90 % expected coverage — small event, cheap to characterise)
539	546	189	31	EO26-3	18	740	15	Rule 2 (29-seed miss-probability floor — large event, Rule 1 impractical)
540	547	189	31	EO26-3	18	518	15	Rule 2 (29-seed miss-probability floor — large event, Rule 1 impractical)
541	548	189	31	EO26-3	18	1097	15	Rule 2 (29-seed miss-probability floor — large event, Rule 1 impractical)
542	549	189	31	EO26-3	18	805	15	Rule 2 (29-seed miss-probability floor — large event, Rule 1 impractical)
536	543	190	31	EO26-3	4	1722	14	Rule 1 (90 % expected coverage — small event, cheap to characterise)
537	544	190	31	EO26-3	4	718	14	Rule 1 (90 % expected coverage — small event, cheap to characterise)
538	545	190	31	EO26-3	4	529	14	Rule 1 (90 % expected coverage — small event, cheap to characterise)
580	594	191	34	EO26-3	16	107	15	Rule 2 (29-seed miss-probability floor — large event, Rule 1 impractical)
581	595	191	34	EO26-3	16	78	15	Rule 2 (29-seed miss-probability floor — large event, Rule 1 impractical)
582	596	191	34	EO26-3	16	127	15	Rule 2 (29-seed miss-probability floor — large event, Rule 1 impractical)
587	593	192	33	EO26-3	1	2973	1	Rule 1 (90 % expected coverage — small event, cheap to characterise)
595	592	193	33	EO26-3	1	116	1	Rule 1 (90 % expected coverage — small event, cheap to characterise)
596	590	194	33	EO26-3	3	125	9	Rule 1 (90 % expected coverage — small event, cheap to characterise)
597	591	194	33	EO26-3	3	128	9	Rule 1 (90 % expected coverage — small event, cheap to characterise)
613	587	195	32	EO26-3	8	1209	15	Rule 2 (29-seed miss-probability floor — large event, Rule 1 impractical)
614	588	195	32	EO26-3	8	260	15	Rule 2 (29-seed miss-probability floor — large event, Rule 1 impractical)
615	589	195	32	EO26-3	8	136	15	Rule 2 (29-seed miss-probability floor — large event, Rule 1 impractical)
608	586	196	32	EO26-3	9	140	15	Rule 2 (29-seed miss-probability floor — large event, Rule 1 impractical)
643	584	197	32	EO26-3	8	340	15	Rule 2 (29-seed miss-probability floor — large event, Rule 1 impractical)
644	585	197	32	EO26-3	8	241	15	Rule 2 (29-seed miss-probability floor — large event, Rule 1 impractical)
583	606	198	34	EO26-3	4	446	14	Rule 1 (90 % expected coverage — small event, cheap to characterise)
584	607	198	34	EO26-3	4	112	14	Rule 1 (90 % expected coverage — small event, cheap to characterise)
577	603	199	34	EO26-3	5	907	15	Rule 2 (29-seed miss-probability floor — large event, Rule 1 impractical)
578	604	199	34	EO26-3	5	1318	15	Rule 2 (29-seed miss-probability floor — large event, Rule 1 impractical)
579	605	199	34	EO26-3	5	166	15	Rule 2 (29-seed miss-probability floor — large event, Rule 1 impractical)
573	602	200	34	EO26-3	1	282	1	Rule 1 (90 % expected coverage — small event, cheap to characterise)
565	599	201	34	EO26-3	3	195	9	Rule 1 (90 % expected coverage — small event, cheap to characterise)
566	600	201	34	EO26-3	3	228	9	Rule 1 (90 % expected coverage — small event, cheap to characterise)
567	601	201	34	EO26-3	3	384	9	Rule 1 (90 % expected coverage — small event, cheap to characterise)
558	597	202	34	EO26-3	5	1146	15	Rule 2 (29-seed miss-probability floor — large event, Rule 1 impractical)
559	598	202	34	EO26-3	5	61	15	Rule 2 (29-seed miss-probability floor — large event, Rule 1 impractical)
598	616	214	36	EO26-4	4	455	14	Rule 1 (90 % expected coverage — small event, cheap to characterise)
599	617	214	36	EO26-4	4	574	14	Rule 1 (90 % expected coverage — small event, cheap to characterise)
591	618	215	36	EO26-4	31	142	15	Rule 2 (29-seed miss-probability floor — large event, Rule 1 impractical)
592	619	215	36	EO26-4	31	383	15	Rule 2 (29-seed miss-probability floor — large event, Rule 1 impractical)
593	620	215	36	EO26-4	31	261	15	Rule 2 (29-seed miss-probability floor — large event, Rule 1 impractical)
594	621	215	36	EO26-4	31	141	15	Rule 2 (29-seed miss-probability floor — large event, Rule 1 impractical)
588	622	216	36	EO26-4	4	70	14	Rule 1 (90 % expected coverage — small event, cheap to characterise)
589	623	216	36	EO26-4	4	673	14	Rule 1 (90 % expected coverage — small event, cheap to characterise)
590	624	216	36	EO26-4	4	540	14	Rule 1 (90 % expected coverage — small event, cheap to characterise)
585	625	217	36	EO26-4	4	266	14	Rule 1 (90 % expected coverage — small event, cheap to characterise)
586	626	217	36	EO26-4	4	155	14	Rule 1 (90 % expected coverage — small event, cheap to characterise)
137	220	57	9	EO27	43	54	15	Rule 2 (29-seed miss-probability floor — large event, Rule 1 impractical)
143	219	57	9	EO27	43	155	15	Rule 2 (29-seed miss-probability floor — large event, Rule 1 impractical)
144	218	57	9	EO27	43	151	15	Rule 2 (29-seed miss-probability floor — large event, Rule 1 impractical)
145	217	57	9	EO27	43	71	15	Rule 2 (29-seed miss-probability floor — large event, Rule 1 impractical)
146	216	57	9	EO27	43	80	15	Rule 2 (29-seed miss-probability floor — large event, Rule 1 impractical)
132	221	58	9	EO27	46	92	15	Rule 2 (29-seed miss-probability floor — large event, Rule 1 impractical)
133	222	58	9	EO27	46	57	15	Rule 2 (29-seed miss-probability floor — large event, Rule 1 impractical)
134	223	58	9	EO27	46	46	15	Rule 2 (29-seed miss-probability floor — large event, Rule 1 impractical)
135	224	58	9	EO27	46	53	15	Rule 2 (29-seed miss-probability floor — large event, Rule 1 impractical)
136	225	58	9	EO27	46	31	15	Rule 2 (29-seed miss-probability floor — large event, Rule 1 impractical)
138	231	60	9	EO27	173	78	15	Rule 2 (29-seed miss-probability floor — large event, Rule 1 impractical)
139	232	60	9	EO27	173	67	15	Rule 2 (29-seed miss-probability floor — large event, Rule 1 impractical)
140	233	60	9	EO27	173	115	15	Rule 2 (29-seed miss-probability floor — large event, Rule 1 impractical)
141	234	60	9	EO27	173	29	15	Rule 2 (29-seed miss-probability floor — large event, Rule 1 impractical)
142	235	60	9	EO27	173	172	15	Rule 2 (29-seed miss-probability floor — large event, Rule 1 impractical)
249	242	51	11	EO27-1	53	313	15	Rule 2 (29-seed miss-probability floor — large event, Rule 1 impractical)
250	243	51	11	EO27-1	53	133	15	Rule 2 (29-seed miss-probability floor — large event, Rule 1 impractical)
251	244	51	11	EO27-1	53	81	15	Rule 2 (29-seed miss-probability floor — large event, Rule 1 impractical)
252	245	51	11	EO27-1	53	45	15	Rule 2 (29-seed miss-probability floor — large event, Rule 1 impractical)
253	246	51	11	EO27-1	53	7	7	budget-limited (all available seeds)
254	247	52	11	EO27-1	32	26	15	Rule 2 (29-seed miss-probability floor — large event, Rule 1 impractical)
255	248	52	11	EO27-1	32	65	15	Rule 2 (29-seed miss-probability floor — large event, Rule 1 impractical)
256	249	52	11	EO27-1	32	48	15	Rule 2 (29-seed miss-probability floor — large event, Rule 1 impractical)
257	250	52	11	EO27-1	32	101	15	Rule 2 (29-seed miss-probability floor — large event, Rule 1 impractical)
258	251	52	11	EO27-1	32	59	15	Rule 2 (29-seed miss-probability floor — large event, Rule 1 impractical)
259	252	53	11	EO27-1	38	20	15	Rule 2 (29-seed miss-probability floor — large event, Rule 1 impractical)
260	253	53	11	EO27-1	38	19	15	Rule 2 (29-seed miss-probability floor — large event, Rule 1 impractical)
261	254	53	11	EO27-1	38	26	15	Rule 2 (29-seed miss-probability floor — large event, Rule 1 impractical)
262	255	54	11	EO27-1	97	103	15	Rule 2 (29-seed miss-probability floor — large event, Rule 1 impractical)
263	256	54	11	EO27-1	97	85	15	Rule 2 (29-seed miss-probability floor — large event, Rule 1 impractical)
264	257	54	11	EO27-1	97	72	15	Rule 2 (29-seed miss-probability floor — large event, Rule 1 impractical)
265	258	54	11	EO27-1	97	46	15	Rule 2 (29-seed miss-probability floor — large event, Rule 1 impractical)
266	259	54	11	EO27-1	97	153	15	Rule 2 (29-seed miss-probability floor — large event, Rule 1 impractical)
267	260	55	11	EO27-1	59	55	15	Rule 2 (29-seed miss-probability floor — large event, Rule 1 impractical)
268	261	55	11	EO27-1	59	27	15	Rule 2 (29-seed miss-probability floor — large event, Rule 1 impractical)
269	262	55	11	EO27-1	59	73	15	Rule 2 (29-seed miss-probability floor — large event, Rule 1 impractical)
270	263	55	11	EO27-1	59	71	15	Rule 2 (29-seed miss-probability floor — large event, Rule 1 impractical)
271	264	55	11	EO27-1	59	21	15	Rule 2 (29-seed miss-probability floor — large event, Rule 1 impractical)
281	265	62	11	EO27-1	57	39	15	Rule 2 (29-seed miss-probability floor — large event, Rule 1 impractical)
282	266	62	11	EO27-1	57	90	15	Rule 2 (29-seed miss-probability floor — large event, Rule 1 impractical)
283	267	62	11	EO27-1	57	75	15	Rule 2 (29-seed miss-probability floor — large event, Rule 1 impractical)
284	268	62	11	EO27-1	57	127	15	Rule 2 (29-seed miss-probability floor — large event, Rule 1 impractical)
285	269	62	11	EO27-1	57	65	15	Rule 2 (29-seed miss-probability floor — large event, Rule 1 impractical)
289	270	63	11	EO27-1	35	96	15	Rule 2 (29-seed miss-probability floor — large event, Rule 1 impractical)
290	271	63	11	EO27-1	35	102	15	Rule 2 (29-seed miss-probability floor — large event, Rule 1 impractical)
291	272	63	11	EO27-1	35	85	15	Rule 2 (29-seed miss-probability floor — large event, Rule 1 impractical)
292	273	63	11	EO27-1	35	55	15	Rule 2 (29-seed miss-probability floor — large event, Rule 1 impractical)
293	274	63	11	EO27-1	35	194	15	Rule 2 (29-seed miss-probability floor — large event, Rule 1 impractical)
666	678	180	37	EO27-1	80	188	15	Rule 2 (29-seed miss-probability floor — large event, Rule 1 impractical)
667	679	180	37	EO27-1	80	152	15	Rule 2 (29-seed miss-probability floor — large event, Rule 1 impractical)
668	680	180	37	EO27-1	80	62	15	Rule 2 (29-seed miss-probability floor — large event, Rule 1 impractical)
690	681	181	37	EO27-1	67	60	15	Rule 2 (29-seed miss-probability floor — large event, Rule 1 impractical)
691	682	181	37	EO27-1	67	57	15	Rule 2 (29-seed miss-probability floor — large event, Rule 1 impractical)
692	683	181	37	EO27-1	67	78	15	Rule 2 (29-seed miss-probability floor — large event, Rule 1 impractical)
693	684	181	37	EO27-1	67	18	15	Rule 2 (29-seed miss-probability floor — large event, Rule 1 impractical)
698	685	182	37	EO27-1	80	42	15	Rule 2 (29-seed miss-probability floor — large event, Rule 1 impractical)
699	686	182	37	EO27-1	80	195	15	Rule 2 (29-seed miss-probability floor — large event, Rule 1 impractical)
700	687	182	37	EO27-1	80	210	15	Rule 2 (29-seed miss-probability floor — large event, Rule 1 impractical)
703	688	183	37	EO27-1	88	135	15	Rule 2 (29-seed miss-probability floor — large event, Rule 1 impractical)
704	689	183	37	EO27-1	88	21	15	Rule 2 (29-seed miss-probability floor — large event, Rule 1 impractical)
705	690	203	37	EO27-1	11	271	15	Rule 2 (29-seed miss-probability floor — large event, Rule 1 impractical)
706	691	203	37	EO27-1	11	229	15	Rule 2 (29-seed miss-probability floor — large event, Rule 1 impractical)
707	692	203	37	EO27-1	11	360	15	Rule 2 (29-seed miss-probability floor — large event, Rule 1 impractical)
708	693	203	37	EO27-1	11	272	15	Rule 2 (29-seed miss-probability floor — large event, Rule 1 impractical)
717	694	204	37	EO27-1	21	208	15	Rule 2 (29-seed miss-probability floor — large event, Rule 1 impractical)
718	695	204	37	EO27-1	21	193	15	Rule 2 (29-seed miss-probability floor — large event, Rule 1 impractical)
719	696	204	37	EO27-1	21	183	15	Rule 2 (29-seed miss-probability floor — large event, Rule 1 impractical)
720	697	204	37	EO27-1	21	336	15	Rule 2 (29-seed miss-probability floor — large event, Rule 1 impractical)
721	698	204	37	EO27-1	21	22	15	Rule 2 (29-seed miss-probability floor — large event, Rule 1 impractical)
682	699	205	37	EO27-1	28	229	15	Rule 2 (29-seed miss-probability floor — large event, Rule 1 impractical)
683	700	205	37	EO27-1	28	179	15	Rule 2 (29-seed miss-probability floor — large event, Rule 1 impractical)
684	701	205	37	EO27-1	28	121	15	Rule 2 (29-seed miss-probability floor — large event, Rule 1 impractical)
676	702	221	37	EO27-1	20	91	15	Rule 2 (29-seed miss-probability floor — large event, Rule 1 impractical)
677	703	221	37	EO27-1	20	107	15	Rule 2 (29-seed miss-probability floor — large event, Rule 1 impractical)
657	657	137	10	EO27-3	59	56	15	Rule 2 (29-seed miss-probability floor — large event, Rule 1 impractical)
658	658	137	10	EO27-3	59	94	15	Rule 2 (29-seed miss-probability floor — large event, Rule 1 impractical)
659	659	137	10	EO27-3	59	44	15	Rule 2 (29-seed miss-probability floor — large event, Rule 1 impractical)
660	660	137	10	EO27-3	59	25	15	Rule 2 (29-seed miss-probability floor — large event, Rule 1 impractical)
626	646	206	10	EO27-3	6	16	15	Rule 2 (29-seed miss-probability floor — large event, Rule 1 impractical)
627	236	206	10	EO27-3	6	34	15	Rule 2 (29-seed miss-probability floor — large event, Rule 1 impractical)
628	647	218	10	EO27-3	12	48	15	Rule 2 (29-seed miss-probability floor — large event, Rule 1 impractical)
629	648	218	10	EO27-3	12	51	15	Rule 2 (29-seed miss-probability floor — large event, Rule 1 impractical)
652	649	219	10	EO27-3	125	69	15	Rule 2 (29-seed miss-probability floor — large event, Rule 1 impractical)
653	650	219	10	EO27-3	125	72	15	Rule 2 (29-seed miss-probability floor — large event, Rule 1 impractical)
654	651	219	10	EO27-3	125	121	15	Rule 2 (29-seed miss-probability floor — large event, Rule 1 impractical)
655	652	219	10	EO27-3	125	278	15	Rule 2 (29-seed miss-probability floor — large event, Rule 1 impractical)
656	653	219	10	EO27-3	125	111	15	Rule 2 (29-seed miss-probability floor — large event, Rule 1 impractical)
649	654	220	10	EO27-3	14	41	15	Rule 2 (29-seed miss-probability floor — large event, Rule 1 impractical)
650	655	220	10	EO27-3	14	37	15	Rule 2 (29-seed miss-probability floor — large event, Rule 1 impractical)
651	656	220	10	EO27-3	14	27	15	Rule 2 (29-seed miss-probability floor — large event, Rule 1 impractical)
661	237	50	12	EO27RT	56	52	15	Rule 2 (29-seed miss-probability floor — large event, Rule 1 impractical)
662	238	50	12	EO27RT	56	18	15	Rule 2 (29-seed miss-probability floor — large event, Rule 1 impractical)
663	239	50	12	EO27RT	56	84	15	Rule 2 (29-seed miss-probability floor — large event, Rule 1 impractical)
664	240	50	12	EO27RT	56	51	15	Rule 2 (29-seed miss-probability floor — large event, Rule 1 impractical)
665	241	50	12	EO27RT	56	70	15	Rule 2 (29-seed miss-probability floor — large event, Rule 1 impractical)
701	661	174	12	EO27RT	2	70	5	Rule 1 (90 % expected coverage — small event, cheap to characterise)
702	662	174	12	EO27RT	2	99	5	Rule 1 (90 % expected coverage — small event, cheap to characterise)
694	663	175	12	EO27RT	7	45	15	Rule 2 (29-seed miss-probability floor — large event, Rule 1 impractical)
695	664	175	12	EO27RT	7	123	15	Rule 2 (29-seed miss-probability floor — large event, Rule 1 impractical)
696	665	175	12	EO27RT	7	51	15	Rule 2 (29-seed miss-probability floor — large event, Rule 1 impractical)
697	666	175	12	EO27RT	7	73	15	Rule 2 (29-seed miss-probability floor — large event, Rule 1 impractical)
687	667	176	12	EO27RT	6	441	15	Rule 2 (29-seed miss-probability floor — large event, Rule 1 impractical)
688	668	176	12	EO27RT	6	203	15	Rule 2 (29-seed miss-probability floor — large event, Rule 1 impractical)
689	669	176	12	EO27RT	6	280	15	Rule 2 (29-seed miss-probability floor — large event, Rule 1 impractical)
685	670	177	12	EO27RT	11	91	15	Rule 2 (29-seed miss-probability floor — large event, Rule 1 impractical)
686	671	177	12	EO27RT	11	67	15	Rule 2 (29-seed miss-probability floor — large event, Rule 1 impractical)
678	672	178	12	EO27RT	94	30	15	Rule 2 (29-seed miss-probability floor — large event, Rule 1 impractical)
679	673	178	12	EO27RT	94	18	15	Rule 2 (29-seed miss-probability floor — large event, Rule 1 impractical)
680	674	178	12	EO27RT	94	15	15	Rule 2 (29-seed miss-probability floor — large event, Rule 1 impractical)
681	675	178	12	EO27RT	94	9	9	budget-limited (all available seeds)
671	676	179	12	EO27RT	1	9	1	Rule 1 (90 % expected coverage — small event, cheap to characterise)
672	677	179	12	EO27RT	1	18	1	Rule 1 (90 % expected coverage — small event, cheap to characterise)
640	213	56	8	EO29	99	87	15	Rule 2 (29-seed miss-probability floor — large event, Rule 1 impractical)
641	214	56	8	EO29	99	291	15	Rule 2 (29-seed miss-probability floor — large event, Rule 1 impractical)
642	215	56	8	EO29	99	79	15	Rule 2 (29-seed miss-probability floor — large event, Rule 1 impractical)
632	638	207	8	EO29	138	405	15	Rule 2 (29-seed miss-probability floor — large event, Rule 1 impractical)
633	639	207	8	EO29	138	748	15	Rule 2 (29-seed miss-probability floor — large event, Rule 1 impractical)
634	640	207	8	EO29	138	101	15	Rule 2 (29-seed miss-probability floor — large event, Rule 1 impractical)
635	641	207	8	EO29	138	265	15	Rule 2 (29-seed miss-probability floor — large event, Rule 1 impractical)
636	642	207	8	EO29	138	873	15	Rule 2 (29-seed miss-probability floor — large event, Rule 1 impractical)
637	643	207	8	EO29	138	480	15	Rule 2 (29-seed miss-probability floor — large event, Rule 1 impractical)
638	644	207	8	EO29	138	193	15	Rule 2 (29-seed miss-probability floor — large event, Rule 1 impractical)
639	645	207	8	EO29	138	248	15	Rule 2 (29-seed miss-probability floor — large event, Rule 1 impractical)
603	636	208	8	EO29	8	122	15	Rule 2 (29-seed miss-probability floor — large event, Rule 1 impractical)
604	637	208	8	EO29	8	436	15	Rule 2 (29-seed miss-probability floor — large event, Rule 1 impractical)
605	633	209	8	EO29	30	371	15	Rule 2 (29-seed miss-probability floor — large event, Rule 1 impractical)
606	634	209	8	EO29	30	309	15	Rule 2 (29-seed miss-probability floor — large event, Rule 1 impractical)
607	635	209	8	EO29	30	578	15	Rule 2 (29-seed miss-probability floor — large event, Rule 1 impractical)
616	627	210	8	EO29	142	375	15	Rule 2 (29-seed miss-probability floor — large event, Rule 1 impractical)
617	628	210	8	EO29	142	354	15	Rule 2 (29-seed miss-probability floor — large event, Rule 1 impractical)
618	629	210	8	EO29	142	300	15	Rule 2 (29-seed miss-probability floor — large event, Rule 1 impractical)
619	630	210	8	EO29	142	180	15	Rule 2 (29-seed miss-probability floor — large event, Rule 1 impractical)
620	631	210	8	EO29	142	196	15	Rule 2 (29-seed miss-probability floor — large event, Rule 1 impractical)
621	632	210	8	EO29	142	140	15	Rule 2 (29-seed miss-probability floor — large event, Rule 1 impractical)
160	122	35	13	EO30-1	220	73	15	Rule 2 (29-seed miss-probability floor — large event, Rule 1 impractical)
161	123	35	13	EO30-1	220	206	15	Rule 2 (29-seed miss-probability floor — large event, Rule 1 impractical)
162	124	35	13	EO30-1	220	214	15	Rule 2 (29-seed miss-probability floor — large event, Rule 1 impractical)
163	125	35	13	EO30-1	220	40	15	Rule 2 (29-seed miss-probability floor — large event, Rule 1 impractical)
164	127	35	13	EO30-1	220	76	15	Rule 2 (29-seed miss-probability floor — large event, Rule 1 impractical)
165	126	35	13	EO30-1	220	100	15	Rule 2 (29-seed miss-probability floor — large event, Rule 1 impractical)
166	128	35	13	EO30-1	220	73	15	Rule 2 (29-seed miss-probability floor — large event, Rule 1 impractical)
167	129	35	13	EO30-1	220	130	15	Rule 2 (29-seed miss-probability floor — large event, Rule 1 impractical)
168	130	35	13	EO30-1	220	65	15	Rule 2 (29-seed miss-probability floor — large event, Rule 1 impractical)
169	131	35	13	EO30-1	220	80	15	Rule 2 (29-seed miss-probability floor — large event, Rule 1 impractical)
155	132	36	13	EO30-1	200	62	15	Rule 2 (29-seed miss-probability floor — large event, Rule 1 impractical)
156	133	36	13	EO30-1	200	103	15	Rule 2 (29-seed miss-probability floor — large event, Rule 1 impractical)
157	134	36	13	EO30-1	200	154	15	Rule 2 (29-seed miss-probability floor — large event, Rule 1 impractical)
158	135	36	13	EO30-1	200	113	15	Rule 2 (29-seed miss-probability floor — large event, Rule 1 impractical)
159	136	36	13	EO30-1	200	31	15	Rule 2 (29-seed miss-probability floor — large event, Rule 1 impractical)
150	137	37	13	EO30-1	7	362	15	Rule 2 (29-seed miss-probability floor — large event, Rule 1 impractical)
147	138	38	13	EO30-1	22	894	15	Rule 2 (29-seed miss-probability floor — large event, Rule 1 impractical)
148	139	38	13	EO30-1	22	95	15	Rule 2 (29-seed miss-probability floor — large event, Rule 1 impractical)
149	140	38	13	EO30-1	22	393	15	Rule 2 (29-seed miss-probability floor — large event, Rule 1 impractical)
152	141	39	13	EO30-1	36	896	15	Rule 2 (29-seed miss-probability floor — large event, Rule 1 impractical)
153	142	39	13	EO30-1	36	190	15	Rule 2 (29-seed miss-probability floor — large event, Rule 1 impractical)
154	143	39	13	EO30-1	36	85	15	Rule 2 (29-seed miss-probability floor — large event, Rule 1 impractical)
151	144	40	13	EO30-1	2	212	5	Rule 1 (90 % expected coverage — small event, cheap to characterise)
177	145	41	6	EO32	100	329	15	Rule 2 (29-seed miss-probability floor — large event, Rule 1 impractical)
178	146	41	6	EO32	100	138	15	Rule 2 (29-seed miss-probability floor — large event, Rule 1 impractical)
179	147	41	6	EO32	100	165	15	Rule 2 (29-seed miss-probability floor — large event, Rule 1 impractical)
180	148	41	6	EO32	100	1349	15	Rule 2 (29-seed miss-probability floor — large event, Rule 1 impractical)
181	149	41	6	EO32	100	227	15	Rule 2 (29-seed miss-probability floor — large event, Rule 1 impractical)
193	150	42	6	EO32	122	186	15	Rule 2 (29-seed miss-probability floor — large event, Rule 1 impractical)
194	151	42	6	EO32	122	152	15	Rule 2 (29-seed miss-probability floor — large event, Rule 1 impractical)
195	152	42	6	EO32	122	186	15	Rule 2 (29-seed miss-probability floor — large event, Rule 1 impractical)
196	153	42	6	EO32	122	155	15	Rule 2 (29-seed miss-probability floor — large event, Rule 1 impractical)
197	154	42	6	EO32	122	132	15	Rule 2 (29-seed miss-probability floor — large event, Rule 1 impractical)
189	155	43	6	EO32	24	316	15	Rule 2 (29-seed miss-probability floor — large event, Rule 1 impractical)
190	156	43	6	EO32	24	306	15	Rule 2 (29-seed miss-probability floor — large event, Rule 1 impractical)
182	157	44	6	EO32	66	1493	15	Rule 2 (29-seed miss-probability floor — large event, Rule 1 impractical)
183	158	44	6	EO32	66	375	15	Rule 2 (29-seed miss-probability floor — large event, Rule 1 impractical)
184	159	44	6	EO32	66	1633	15	Rule 2 (29-seed miss-probability floor — large event, Rule 1 impractical)
185	160	44	6	EO32	66	1879	15	Rule 2 (29-seed miss-probability floor — large event, Rule 1 impractical)
186	161	44	6	EO32	66	380	15	Rule 2 (29-seed miss-probability floor — large event, Rule 1 impractical)
175	162	45	6	EO32	12	1279	15	Rule 2 (29-seed miss-probability floor — large event, Rule 1 impractical)
176	163	45	6	EO32	12	219	15	Rule 2 (29-seed miss-probability floor — large event, Rule 1 impractical)
198	164	46	6	EO32	98	532	15	Rule 2 (29-seed miss-probability floor — large event, Rule 1 impractical)
199	165	46	6	EO32	98	173	15	Rule 2 (29-seed miss-probability floor — large event, Rule 1 impractical)
200	166	46	6	EO32	98	189	15	Rule 2 (29-seed miss-probability floor — large event, Rule 1 impractical)
201	167	46	6	EO32	98	266	15	Rule 2 (29-seed miss-probability floor — large event, Rule 1 impractical)
202	168	46	6	EO32	98	175	15	Rule 2 (29-seed miss-probability floor — large event, Rule 1 impractical)
170	169	47	6	EO32	27	2208	15	Rule 2 (29-seed miss-probability floor — large event, Rule 1 impractical)
171	170	47	6	EO32	27	645	15	Rule 2 (29-seed miss-probability floor — large event, Rule 1 impractical)
172	171	47	6	EO32	27	282	15	Rule 2 (29-seed miss-probability floor — large event, Rule 1 impractical)
173	172	47	6	EO32	27	181	15	Rule 2 (29-seed miss-probability floor — large event, Rule 1 impractical)
174	173	47	6	EO32	27	141	15	Rule 2 (29-seed miss-probability floor — large event, Rule 1 impractical)
191	174	71	6	EO32	5	1449	15	Rule 2 (29-seed miss-probability floor — large event, Rule 1 impractical)
192	175	71	6	EO32	5	1644	15	Rule 2 (29-seed miss-probability floor — large event, Rule 1 impractical)
187	176	72	6	EO32	11	447	15	Rule 2 (29-seed miss-probability floor — large event, Rule 1 impractical)
188	177	72	6	EO32	11	175	15	Rule 2 (29-seed miss-probability floor — large event, Rule 1 impractical)
203	178	73	6	EO32	6	260	15	Rule 2 (29-seed miss-probability floor — large event, Rule 1 impractical)
204	200	73	6	EO32	6	450	15	Rule 2 (29-seed miss-probability floor — large event, Rule 1 impractical)
205	201	73	6	EO32	6	196	15	Rule 2 (29-seed miss-probability floor — large event, Rule 1 impractical)
206	202	73	6	EO32	6	76	15	Rule 2 (29-seed miss-probability floor — large event, Rule 1 impractical)
207	203	73	6	EO32	6	29	15	Rule 2 (29-seed miss-probability floor — large event, Rule 1 impractical)
28	1	1	1	EO38	2	123	5	Rule 1 (90 % expected coverage — small event, cheap to characterise)
30	2	1	1	EO38	2	20	5	Rule 1 (90 % expected coverage — small event, cheap to characterise)
2	3	2	1	EO38	2	741	5	Rule 1 (90 % expected coverage — small event, cheap to characterise)
3	4	2	1	EO38	2	283	5	Rule 1 (90 % expected coverage — small event, cheap to characterise)
1	5	3	1	EO38	2	591	5	Rule 1 (90 % expected coverage — small event, cheap to characterise)
31	9	4	1	EO38	10	265	15	Rule 2 (29-seed miss-probability floor — large event, Rule 1 impractical)
32	8	4	1	EO38	10	106	15	Rule 2 (29-seed miss-probability floor — large event, Rule 1 impractical)
33	6	4	1	EO38	10	530	15	Rule 2 (29-seed miss-probability floor — large event, Rule 1 impractical)
34	10	4	1	EO38	10	273	15	Rule 2 (29-seed miss-probability floor — large event, Rule 1 impractical)
35	7	4	1	EO38	10	281	15	Rule 2 (29-seed miss-probability floor — large event, Rule 1 impractical)
13	11	5	1	EO38	8	214	15	Rule 2 (29-seed miss-probability floor — large event, Rule 1 impractical)
14	12	5	1	EO38	8	185	15	Rule 2 (29-seed miss-probability floor — large event, Rule 1 impractical)
15	13	5	1	EO38	8	362	15	Rule 2 (29-seed miss-probability floor — large event, Rule 1 impractical)
16	14	5	1	EO38	8	1078	15	Rule 2 (29-seed miss-probability floor — large event, Rule 1 impractical)
17	15	6	1	EO38	5	480	15	Rule 2 (29-seed miss-probability floor — large event, Rule 1 impractical)
18	16	6	1	EO38	5	1548	15	Rule 2 (29-seed miss-probability floor — large event, Rule 1 impractical)
19	17	7	1	EO38	7	827	15	Rule 2 (29-seed miss-probability floor — large event, Rule 1 impractical)
20	19	7	1	EO38	7	272	15	Rule 2 (29-seed miss-probability floor — large event, Rule 1 impractical)
27	18	7	1	EO38	7	744	15	Rule 2 (29-seed miss-probability floor — large event, Rule 1 impractical)
29	20	8	1	EO38	4	488	14	Rule 1 (90 % expected coverage — small event, cheap to characterise)
7	21	9	1	EO38	1	1607	1	Rule 1 (90 % expected coverage — small event, cheap to characterise)
127	226	9	1	EO38	1	98	1	Rule 1 (90 % expected coverage — small event, cheap to characterise)
128	227	9	1	EO38	1	90	1	Rule 1 (90 % expected coverage — small event, cheap to characterise)
129	228	9	1	EO38	1	84	1	Rule 1 (90 % expected coverage — small event, cheap to characterise)
130	229	9	1	EO38	1	152	1	Rule 1 (90 % expected coverage — small event, cheap to characterise)
131	230	9	1	EO38	1	55	1	Rule 1 (90 % expected coverage — small event, cheap to characterise)
4	22	10	1	EO38	9	1090	15	Rule 2 (29-seed miss-probability floor — large event, Rule 1 impractical)
5	23	10	1	EO38	9	174	15	Rule 2 (29-seed miss-probability floor — large event, Rule 1 impractical)
6	24	10	1	EO38	9	710	15	Rule 2 (29-seed miss-probability floor — large event, Rule 1 impractical)
8	26	11	1	EO38	17	907	15	Rule 2 (29-seed miss-probability floor — large event, Rule 1 impractical)
9	29	11	1	EO38	17	425	15	Rule 2 (29-seed miss-probability floor — large event, Rule 1 impractical)
10	25	11	1	EO38	17	112	15	Rule 2 (29-seed miss-probability floor — large event, Rule 1 impractical)
11	27	11	1	EO38	17	179	15	Rule 2 (29-seed miss-probability floor — large event, Rule 1 impractical)
12	28	11	1	EO38	17	839	15	Rule 2 (29-seed miss-probability floor — large event, Rule 1 impractical)
118	204	74	7	EO48	22	35	15	Rule 2 (29-seed miss-probability floor — large event, Rule 1 impractical)
119	205	74	7	EO48	22	81	15	Rule 2 (29-seed miss-probability floor — large event, Rule 1 impractical)
120	206	74	7	EO48	22	42	15	Rule 2 (29-seed miss-probability floor — large event, Rule 1 impractical)
121	207	74	7	EO48	22	196	15	Rule 2 (29-seed miss-probability floor — large event, Rule 1 impractical)
122	208	75	7	EO48	76	320	15	Rule 2 (29-seed miss-probability floor — large event, Rule 1 impractical)
123	209	75	7	EO48	76	171	15	Rule 2 (29-seed miss-probability floor — large event, Rule 1 impractical)
124	210	75	7	EO48	76	109	15	Rule 2 (29-seed miss-probability floor — large event, Rule 1 impractical)
125	211	75	7	EO48	76	53	15	Rule 2 (29-seed miss-probability floor — large event, Rule 1 impractical)
126	212	75	7	EO48	76	156	15	Rule 2 (29-seed miss-probability floor — large event, Rule 1 impractical)
49	88	82	3	EO52	4	1215	14	Rule 1 (90 % expected coverage — small event, cheap to characterise)
50	86	82	3	EO52	4	225	14	Rule 1 (90 % expected coverage — small event, cheap to characterise)
59	89	82	3	EO52	4	358	14	Rule 1 (90 % expected coverage — small event, cheap to characterise)
60	87	82	3	EO52	4	258	14	Rule 1 (90 % expected coverage — small event, cheap to characterise)
25	90	83	3	EO52	1	401	1	Rule 1 (90 % expected coverage — small event, cheap to characterise)
45	93	84	3	EO52	4	71	14	Rule 1 (90 % expected coverage — small event, cheap to characterise)
46	94	84	3	EO52	4	106	14	Rule 1 (90 % expected coverage — small event, cheap to characterise)
47	91	84	3	EO52	4	366	14	Rule 1 (90 % expected coverage — small event, cheap to characterise)
48	92	84	3	EO52	4	93	14	Rule 1 (90 % expected coverage — small event, cheap to characterise)
21	95	85	3	EO52	2	1046	5	Rule 1 (90 % expected coverage — small event, cheap to characterise)
22	96	85	3	EO52	2	305	5	Rule 1 (90 % expected coverage — small event, cheap to characterise)
23	101	86	3	EO52	10	1359	15	Rule 2 (29-seed miss-probability floor — large event, Rule 1 impractical)
26	99	86	3	EO52	10	1843	15	Rule 2 (29-seed miss-probability floor — large event, Rule 1 impractical)
41	102	86	3	EO52	10	1161	15	Rule 2 (29-seed miss-probability floor — large event, Rule 1 impractical)
42	100	86	3	EO52	10	564	15	Rule 2 (29-seed miss-probability floor — large event, Rule 1 impractical)
43	98	86	3	EO52	10	709	15	Rule 2 (29-seed miss-probability floor — large event, Rule 1 impractical)
44	97	86	3	EO52	10	1147	15	Rule 2 (29-seed miss-probability floor — large event, Rule 1 impractical)
24	103	87	3	EO52	2	155	5	Rule 1 (90 % expected coverage — small event, cheap to characterise)
740	704	222	38	EO61	87	3165	15	Rule 2 (29-seed miss-probability floor — large event, Rule 1 impractical)
741	705	222	38	EO61	87	1001	15	Rule 2 (29-seed miss-probability floor — large event, Rule 1 impractical)
742	706	222	38	EO61	87	948	15	Rule 2 (29-seed miss-probability floor — large event, Rule 1 impractical)
743	707	222	38	EO61	87	740	15	Rule 2 (29-seed miss-probability floor — large event, Rule 1 impractical)
744	708	222	38	EO61	87	145	15	Rule 2 (29-seed miss-probability floor — large event, Rule 1 impractical)
745	709	222	38	EO61	87	390	15	Rule 2 (29-seed miss-probability floor — large event, Rule 1 impractical)
746	710	222	38	EO61	87	900	15	Rule 2 (29-seed miss-probability floor — large event, Rule 1 impractical)
732	711	223	38	EO61	6	410	15	Rule 2 (29-seed miss-probability floor — large event, Rule 1 impractical)
733	712	223	38	EO61	6	188	15	Rule 2 (29-seed miss-probability floor — large event, Rule 1 impractical)
760	713	224	38	EO61	26	670	15	Rule 2 (29-seed miss-probability floor — large event, Rule 1 impractical)
761	714	224	38	EO61	26	2843	15	Rule 2 (29-seed miss-probability floor — large event, Rule 1 impractical)
762	715	224	38	EO61	26	1996	15	Rule 2 (29-seed miss-probability floor — large event, Rule 1 impractical)
763	716	224	38	EO61	26	949	15	Rule 2 (29-seed miss-probability floor — large event, Rule 1 impractical)
764	717	224	38	EO61	26	1689	15	Rule 2 (29-seed miss-probability floor — large event, Rule 1 impractical)
765	718	224	38	EO61	26	2570	15	Rule 2 (29-seed miss-probability floor — large event, Rule 1 impractical)
711	719	225	38	EO61	8	801	15	Rule 2 (29-seed miss-probability floor — large event, Rule 1 impractical)
712	720	225	38	EO61	8	393	15	Rule 2 (29-seed miss-probability floor — large event, Rule 1 impractical)
754	721	226	38	EO61	28	336	15	Rule 2 (29-seed miss-probability floor — large event, Rule 1 impractical)
755	722	226	38	EO61	28	174	15	Rule 2 (29-seed miss-probability floor — large event, Rule 1 impractical)
756	723	226	38	EO61	28	127	15	Rule 2 (29-seed miss-probability floor — large event, Rule 1 impractical)
757	724	226	38	EO61	28	751	15	Rule 2 (29-seed miss-probability floor — large event, Rule 1 impractical)
758	725	226	38	EO61	28	216	15	Rule 2 (29-seed miss-probability floor — large event, Rule 1 impractical)
759	726	226	38	EO61	28	218	15	Rule 2 (29-seed miss-probability floor — large event, Rule 1 impractical)
750	727	227	38	EO61	33	311	15	Rule 2 (29-seed miss-probability floor — large event, Rule 1 impractical)
751	728	227	38	EO61	33	132	15	Rule 2 (29-seed miss-probability floor — large event, Rule 1 impractical)
752	729	227	38	EO61	33	251	15	Rule 2 (29-seed miss-probability floor — large event, Rule 1 impractical)
753	730	227	38	EO61	33	323	15	Rule 2 (29-seed miss-probability floor — large event, Rule 1 impractical)
709	731	228	38	EO61	40	170	15	Rule 2 (29-seed miss-probability floor — large event, Rule 1 impractical)
710	732	228	38	EO61	40	573	15	Rule 2 (29-seed miss-probability floor — large event, Rule 1 impractical)
737	733	229	38	EO61	17	506	15	Rule 2 (29-seed miss-probability floor — large event, Rule 1 impractical)
738	734	229	38	EO61	17	898	15	Rule 2 (29-seed miss-probability floor — large event, Rule 1 impractical)
739	735	229	38	EO61	17	438	15	Rule 2 (29-seed miss-probability floor — large event, Rule 1 impractical)
747	736	230	38	EO61	28	3094	15	Rule 2 (29-seed miss-probability floor — large event, Rule 1 impractical)
748	737	230	38	EO61	28	903	15	Rule 2 (29-seed miss-probability floor — large event, Rule 1 impractical)
749	738	230	38	EO61	28	462	15	Rule 2 (29-seed miss-probability floor — large event, Rule 1 impractical)
728	739	231	38	EO61	18	2463	15	Rule 2 (29-seed miss-probability floor — large event, Rule 1 impractical)
729	740	231	38	EO61	18	1038	15	Rule 2 (29-seed miss-probability floor — large event, Rule 1 impractical)
730	741	231	38	EO61	18	2761	15	Rule 2 (29-seed miss-probability floor — large event, Rule 1 impractical)
731	742	231	38	EO61	18	3359	15	Rule 2 (29-seed miss-probability floor — large event, Rule 1 impractical)
722	743	232	38	EO61	147	421	15	Rule 2 (29-seed miss-probability floor — large event, Rule 1 impractical)
723	744	232	38	EO61	147	397	15	Rule 2 (29-seed miss-probability floor — large event, Rule 1 impractical)
724	745	232	38	EO61	147	835	15	Rule 2 (29-seed miss-probability floor — large event, Rule 1 impractical)
725	746	232	38	EO61	147	413	15	Rule 2 (29-seed miss-probability floor — large event, Rule 1 impractical)
726	747	232	38	EO61	147	280	15	Rule 2 (29-seed miss-probability floor — large event, Rule 1 impractical)
727	748	232	38	EO61	147	633	15	Rule 2 (29-seed miss-probability floor — large event, Rule 1 impractical)
673	750	233	38	EO61	43	1017	15	Rule 2 (29-seed miss-probability floor — large event, Rule 1 impractical)
674	751	233	38	EO61	43	253	15	Rule 2 (29-seed miss-probability floor — large event, Rule 1 impractical)
675	752	233	38	EO61	43	290	15	Rule 2 (29-seed miss-probability floor — large event, Rule 1 impractical)
713	753	234	38	EO61	51	37	15	Rule 2 (29-seed miss-probability floor — large event, Rule 1 impractical)
714	754	234	38	EO61	51	61	15	Rule 2 (29-seed miss-probability floor — large event, Rule 1 impractical)
715	755	234	38	EO61	51	71	15	Rule 2 (29-seed miss-probability floor — large event, Rule 1 impractical)
716	756	234	38	EO61	51	1725	15	Rule 2 (29-seed miss-probability floor — large event, Rule 1 impractical)
734	757	235	38	EO61	11	1457	15	Rule 2 (29-seed miss-probability floor — large event, Rule 1 impractical)
735	758	235	38	EO61	11	437	15	Rule 2 (29-seed miss-probability floor — large event, Rule 1 impractical)
736	759	235	38	EO61	11	331	15	Rule 2 (29-seed miss-probability floor — large event, Rule 1 impractical)
609	760	236	39	EO67	6	37	15	Rule 2 (29-seed miss-probability floor — large event, Rule 1 impractical)
610	761	236	39	EO67	6	43	15	Rule 2 (29-seed miss-probability floor — large event, Rule 1 impractical)
611	762	237	39	EO67	4	101	14	Rule 1 (90 % expected coverage — small event, cheap to characterise)
612	763	237	39	EO67	4	159	14	Rule 1 (90 % expected coverage — small event, cheap to characterise)
228	179	48	5	EO68-3	19	562	15	Rule 2 (29-seed miss-probability floor — large event, Rule 1 impractical)
229	180	48	5	EO68-3	19	2675	15	Rule 2 (29-seed miss-probability floor — large event, Rule 1 impractical)
230	181	48	5	EO68-3	19	3258	15	Rule 2 (29-seed miss-probability floor — large event, Rule 1 impractical)
231	182	48	5	EO68-3	19	1110	15	Rule 2 (29-seed miss-probability floor — large event, Rule 1 impractical)
232	183	48	5	EO68-3	19	679	15	Rule 2 (29-seed miss-probability floor — large event, Rule 1 impractical)
233	184	48	5	EO68-3	19	2382	15	Rule 2 (29-seed miss-probability floor — large event, Rule 1 impractical)
234	185	48	5	EO68-3	19	1465	15	Rule 2 (29-seed miss-probability floor — large event, Rule 1 impractical)
235	186	48	5	EO68-3	19	180	15	Rule 2 (29-seed miss-probability floor — large event, Rule 1 impractical)
236	187	48	5	EO68-3	19	3219	15	Rule 2 (29-seed miss-probability floor — large event, Rule 1 impractical)
237	188	48	5	EO68-3	19	2172	15	Rule 2 (29-seed miss-probability floor — large event, Rule 1 impractical)
238	189	48	5	EO68-3	19	2354	15	Rule 2 (29-seed miss-probability floor — large event, Rule 1 impractical)
212	190	49	5	EO68-3	29	2671	15	Rule 2 (29-seed miss-probability floor — large event, Rule 1 impractical)
213	191	49	5	EO68-3	29	434	15	Rule 2 (29-seed miss-probability floor — large event, Rule 1 impractical)
214	192	49	5	EO68-3	29	1994	15	Rule 2 (29-seed miss-probability floor — large event, Rule 1 impractical)
215	193	49	5	EO68-3	29	651	15	Rule 2 (29-seed miss-probability floor — large event, Rule 1 impractical)
216	194	49	5	EO68-3	29	107	15	Rule 2 (29-seed miss-probability floor — large event, Rule 1 impractical)
217	195	49	5	EO68-3	29	134	15	Rule 2 (29-seed miss-probability floor — large event, Rule 1 impractical)
218	196	49	5	EO68-3	29	2632	15	Rule 2 (29-seed miss-probability floor — large event, Rule 1 impractical)
219	197	49	5	EO68-3	29	4554	15	Rule 2 (29-seed miss-probability floor — large event, Rule 1 impractical)
220	198	49	5	EO68-3	29	195	15	Rule 2 (29-seed miss-probability floor — large event, Rule 1 impractical)
221	199	49	5	EO68-3	29	732	15	Rule 2 (29-seed miss-probability floor — large event, Rule 1 impractical)
404	444	107	26	EO70	65	114	15	Rule 2 (29-seed miss-probability floor — large event, Rule 1 impractical)
405	445	107	26	EO70	65	57	15	Rule 2 (29-seed miss-probability floor — large event, Rule 1 impractical)
406	446	107	26	EO70	65	51	15	Rule 2 (29-seed miss-probability floor — large event, Rule 1 impractical)
407	447	107	26	EO70	65	120	15	Rule 2 (29-seed miss-probability floor — large event, Rule 1 impractical)
408	448	107	26	EO70	65	40	15	Rule 2 (29-seed miss-probability floor — large event, Rule 1 impractical)
409	449	108	26	EO70	62	27	15	Rule 2 (29-seed miss-probability floor — large event, Rule 1 impractical)
410	450	108	26	EO70	62	105	15	Rule 2 (29-seed miss-probability floor — large event, Rule 1 impractical)
411	451	108	26	EO70	62	17	15	Rule 2 (29-seed miss-probability floor — large event, Rule 1 impractical)
412	452	108	26	EO70	62	65	15	Rule 2 (29-seed miss-probability floor — large event, Rule 1 impractical)
413	453	108	26	EO70	62	55	15	Rule 2 (29-seed miss-probability floor — large event, Rule 1 impractical)
416	454	109	26	EO70	8	230	15	Rule 2 (29-seed miss-probability floor — large event, Rule 1 impractical)
417	455	109	26	EO70	8	70	15	Rule 2 (29-seed miss-probability floor — large event, Rule 1 impractical)
418	456	109	26	EO70	8	43	15	Rule 2 (29-seed miss-probability floor — large event, Rule 1 impractical)
419	457	109	26	EO70	8	57	15	Rule 2 (29-seed miss-probability floor — large event, Rule 1 impractical)
420	458	109	26	EO70	8	69	15	Rule 2 (29-seed miss-probability floor — large event, Rule 1 impractical)
436	459	138	26	EO70	8	103	15	Rule 2 (29-seed miss-probability floor — large event, Rule 1 impractical)
437	460	138	26	EO70	8	266	15	Rule 2 (29-seed miss-probability floor — large event, Rule 1 impractical)
438	461	138	26	EO70	8	185	15	Rule 2 (29-seed miss-probability floor — large event, Rule 1 impractical)
439	462	138	26	EO70	8	457	15	Rule 2 (29-seed miss-probability floor — large event, Rule 1 impractical)
440	463	138	26	EO70	8	834	15	Rule 2 (29-seed miss-probability floor — large event, Rule 1 impractical)
426	464	139	26	EO70	18	51	15	Rule 2 (29-seed miss-probability floor — large event, Rule 1 impractical)
427	465	139	26	EO70	18	231	15	Rule 2 (29-seed miss-probability floor — large event, Rule 1 impractical)
428	466	139	26	EO70	18	89	15	Rule 2 (29-seed miss-probability floor — large event, Rule 1 impractical)
429	467	139	26	EO70	18	73	15	Rule 2 (29-seed miss-probability floor — large event, Rule 1 impractical)
430	468	139	26	EO70	18	198	15	Rule 2 (29-seed miss-probability floor — large event, Rule 1 impractical)
622	764	238	40	EO72-2	7	78	15	Rule 2 (29-seed miss-probability floor — large event, Rule 1 impractical)
623	765	238	40	EO72-2	7	43	15	Rule 2 (29-seed miss-probability floor — large event, Rule 1 impractical)
624	766	238	40	EO72-2	7	59	15	Rule 2 (29-seed miss-probability floor — large event, Rule 1 impractical)
625	767	238	40	EO72-2	7	128	15	Rule 2 (29-seed miss-probability floor — large event, Rule 1 impractical)
73	30	12	2	EO76	14	1472	15	Rule 2 (29-seed miss-probability floor — large event, Rule 1 impractical)
74	31	12	2	EO76	14	707	15	Rule 2 (29-seed miss-probability floor — large event, Rule 1 impractical)
75	32	12	2	EO76	14	1583	15	Rule 2 (29-seed miss-probability floor — large event, Rule 1 impractical)
76	33	12	2	EO76	14	993	15	Rule 2 (29-seed miss-probability floor — large event, Rule 1 impractical)
77	34	13	2	EO76	19	1856	15	Rule 2 (29-seed miss-probability floor — large event, Rule 1 impractical)
78	35	13	2	EO76	19	5684	15	Rule 2 (29-seed miss-probability floor — large event, Rule 1 impractical)
79	36	13	2	EO76	19	4611	15	Rule 2 (29-seed miss-probability floor — large event, Rule 1 impractical)
80	37	13	2	EO76	19	944	15	Rule 2 (29-seed miss-probability floor — large event, Rule 1 impractical)
81	38	13	2	EO76	19	1600	15	Rule 2 (29-seed miss-probability floor — large event, Rule 1 impractical)
69	39	14	2	EO76	27	469	15	Rule 2 (29-seed miss-probability floor — large event, Rule 1 impractical)
70	40	14	2	EO76	27	1584	15	Rule 2 (29-seed miss-probability floor — large event, Rule 1 impractical)
71	41	14	2	EO76	27	2367	15	Rule 2 (29-seed miss-probability floor — large event, Rule 1 impractical)
72	42	14	2	EO76	27	164	15	Rule 2 (29-seed miss-probability floor — large event, Rule 1 impractical)
84	43	15	2	EO76	7	376	15	Rule 2 (29-seed miss-probability floor — large event, Rule 1 impractical)
89	44	15	2	EO76	7	374	15	Rule 2 (29-seed miss-probability floor — large event, Rule 1 impractical)
103	45	16	2	EO76	48	1859	15	Rule 2 (29-seed miss-probability floor — large event, Rule 1 impractical)
104	46	16	2	EO76	48	686	15	Rule 2 (29-seed miss-probability floor — large event, Rule 1 impractical)
105	47	16	2	EO76	48	2078	15	Rule 2 (29-seed miss-probability floor — large event, Rule 1 impractical)
106	48	16	2	EO76	48	2037	15	Rule 2 (29-seed miss-probability floor — large event, Rule 1 impractical)
107	49	16	2	EO76	48	3973	15	Rule 2 (29-seed miss-probability floor — large event, Rule 1 impractical)
90	50	17	2	EO76	22	1518	15	Rule 2 (29-seed miss-probability floor — large event, Rule 1 impractical)
91	51	17	2	EO76	22	4981	15	Rule 2 (29-seed miss-probability floor — large event, Rule 1 impractical)
92	52	17	2	EO76	22	2327	15	Rule 2 (29-seed miss-probability floor — large event, Rule 1 impractical)
54	53	18	2	EO76	2	930	5	Rule 1 (90 % expected coverage — small event, cheap to characterise)
68	54	19	2	EO76	2	3991	5	Rule 1 (90 % expected coverage — small event, cheap to characterise)
85	55	20	2	EO76	19	446	15	Rule 2 (29-seed miss-probability floor — large event, Rule 1 impractical)
86	56	20	2	EO76	19	562	15	Rule 2 (29-seed miss-probability floor — large event, Rule 1 impractical)
87	57	20	2	EO76	19	433	15	Rule 2 (29-seed miss-probability floor — large event, Rule 1 impractical)
88	58	20	2	EO76	19	802	15	Rule 2 (29-seed miss-probability floor — large event, Rule 1 impractical)
63	59	21	2	EO76	3	710	9	Rule 1 (90 % expected coverage — small event, cheap to characterise)
51	60	22	2	EO76	22	1976	15	Rule 2 (29-seed miss-probability floor — large event, Rule 1 impractical)
52	61	22	2	EO76	22	2063	15	Rule 2 (29-seed miss-probability floor — large event, Rule 1 impractical)
93	62	23	2	EO76	200	1567	15	Rule 2 (29-seed miss-probability floor — large event, Rule 1 impractical)
94	63	23	2	EO76	200	3339	15	Rule 2 (29-seed miss-probability floor — large event, Rule 1 impractical)
95	64	23	2	EO76	200	1502	15	Rule 2 (29-seed miss-probability floor — large event, Rule 1 impractical)
96	65	23	2	EO76	200	156	15	Rule 2 (29-seed miss-probability floor — large event, Rule 1 impractical)
97	66	23	2	EO76	200	1010	15	Rule 2 (29-seed miss-probability floor — large event, Rule 1 impractical)
98	67	23	2	EO76	200	41	15	Rule 2 (29-seed miss-probability floor — large event, Rule 1 impractical)
99	68	23	2	EO76	200	882	15	Rule 2 (29-seed miss-probability floor — large event, Rule 1 impractical)
100	69	23	2	EO76	200	1668	15	Rule 2 (29-seed miss-probability floor — large event, Rule 1 impractical)
101	70	23	2	EO76	200	229	15	Rule 2 (29-seed miss-probability floor — large event, Rule 1 impractical)
102	71	23	2	EO76	200	1302	15	Rule 2 (29-seed miss-probability floor — large event, Rule 1 impractical)
66	72	24	2	EO76	6	483	15	Rule 2 (29-seed miss-probability floor — large event, Rule 1 impractical)
67	73	25	2	EO76	1	1928	1	Rule 1 (90 % expected coverage — small event, cheap to characterise)
40	74	26	2	EO76	3	222	9	Rule 1 (90 % expected coverage — small event, cheap to characterise)
82	75	27	2	EO76	21	2023	15	Rule 2 (29-seed miss-probability floor — large event, Rule 1 impractical)
83	76	27	2	EO76	21	975	15	Rule 2 (29-seed miss-probability floor — large event, Rule 1 impractical)
64	77	28	2	EO76	1	1521	1	Rule 1 (90 % expected coverage — small event, cheap to characterise)
55	78	29	2	EO76	72	295	15	Rule 2 (29-seed miss-probability floor — large event, Rule 1 impractical)
56	79	29	2	EO76	72	806	15	Rule 2 (29-seed miss-probability floor — large event, Rule 1 impractical)
57	80	29	2	EO76	72	1748	15	Rule 2 (29-seed miss-probability floor — large event, Rule 1 impractical)
58	81	29	2	EO76	72	1776	15	Rule 2 (29-seed miss-probability floor — large event, Rule 1 impractical)
53	82	30	2	EO76	17	947	15	Rule 2 (29-seed miss-probability floor — large event, Rule 1 impractical)
65	83	31	2	EO76	9	2148	15	Rule 2 (29-seed miss-probability floor — large event, Rule 1 impractical)
61	84	32	2	EO76	4	813	14	Rule 1 (90 % expected coverage — small event, cheap to characterise)
62	85	33	2	EO76	3	1696	9	Rule 1 (90 % expected coverage — small event, cheap to characterise)
210	120	34	2	EO76	5	582	15	Rule 2 (29-seed miss-probability floor — large event, Rule 1 impractical)
211	121	34	2	EO76	5	1701	15	Rule 2 (29-seed miss-probability floor — large event, Rule 1 impractical)
36	119	92	2	EO76	9	1106	15	Rule 2 (29-seed miss-probability floor — large event, Rule 1 impractical)
37	118	92	2	EO76	9	480	15	Rule 2 (29-seed miss-probability floor — large event, Rule 1 impractical)
38	116	92	2	EO76	9	817	15	Rule 2 (29-seed miss-probability floor — large event, Rule 1 impractical)
39	117	92	2	EO76	9	1080	15	Rule 2 (29-seed miss-probability floor — large event, Rule 1 impractical)
489	469	140	27	EO8	2	534	5	Rule 1 (90 % expected coverage — small event, cheap to characterise)
484	470	141	27	EO8	2	620	5	Rule 1 (90 % expected coverage — small event, cheap to characterise)
485	471	141	27	EO8	2	683	5	Rule 1 (90 % expected coverage — small event, cheap to characterise)
495	472	142	27	EO8	27	1368	15	Rule 2 (29-seed miss-probability floor — large event, Rule 1 impractical)
496	473	142	27	EO8	27	231	15	Rule 2 (29-seed miss-probability floor — large event, Rule 1 impractical)
497	474	142	27	EO8	27	1803	15	Rule 2 (29-seed miss-probability floor — large event, Rule 1 impractical)
491	475	143	27	EO8	34	305	15	Rule 2 (29-seed miss-probability floor — large event, Rule 1 impractical)
492	476	143	27	EO8	34	115	15	Rule 2 (29-seed miss-probability floor — large event, Rule 1 impractical)
493	477	143	27	EO8	34	225	15	Rule 2 (29-seed miss-probability floor — large event, Rule 1 impractical)
488	478	144	27	EO8	2	523	5	Rule 1 (90 % expected coverage — small event, cheap to characterise)
490	479	145	27	EO8	2	137	5	Rule 1 (90 % expected coverage — small event, cheap to characterise)
481	480	146	28	EO8	5	4168	15	Rule 2 (29-seed miss-probability floor — large event, Rule 1 impractical)
482	481	146	28	EO8	5	1122	15	Rule 2 (29-seed miss-probability floor — large event, Rule 1 impractical)
478	482	147	28	EO8	14	253	15	Rule 2 (29-seed miss-probability floor — large event, Rule 1 impractical)
479	483	147	28	EO8	14	673	15	Rule 2 (29-seed miss-probability floor — large event, Rule 1 impractical)
480	484	147	28	EO8	14	632	15	Rule 2 (29-seed miss-probability floor — large event, Rule 1 impractical)
477	485	148	28	EO8	6	174	15	Rule 2 (29-seed miss-probability floor — large event, Rule 1 impractical)
468	486	149	28	EO8	11	1161	15	Rule 2 (29-seed miss-probability floor — large event, Rule 1 impractical)
469	487	149	28	EO8	11	953	15	Rule 2 (29-seed miss-probability floor — large event, Rule 1 impractical)
470	488	149	28	EO8	11	1139	15	Rule 2 (29-seed miss-probability floor — large event, Rule 1 impractical)
471	489	149	28	EO8	11	908	15	Rule 2 (29-seed miss-probability floor — large event, Rule 1 impractical)
465	490	150	28	EO8	5	468	15	Rule 2 (29-seed miss-probability floor — large event, Rule 1 impractical)
466	491	150	28	EO8	5	1931	15	Rule 2 (29-seed miss-probability floor — large event, Rule 1 impractical)
467	492	150	28	EO8	5	300	15	Rule 2 (29-seed miss-probability floor — large event, Rule 1 impractical)
461	493	151	28	EO8	9	318	15	Rule 2 (29-seed miss-probability floor — large event, Rule 1 impractical)
462	494	151	28	EO8	9	456	15	Rule 2 (29-seed miss-probability floor — large event, Rule 1 impractical)
463	495	151	28	EO8	9	353	15	Rule 2 (29-seed miss-probability floor — large event, Rule 1 impractical)
464	496	151	28	EO8	9	149	15	Rule 2 (29-seed miss-probability floor — large event, Rule 1 impractical)
458	497	152	28	EO8	13	1498	15	Rule 2 (29-seed miss-probability floor — large event, Rule 1 impractical)
459	498	152	28	EO8	13	384	15	Rule 2 (29-seed miss-probability floor — large event, Rule 1 impractical)
460	499	152	28	EO8	13	426	15	Rule 2 (29-seed miss-probability floor — large event, Rule 1 impractical)
453	500	153	28	EO8	8	269	15	Rule 2 (29-seed miss-probability floor — large event, Rule 1 impractical)
454	501	153	28	EO8	8	690	15	Rule 2 (29-seed miss-probability floor — large event, Rule 1 impractical)
449	502	154	28	EO8	16	1175	15	Rule 2 (29-seed miss-probability floor — large event, Rule 1 impractical)
450	503	154	28	EO8	16	553	15	Rule 2 (29-seed miss-probability floor — large event, Rule 1 impractical)
451	504	154	28	EO8	16	429	15	Rule 2 (29-seed miss-probability floor — large event, Rule 1 impractical)
452	505	154	28	EO8	16	124	15	Rule 2 (29-seed miss-probability floor — large event, Rule 1 impractical)
498	530	155	29	EO8	1	189	1	Rule 1 (90 % expected coverage — small event, cheap to characterise)
499	506	157	29	EO8	3	367	9	Rule 1 (90 % expected coverage — small event, cheap to characterise)
500	507	157	29	EO8	3	154	9	Rule 1 (90 % expected coverage — small event, cheap to characterise)
501	508	157	29	EO8	3	494	9	Rule 1 (90 % expected coverage — small event, cheap to characterise)
486	509	158	29	EO8	7	482	15	Rule 2 (29-seed miss-probability floor — large event, Rule 1 impractical)
487	510	158	29	EO8	7	3005	15	Rule 2 (29-seed miss-probability floor — large event, Rule 1 impractical)
503	511	159	29	EO8	80	550	15	Rule 2 (29-seed miss-probability floor — large event, Rule 1 impractical)
504	512	159	29	EO8	80	602	15	Rule 2 (29-seed miss-probability floor — large event, Rule 1 impractical)
505	513	159	29	EO8	80	424	15	Rule 2 (29-seed miss-probability floor — large event, Rule 1 impractical)
506	514	159	29	EO8	80	429	15	Rule 2 (29-seed miss-probability floor — large event, Rule 1 impractical)
507	515	159	29	EO8	80	2898	15	Rule 2 (29-seed miss-probability floor — large event, Rule 1 impractical)
508	516	159	29	EO8	80	1125	15	Rule 2 (29-seed miss-probability floor — large event, Rule 1 impractical)
509	517	159	29	EO8	80	274	15	Rule 2 (29-seed miss-probability floor — large event, Rule 1 impractical)
510	518	159	29	EO8	80	992	15	Rule 2 (29-seed miss-probability floor — large event, Rule 1 impractical)
511	519	159	29	EO8	80	736	15	Rule 2 (29-seed miss-probability floor — large event, Rule 1 impractical)
472	520	160	29	EO8	53	246	15	Rule 2 (29-seed miss-probability floor — large event, Rule 1 impractical)
473	521	160	29	EO8	53	1711	15	Rule 2 (29-seed miss-probability floor — large event, Rule 1 impractical)
474	522	160	29	EO8	53	647	15	Rule 2 (29-seed miss-probability floor — large event, Rule 1 impractical)
475	523	160	29	EO8	53	1330	15	Rule 2 (29-seed miss-probability floor — large event, Rule 1 impractical)
476	524	160	29	EO8	53	418	15	Rule 2 (29-seed miss-probability floor — large event, Rule 1 impractical)
456	525	161	29	EO8	3	407	9	Rule 1 (90 % expected coverage — small event, cheap to characterise)
457	526	161	29	EO8	3	1012	9	Rule 1 (90 % expected coverage — small event, cheap to characterise)
455	527	162	29	EO8	2	236	5	Rule 1 (90 % expected coverage — small event, cheap to characterise)
483	528	163	29	EO8	1	142	1	Rule 1 (90 % expected coverage — small event, cheap to characterise)
494	529	164	29	EO8	2	148	5	Rule 1 (90 % expected coverage — small event, cheap to characterise)
