EO	locationID	radius_m	n_components	n_fert_total	component_sizes	largest_comp_N	pred_mean	pred_lo95	pred_hi95	observed	gap_pred_minus_obs	obs_inside_CI
EO67	39	10	2	10	6,4	6	10.866	7.0	15.0	7	3.8659999999999997	True
EO67	39	25	2	10	6,4	6	10.89	7.0	15.0	7	3.8900000000000006	True
EO67	39	50	2	10	6,4	6	10.8105	7.0	15.0	7	3.8104999999999993	True
EO67	39	75	2	10	6,4	6	10.7855	7.0	15.0	7	3.7855000000000008	True
EO67	39	100	2	10	6,4	6	10.8325	7.0	15.0	7	3.8324999999999996	True
EO67	39	150	2	10	6,4	6	10.88	8.0	15.0	7	3.880000000000001	False
EO70	26	10	3	161	78,65,18	78	28.3405	25.0	31.0	6	22.3405	False
EO70	26	25	1	161	161	161	28.367	25.0	31.0	6	22.367	False
EO70	26	50	1	161	161	161	28.3355	25.0	31.0	6	22.3355	False
EO70	26	75	1	161	161	161	28.3315	25.0	31.0	6	22.3315	False
EO70	26	100	1	161	161	161	28.3005	25.0	31.0	6	22.3005	False
EO70	26	150	1	161	161	161	28.3665	25.0	31.0	6	22.3665	False
EO76	2	10	17	517	203,77,72,27,22,21,19,17,16,14,9,6,5,4,3,1,1	203	31.7955	31.0	32.0	9	22.7955	False
EO76	2	25	6	517	401,72,16,14,9,5	401	31.8135	31.0	32.0	9	22.8135	False
EO76	2	50	6	517	401,72,16,14,9,5	401	31.8125	31.0	32.0	9	22.8125	False
EO76	2	75	5	517	415,72,16,9,5	415	31.799	31.0	32.0	9	22.799	False
EO76	2	100	5	517	415,72,16,9,5	415	31.8155	31.0	32.0	9	22.8155	False
EO76	2	150	5	517	415,72,16,9,5	415	31.802	31.0	32.0	9	22.802	False
