populationID	BL	populationID_old	year	n_demes	N_fertile_total	largest_deme_N	smallest_deme_N	pred_srk_diversity_mean	pred_srk_diversity_lo95	pred_srk_diversity_hi95	pred_pcompat_mean	pred_pcompat_lo95	pred_pcompat_hi95
1	BL1	8	2025	2	487	420	67	31.74	31.0	32.0	0.7778625925925926	0.7407499999999999	0.8163638888888889
1	BL1	8	2026	1	154	154	154	28.113333333333333	25.0	31.0	0.7777174074074072	0.7367166666666666	0.8164180555555557
2	BL1	19	2026	4	138	92	10	27.593333333333337	24.725	31.0	0.7756388888888889	0.7296694444444446	0.8170680555555555
3	BL1	35	2026	1	12	12	12	11.666666666666666	8.0	16.0	0.7524092592592592	0.6568930555555554	0.8420194444444444
3	BL1	35	2025	2	10	6	4	10.906666666666666	8.0	15.0	0.7592411111111111	0.6681527777777779	0.8400638888888889
4	BL1	39	2025	1	7	7	7	8.933333333333334	6.0	12.0	0.7430151851851852	0.6161708333333334	0.8352124999999998
5	BL1	17	2026	2	44	36	8	20.126666666666665	16.725	24.0	0.7671992592592592	0.7140541666666667	0.8204597222222221
5	BL1	17	2025	2	216	143	73	29.64666666666667	27.0	32.0	0.777325925925926	0.7272958333333334	0.8210986111111112
6	BL1	21	2026	1	103	103	103	25.673333333333332	22.0	29.0	0.7733540740740741	0.7305902777777779	0.8105166666666667
7	BL1	23	2026	3	85	73	1	24.886666666666667	21.0	29.0	0.7816174074074074	0.7412388888888889	0.8210194444444444
8	BL1	11	2026	6	194	138	1	29.16	26.0	32.0	0.7756903703703704	0.7319902777777778	0.8170166666666666
8	BL1	11	2025	2	262	173	89	30.406666666666663	28.0	32.0	0.7750159259259259	0.731023611111111	0.8164972222222223
9	BL1	41	2026	1	4	4	4	6.553333333333334	4.0	9.0	0.7049074074074074	0.5299708333333333	0.8130972222222221
10	BL1	18	2026	1	173	173	173	28.673333333333332	25.0	31.0	0.7768751851851852	0.7247944444444445	0.8262222222222222
11	BL1	14	2025	6	395	147	20	31.373333333333335	29.725	32.0	0.7746	0.7311027777777779	0.8131680555555555
12	BL1	29	2026	5	44	21	1	20.406666666666663	16.0	25.0	0.7759570370370371	0.727301388888889	0.8231875000000001
13	BL1	1	2025	11	548	116	2	31.873333333333335	31.0	32.0	0.7789229629629629	0.7343833333333332	0.8182527777777776
13	BL1	1	2026	28	1239	261	0	32.0	32.0	32.0	0.775927037037037	0.7347666666666667	0.8172125
14	BL1	28	2026	2	53	43	10	21.446666666666665	18.0	26.0	0.774097037037037	0.7060541666666668	0.820975
15	BL2	2	2025	4	152	138	3	28.173333333333332	24.725	31.0	0.7759733333333333	0.7311069444444444	0.8100361111111112
15	BL2	2	2026	4	1494	1391	4	32.0	32.0	32.0	0.7793640740740743	0.7348666666666667	0.8239152777777778
16	BL2	6	2025	9	156	36	2	28.246666666666663	25.0	31.0	0.7755418518518519	0.7340152777777778	0.820311111111111
16	BL2	6	2026	26	720	192	1	31.946666666666665	31.0	32.0	0.7788348148148149	0.7357041666666667	0.8172930555555555
17	BL2	36	2025	3	22	11	4	15.6	11.725	20.0	0.7647655555555556	0.6887694444444445	0.827751388888889
18	BL2	20	2025	2	127	112	15	27.3	24.0	31.0	0.7734951851851851	0.7321861111111111	0.8189180555555556
19	BL2	30	2025	1	43	43	43	20.2	16.0	24.0	0.7689977777777779	0.7067652777777778	0.8172333333333334
20	BL2	12	2025	4	182	121	8	28.973333333333333	26.0	31.0	0.7778325925925925	0.73475	0.8215902777777779
20	BL2	12	2026	5	251	216	1	30.326666666666668	27.0	32.0	0.7739170370370371	0.7305875	0.815326388888889
21	BL2	26	2026	1	19	19	19	14.633333333333333	10.725	19.0	0.7594207407407407	0.6946902777777777	0.8358097222222223
21	BL2	26	2025	5	39	24	1	19.546666666666667	16.0	24.0	0.7723851851851852	0.7229305555555555	0.8127138888888888
22	BL2	9	2025	2	543	315	228	31.86	31.0	32.0	0.7735196296296296	0.7350597222222222	0.8176708333333335
23	BL2	13	2025	1	417	417	417	31.64	30.0	32.0	0.7799070370370371	0.7371999999999999	0.8192111111111111
24	BL3	22	2025	1	98	98	98	25.433333333333337	21.725	29.0	0.7724174074074075	0.7243166666666668	0.8217527777777779
25	BL3	4	2026	11	861	541	1	31.993333333333332	32.0	32.0	0.7789377777777777	0.7335555555555555	0.8154097222222223
25	BL3	4	2025	4	142	98	6	27.773333333333333	24.725	30.27500000000001	0.7761955555555555	0.7361208333333333	0.8142194444444444
26	BL3	7	2025	1	324	324	324	31.053333333333335	29.0	32.0	0.7780496296296295	0.7280444444444444	0.8168236111111112
26	BL3	7	2026	7	424	309	1	31.526666666666667	30.0	32.0	0.7760307407407407	0.7318333333333334	0.8120236111111111
27	BL3	42	2025	1	3	3	3	5.793333333333333	4.0	8.0	0.6961581481481481	0.5322986111111111	0.8193902777777777
28	BL3	44	2025	1	2	2	2	4.68	3.0	7.0	0.659861111111111	0.4115027777777778	0.7988305555555556
29	BL3	31	2026	1	27	27	27	17.19333333333333	13.725	21.0	0.7694607407407406	0.701336111111111	0.8296305555555558
29	BL3	31	2025	1	2	2	2	4.6466666666666665	3.0	7.0	0.6538240740740741	0.4543888888888889	0.7867125
30	BL3	43	2026	1	2	2	2	4.493333333333333	2.0	6.275000000000006	0.6316285185185185	0.3456541666666667	0.7829680555555556
30	BL3	43	2025	1	1	1	1	2.8466666666666667	1.0	4.0	0.4954248148148148	0.0	0.6869305555555555
31	BL3	38	2026	1	14	14	14	12.68	9.725	16.55000000000001	0.7596518518518518	0.6830861111111111	0.8409791666666665
32	BL3	3	2026	22	917	266	0	31.98	32.0	32.0	0.7800074074074075	0.7408944444444444	0.8199708333333334
32	BL3	3	2025	16	523	158	1	31.793333333333333	31.0	32.0	0.7775066666666667	0.739226388888889	0.8147583333333333
33	BL3	5	2025	2	113	86	27	26.206666666666667	22.0	29.27500000000001	0.7771062962962962	0.7274236111111112	0.8190763888888889
33	BL3	5	2026	4	887	822	1	31.98	32.0	32.0	0.7760418518518518	0.7316222222222222	0.815363888888889
34	BL3	33	2025	2	10	6	4	10.72	7.0	14.0	0.7458855555555556	0.6318125000000001	0.8257888888888889
34	BL3	33	2026	2	16	12	4	13.34	9.725	17.275000000000006	0.7593437037037036	0.6924277777777779	0.8223347222222221
35	BL4	34	2026	1	3	3	3	5.826666666666667	3.0	9.0	0.6948274074074074	0.5015124999999999	0.809888888888889
35	BL4	34	2025	2	23	14	9	16.0	12.0	20.0	0.7656081481481481	0.6895041666666667	0.8321666666666666
36	BL4	16	2025	3	67	55	1	22.793333333333333	19.0	26.0	0.773438888888889	0.7217916666666666	0.8300430555555556
36	BL4	16	2026	7	248	107	1	30.286666666666665	27.725	32.0	0.7778022222222222	0.7393319444444444	0.8142236111111111
37	BL4	40	2026	1	6	6	6	8.126666666666667	5.0	11.0	0.7258203703703704	0.5807305555555556	0.8283
38	BL4	24	2025	1	29	29	29	17.72	14.0	21.27500000000001	0.772878888888889	0.703961111111111	0.8317833333333333
38	BL4	24	2026	1	50	50	50	21.14	17.725	24.27500000000001	0.7735592592592593	0.7152374999999999	0.8233305555555556
39	BL4	10	2026	2	16	13	3	13.3	10.0	17.0	0.7580481481481482	0.6700041666666665	0.8335263888888889
39	BL4	10	2025	5	445	401	5	31.72	31.0	32.0	0.7762414814814815	0.7303263888888888	0.8144305555555555
40	BL4	25	2025	1	72	72	72	23.593333333333337	20.0	28.0	0.774807037037037	0.7258402777777778	0.8123930555555555
41	BL5	15	2026	2	232	187	45	30.12	27.0	32.0	0.7785288888888889	0.7395777777777779	0.8117666666666669
41	BL5	15	2025	1	161	161	161	28.473333333333333	25.0	31.0	0.7759537037037036	0.7316888888888888	0.8174194444444445
42	BL5	32	2026	1	26	26	26	16.86	13.0	21.0	0.7664203703703705	0.7110375	0.8221361111111112
43	BL5	27	2026	1	6	6	6	8.24	5.0	12.0	0.7292433333333335	0.5902097222222222	0.8357513888888889
43	BL5	27	2025	1	48	48	48	20.9	17.0	25.0	0.7730092592592592	0.7185291666666667	0.8215680555555556
44	BL5	37	2026	1	17	17	17	13.906666666666666	10.0	18.0	0.761607037037037	0.6794013888888888	0.8341791666666666
