populationID	BL	populationID_old	n_slickspots	n_slickspots_both_years	n_fertile_2025	n_fertile_2026	n_events_2025	n_events_2026	locationIDs	n_fertile_total	present_both_years	occupancy	ratio_2026_over_2025	n_demes_2025	n_demes_2026	locationCodes
1	BL1	39	1	0	7	0	1	0	40	7	False	2025_only	0.0	1	0	EO72-2
2	BL1	35	4	0	10	12	2	2	39	22	True	both_years	1.2	2	1	EO67
3	BL1	8	8	0	487	154	6	2	13	641	True	both_years	0.3162217659137577	2	1	EO30-1
4	BL1	19	8	0	0	138	0	9	42	138	False	2026_only		0	4	EO30-2
5	BL1	17	5	1	216	44	5	2	10	260	True	both_years	0.2037037037037037	2	2	EO27-3
6	BL1	41	1	0	0	4	0	1	9	4	False	2026_only		0	1	EO27
7	BL1	28	2	0	0	53	0	2	46	53	False	2026_only		0	2	EO27-1
8	BL1	14	8	0	395	0	8	0	37	395	False	2025_only	0.0	6	0	EO27-1
9	BL1	11	16	0	262	194	3	16	9	456	True	both_years	0.7404580152671756	2	6	EO27
10	BL1	23	6	0	0	85	0	6	44	85	False	2026_only		0	3	EO27
11	BL1	1	61	6	548	1239	14	61	11,12	1787	True	both_years	2.260948905109489	11	28	EO27-1,EO27RT
12	BL1	29	7	0	0	44	0	7	45	44	False	2026_only		0	5	EO27-1
13	BL1	21	7	0	0	103	0	7	9	103	False	2026_only		0	1	EO27
14	BL1	18	6	0	0	173	0	9	43	173	False	2026_only		0	1	EO27-5
15	BL2	13	3	0	417	0	5	0	8	417	False	2025_only	0.0	1	0	EO29
16	BL2	2	30	0	152	1494	9	27	29,47	1646	True	both_years	9.828947368421051	4	4	EO8
17	BL2	30	4	0	43	0	4	0	36	43	False	2025_only	0.0	1	0	EO26-4
18	BL2	6	84	5	156	720	15	82	27,28	876	True	both_years	4.615384615384615	9	26	EO8
19	BL2	9	10	0	543	0	14	0	38	543	False	2025_only	0.0	2	0	EO61
20	BL2	26	10	0	39	19	9	2	32,33,34	58	True	both_years	0.4871794871794871	5	1	EO26-3
21	BL2	12	20	6	182	251	17	11	31,32	433	True	both_years	1.379120879120879	4	5	EO26-3
22	BL2	20	4	0	127	0	4	0	30	127	False	2025_only	0.0	2	0	EO26-1
23	BL2	36	3	0	22	0	3	0	35	22	False	2025_only	0.0	3	0	EO26-2
24	BL3	4	18	2	142	861	4	24	6	1003	True	both_years	6.063380281690141	4	11	EO32
25	BL3	7	14	1	324	424	5	12	6	748	True	both_years	1.308641975308642	1	7	EO32
26	BL3	22	2	0	98	0	2	0	7	98	False	2025_only	0.0	1	0	EO48
27	BL3	42	1	0	3	0	1	0	25	3	False	2025_only	0.0	1	0	EO24-7
28	BL3	43	1	1	1	2	1	1	23	3	True	both_years	2.0	1	1	EO24-2
29	BL3	44	1	0	2	0	1	0	22	2	False	2025_only	0.0	1	0	EO24-1
30	BL3	31	3	0	2	27	1	2	24	29	True	both_years	13.5	1	1	EO24
31	BL3	33	7	0	10	16	4	3	21	26	True	both_years	1.6	2	2	EO25-B
32	BL3	5	14	2	113	887	7	20	20	1000	True	both_years	7.849557522123894	2	4	EO25-A
33	BL3	3	89	7	523	917	38	70	15,16,17,18,19	1440	True	both_years	1.753346080305927	16	22	EO18-7,EO18-8
34	BL3	38	2	0	0	14	0	2	17	14	False	2026_only		0	1	EO18-7
35	BL4	24	2	1	29	50	4	5	4	79	True	both_years	1.7241379310344829	1	1	EO118
36	BL4	34	7	0	23	3	6	1	3	26	True	both_years	0.1304347826086956	2	1	EO52
37	BL4	10	17	1	445	16	22	2	2	461	True	both_years	0.0359550561797752	5	2	EO76
38	BL4	25	1	0	72	0	1	0	2	72	False	2025_only	0.0	1	0	EO76
39	BL4	16	17	3	67	248	11	14	1	315	True	both_years	3.701492537313433	3	7	EO38
40	BL4	40	1	0	0	6	0	1	1	6	False	2026_only		0	1	EO38
41	BL5	15	5	1	161	232	5	4	26	393	True	both_years	1.4409937888198758	1	2	EO70
42	BL5	27	2	1	48	6	2	1	5	54	True	both_years	0.125	1	1	EO68-3
43	BL5	32	1	0	0	26	0	1	41	26	False	2026_only		0	1	EO69
44	BL5	37	1	0	0	17	0	1	5	17	False	2026_only		0	1	EO68-3
