locationID	radius_m	n_events	total_n_fertile	n_components	largest_component_share	connected_share	F_location	N_fertile_effective	M_actual_in_step28	M_frag_aware	predicted_P_compat_mean	year	locationCode
1	10	15	254	14	0.2992125984251969	0.10236220472440945	0.8976377952755905	76	34	52	0.7838210784313726	2026	EO38
2	10	2	16	2	0.8125	0.0	1.0	13	62	7	0.7545611559139785	2026	EO76
3	10	1	3	1	1.0	0.0	1.0	3	18	1	0.6751805555555556	2026	EO52
4	10	5	50	3	0.62	0.38	0.62	31	12	13	0.7717291666666667	2026	EO118
5	10	2	23	2	0.7391304347826086	0.0	1.0	17	21	10	0.7663769841269842	2026	EO68-3
6	10	36	1285	28	0.2272373540856031	0.39455252918287936	0.6054474708171207	292	38	127	0.7727708333333335	2026	EO32
9	10	24	301	21	0.26578073089701	0.09966777408637874	0.9003322259136213	80	15	86	0.7728777777777777	2026	EO27
10	10	2	44	2	0.8181818181818182	0.0	1.0	36	16	11	0.7727057291666667	2026	EO27-3
11	10	28	784	24	0.22066326530612246	0.14668367346938777	0.8533163265306123	173	33	105	0.7742676767676767	2026	EO27-1
12	10	33	455	31	0.2	0.06373626373626373	0.9362637362637363	91	22	111	0.7688693181818181	2026	EO27RT
13	10	2	154	2	0.6233766233766234	0.0	1.0	96	23	12	0.7734836956521739	2026	EO30-1
16	10	25	365	22	0.2356164383561644	0.09041095890410959	0.9095890410958904	86	27	83	0.7776913580246915	2026	EO18-7
17	10	29	335	23	0.20597014925373133	0.18507462686567164	0.8149253731343283	69	33	82	0.779175505050505	2026	EO18-7
18	10	17	229	16	0.388646288209607	0.05240174672489083	0.9475982532751092	89	24	57	0.7794843749999999	2026	EO18-8
19	10	1	2	1	1.0	0.0	1.0	2	11	1	0.6606590909090909	2026	EO18-7
20	10	20	887	9	0.34047350620067646	0.5997745208568207	0.4002254791431793	302	29	50	0.7738362068965517	2026	EO25-A
21	10	3	16	3	0.6875	0.0	1.0	11	7	9	0.7550654761904761	2026	EO25-B
23	10	1	2	1	1.0	0.0	1.0	2	1	1	0.6288333333333334	2026	EO24-2
24	10	2	27	2	0.9629629629629629	0.0	1.0	26	1	7	0.7595	2026	EO24
26	10	4	232	3	0.8060344827586207	0.8060344827586207	0.19396551724137934	187	25	18	0.7786083333333332	2026	EO70
27	10	9	39	9	0.38461538461538464	0.0	1.0	15	11	22	0.76125	2026	EO8
28	10	73	681	66	0.09985315712187959	0.24669603524229075	0.7533039647577092	68	26	239	0.7723798076923077	2026	EO8
31	10	4	12	4	0.5	0.0	1.0	6	30	7	0.747125	2026	EO26-3
32	10	9	258	9	0.42248062015503873	0.0	1.0	109	17	44	0.7746887254901961	2026	EO26-3
39	10	2	12	2	0.75	0.0	1.0	9	4	7	0.75196875	2026	EO67
41	10	1	26	1	1.0	0.0	1.0	26	5	6	0.7541083333333333	2026	
42	10	9	138	8	0.3333333333333333	0.18115942028985507	0.8188405797101449	46	5	44	0.7742166666666667	2026	
43	10	9	173	6	0.35260115606936415	0.4913294797687861	0.5086705202312138	61	5	32	0.7716416666666667	2026	
44	10	6	85	6	0.7529411764705882	0.0	1.0	64	5	21	0.794075	2026	
45	10	7	44	7	0.4772727272727273	0.0	1.0	21	5	19	0.7834249999999999	2026	
46	10	2	53	2	0.8113207547169812	0.0	1.0	43	5	12	0.7764749999999999	2026	
47	10	27	1494	22	0.5401606425702812	0.1318607764390897	0.8681392235609103	807	5	97	0.7765000000000001	2026	
1	25	15	254	10	0.421259842519685	0.5551181102362205	0.4448818897637795	107	34	41	0.7752034313725491	2026	EO38
2	25	2	16	2	0.8125	0.0	1.0	13	62	7	0.7626612903225808	2026	EO76
3	25	1	3	1	1.0	0.0	1.0	3	18	1	0.7103634259259259	2026	EO52
4	25	5	50	1	1.0	1.0	0.0	50	12	6	0.7639687500000001	2026	EO118
5	25	2	23	2	0.7391304347826086	0.0	1.0	17	21	10	0.7670634920634922	2026	EO68-3
6	25	36	1285	25	0.3066147859922179	0.5463035019455252	0.45369649805447476	394	38	113	0.7782993421052631	2026	EO32
9	25	24	301	14	0.33222591362126247	0.7541528239202658	0.24584717607973416	100	15	56	0.7731166666666667	2026	EO27
10	25	2	44	2	0.8181818181818182	0.0	1.0	36	16	11	0.7753125	2026	EO27-3
11	25	28	784	20	0.22066326530612246	0.22321428571428573	0.7767857142857143	173	33	96	0.7774810606060605	2026	EO27-1
12	25	33	455	26	0.2153846153846154	0.47912087912087914	0.5208791208791208	98	22	102	0.7806003787878788	2026	EO27RT
13	25	2	154	2	0.6233766233766234	0.0	1.0	96	23	12	0.7761630434782608	2026	EO30-1
16	25	25	365	17	0.3095890410958904	0.5041095890410959	0.49589041095890407	113	27	67	0.7751234567901235	2026	EO18-7
17	25	29	335	16	0.2208955223880597	0.48059701492537316	0.5194029850746269	74	33	65	0.7746641414141414	2026	EO18-7
18	25	17	229	7	0.6681222707423581	0.9213973799126638	0.0786026200873362	153	24	28	0.7770711805555556	2026	EO18-8
19	25	1	2	1	1.0	0.0	1.0	2	11	1	0.6598977272727272	2026	EO18-7
20	25	20	887	7	0.8883878241262683	0.9052987598647125	0.09470124013528747	788	29	44	0.7778347701149425	2026	EO25-A
21	25	3	16	3	0.6875	0.0	1.0	11	7	9	0.7584464285714285	2026	EO25-B
23	25	1	2	1	1.0	0.0	1.0	2	1	1	0.6352916666666668	2026	EO24-2
24	25	2	27	2	0.9629629629629629	0.0	1.0	26	1	7	0.7882083333333332	2026	EO24
26	25	4	232	3	0.8060344827586207	0.8060344827586207	0.19396551724137934	187	25	18	0.7753783333333335	2026	EO70
27	25	9	39	9	0.38461538461538464	0.0	1.0	15	11	22	0.7542954545454545	2026	EO8
28	25	73	681	43	0.1013215859030837	0.657856093979442	0.342143906020558	69	26	165	0.7712676282051282	2026	EO8
31	25	4	12	4	0.5	0.0	1.0	6	30	7	0.7230000000000001	2026	EO26-3
32	25	9	258	7	0.5775193798449613	0.5775193798449613	0.42248062015503873	149	17	32	0.7800073529411764	2026	EO26-3
39	25	2	12	1	1.0	1.0	0.0	12	4	6	0.7521354166666666	2026	EO67
41	25	1	26	1	1.0	0.0	1.0	26	5	6	0.769575	2026	
42	25	9	138	5	0.6666666666666666	0.6666666666666666	0.33333333333333337	92	5	26	0.7805083333333334	2026	
43	25	9	173	5	0.653179190751445	0.791907514450867	0.20809248554913296	113	5	26	0.776925	2026	
44	25	6	85	4	0.8588235294117647	0.8823529411764706	0.11764705882352944	73	5	15	0.7796666666666667	2026	
45	25	7	44	7	0.4772727272727273	0.0	1.0	21	5	19	0.7669583333333333	2026	
46	25	2	53	2	0.8113207547169812	0.0	1.0	43	5	12	0.7623083333333334	2026	
47	25	27	1494	11	0.7034805890227577	0.9564926372155288	0.043507362784471204	1051	5	55	0.7780916666666666	2026	
1	50	15	254	8	0.421259842519685	0.65748031496063	0.34251968503937	107	34	31	0.7764681372549018	2026	EO38
2	50	2	16	2	0.8125	0.0	1.0	13	62	7	0.7592614247311827	2026	EO76
3	50	1	3	1	1.0	0.0	1.0	3	18	1	0.6766504629629629	2026	EO52
4	50	5	50	1	1.0	1.0	0.0	50	12	6	0.7683611111111112	2026	EO118
5	50	2	23	2	0.7391304347826086	0.0	1.0	17	21	10	0.7641805555555555	2026	EO68-3
6	50	36	1285	18	0.421011673151751	0.7836575875486381	0.21634241245136188	541	38	76	0.776968201754386	2026	EO32
9	50	24	301	8	0.4584717607973422	0.920265780730897	0.07973421926910296	138	15	36	0.7751555555555555	2026	EO27
10	50	2	44	2	0.8181818181818182	0.0	1.0	36	16	11	0.7735729166666665	2026	EO27-3
11	50	28	784	12	0.33290816326530615	0.9795918367346939	0.020408163265306145	261	33	59	0.7792058080808081	2026	EO27-1
12	50	33	455	16	0.45274725274725275	0.8087912087912088	0.1912087912087912	206	22	66	0.7762140151515151	2026	EO27RT
13	50	2	154	1	1.0	1.0	0.0	154	23	6	0.7734909420289855	2026	EO30-1
16	50	25	365	8	0.7287671232876712	0.8082191780821918	0.1917808219178082	266	27	40	0.7749953703703703	2026	EO18-7
17	50	29	335	10	0.3850746268656716	0.5791044776119403	0.4208955223880597	129	33	48	0.7743661616161617	2026	EO18-7
18	50	17	229	4	0.6681222707423581	0.9912663755458515	0.008733624454148492	153	24	20	0.7767239583333333	2026	EO18-8
19	50	1	2	1	1.0	0.0	1.0	2	11	1	0.628314393939394	2026	EO18-7
20	50	20	887	4	0.9267192784667418	0.9751972942502819	0.0248027057497181	822	29	27	0.7754971264367815	2026	EO25-A
21	50	3	16	2	0.75	0.75	0.25	12	7	8	0.7438630952380954	2026	EO25-B
23	50	1	2	1	1.0	0.0	1.0	2	1	1	0.6507916666666667	2026	EO24-2
24	50	2	27	1	1.0	1.0	0.0	27	1	6	0.758875	2026	EO24
26	50	4	232	2	0.8060344827586207	1.0	0.0	187	25	12	0.775735	2026	EO70
27	50	9	39	9	0.38461538461538464	0.0	1.0	15	11	22	0.763621212121212	2026	EO8
28	50	73	681	17	0.28193832599118945	0.9691629955947136	0.03083700440528636	192	26	101	0.778371794871795	2026	EO8
31	50	4	12	3	0.5	0.4166666666666667	0.5833333333333333	6	30	8	0.7421180555555555	2026	EO26-3
32	50	9	258	3	0.8372093023255814	1.0	0.0	216	17	18	0.7758333333333333	2026	EO26-3
39	50	2	12	1	1.0	1.0	0.0	12	4	6	0.7617499999999999	2026	EO67
41	50	1	26	1	1.0	0.0	1.0	26	5	6	0.7711749999999999	2026	
42	50	9	138	4	0.6666666666666666	0.7681159420289855	0.23188405797101452	92	5	24	0.7726000000000001	2026	
43	50	9	173	1	1.0	1.0	0.0	173	5	9	0.7719666666666666	2026	
44	50	6	85	3	0.8588235294117647	0.9882352941176471	0.0117647058823529	73	5	13	0.7739916666666666	2026	
45	50	7	44	5	0.4772727272727273	0.36363636363636365	0.6363636363636364	21	5	16	0.7573500000000001	2026	
46	50	2	53	2	0.8113207547169812	0.0	1.0	43	5	12	0.7829	2026	
47	50	27	1494	4	0.9310575635876841	0.9939759036144579	0.0060240963855421326	1391	5	34	0.7852666666666667	2026	
1	75	15	254	7	0.65748031496063	0.65748031496063	0.34251968503937	167	34	28	0.7759779411764707	2026	EO38
2	75	2	16	2	0.8125	0.0	1.0	13	62	7	0.7545544354838708	2026	EO76
3	75	1	3	1	1.0	0.0	1.0	3	18	1	0.681136574074074	2026	EO52
4	75	5	50	1	1.0	1.0	0.0	50	12	6	0.7806111111111111	2026	EO118
5	75	2	23	2	0.7391304347826086	0.0	1.0	17	21	10	0.7558472222222223	2026	EO68-3
6	75	36	1285	13	0.421011673151751	0.91284046692607	0.08715953307392998	541	38	62	0.7803585526315789	2026	EO32
9	75	24	301	6	0.4584717607973422	0.9269102990033222	0.07308970099667778	138	15	34	0.7756472222222222	2026	EO27
10	75	2	44	2	0.8181818181818182	0.0	1.0	36	16	11	0.7696979166666668	2026	EO27-3
11	75	28	784	7	0.3979591836734694	0.9987244897959183	0.0012755102040816757	312	33	41	0.7742323232323233	2026	EO27-1
12	75	33	455	13	0.6593406593406593	0.8571428571428571	0.1428571428571429	300	22	55	0.7747159090909091	2026	EO27RT
13	75	2	154	1	1.0	1.0	0.0	154	23	6	0.7728152173913044	2026	EO30-1
16	75	25	365	7	0.8082191780821918	0.8082191780821918	0.1917808219178082	295	27	37	0.7747114197530865	2026	EO18-7
17	75	29	335	9	0.5373134328358209	0.5791044776119403	0.4208955223880597	180	33	48	0.7804886363636363	2026	EO18-7
18	75	17	229	4	0.6681222707423581	0.9912663755458515	0.008733624454148492	153	24	20	0.7734131944444443	2026	EO18-8
19	75	1	2	1	1.0	0.0	1.0	2	11	1	0.6389848484848486	2026	EO18-7
20	75	20	887	2	0.9763246899661782	0.9763246899661782	0.02367531003382184	866	29	25	0.780837643678161	2026	EO25-A
21	75	3	16	2	0.75	0.75	0.25	12	7	8	0.7470892857142857	2026	EO25-B
23	75	1	2	1	1.0	0.0	1.0	2	1	1	0.6314583333333333	2026	EO24-2
24	75	2	27	1	1.0	1.0	0.0	27	1	6	0.7637916666666666	2026	EO24
26	75	4	232	2	0.8060344827586207	1.0	0.0	187	25	12	0.7780033333333333	2026	EO70
27	75	9	39	9	0.38461538461538464	0.0	1.0	15	11	22	0.771155303030303	2026	EO8
28	75	73	681	5	0.5770925110132159	0.9911894273127754	0.008810572687224627	393	26	81	0.7754391025641026	2026	EO8
31	75	4	12	2	0.9166666666666666	0.9166666666666666	0.08333333333333337	11	30	7	0.7537097222222222	2026	EO26-3
32	75	9	258	2	0.9263565891472868	1.0	0.0	239	17	13	0.7732009803921568	2026	EO26-3
39	75	2	12	1	1.0	1.0	0.0	12	4	6	0.7560416666666666	2026	EO67
41	75	1	26	1	1.0	0.0	1.0	26	5	6	0.762475	2026	
42	75	9	138	2	0.8405797101449275	0.8405797101449275	0.1594202898550725	116	5	14	0.7748083333333333	2026	
43	75	9	173	1	1.0	1.0	0.0	173	5	9	0.7839666666666666	2026	
44	75	6	85	2	0.8588235294117647	1.0	0.0	73	5	12	0.7747916666666667	2026	
45	75	7	44	4	0.4772727272727273	0.4318181818181818	0.5681818181818181	21	5	16	0.7637666666666667	2026	
46	75	2	53	2	0.8113207547169812	0.0	1.0	43	5	12	0.7766249999999999	2026	
47	75	27	1494	3	0.9939759036144579	0.9939759036144579	0.0060240963855421326	1485	5	30	0.7788583333333333	2026	
1	100	15	254	5	0.889763779527559	0.9645669291338582	0.03543307086614178	226	34	22	0.7743541666666667	2026	EO38
2	100	2	16	2	0.8125	0.0	1.0	13	62	7	0.7582983870967742	2026	EO76
3	100	1	3	1	1.0	0.0	1.0	3	18	1	0.6886527777777778	2026	EO52
4	100	5	50	1	1.0	1.0	0.0	50	12	6	0.7773298611111111	2026	EO118
5	100	2	23	2	0.7391304347826086	0.0	1.0	17	21	10	0.7586448412698412	2026	EO68-3
6	100	36	1285	8	0.421011673151751	0.998443579766537	0.0015564202334630295	541	38	44	0.7753826754385964	2026	EO32
9	100	24	301	6	0.4584717607973422	0.9269102990033222	0.07308970099667778	138	15	34	0.77405	2026	EO27
10	100	2	44	2	0.8181818181818182	0.0	1.0	36	16	11	0.7765755208333333	2026	EO27-3
11	100	28	784	4	0.399234693877551	1.0	0.0	313	33	32	0.7786502525252526	2026	EO27-1
12	100	33	455	9	0.6901098901098901	0.865934065934066	0.13406593406593403	314	22	44	0.7815700757575758	2026	EO27RT
13	100	2	154	1	1.0	1.0	0.0	154	23	6	0.7760434782608695	2026	EO30-1
16	100	25	365	6	0.821917808219178	0.821917808219178	0.17808219178082196	300	27	35	0.7800462962962963	2026	EO18-7
17	100	29	335	9	0.5373134328358209	0.5791044776119403	0.4208955223880597	180	33	48	0.775584595959596	2026	EO18-7
18	100	17	229	4	0.6681222707423581	0.9912663755458515	0.008733624454148492	153	24	20	0.7801250000000001	2026	EO18-8
19	100	1	2	1	1.0	0.0	1.0	2	11	1	0.6470492424242423	2026	EO18-7
20	100	20	887	2	0.9763246899661782	0.9763246899661782	0.02367531003382184	866	29	25	0.7772959770114943	2026	EO25-A
21	100	3	16	1	1.0	1.0	0.0	16	7	6	0.7649821428571428	2026	EO25-B
23	100	1	2	1	1.0	0.0	1.0	2	1	1	0.6387083333333333	2026	EO24-2
24	100	2	27	1	1.0	1.0	0.0	27	1	6	0.783125	2026	EO24
26	100	4	232	2	0.8060344827586207	1.0	0.0	187	25	12	0.7809883333333334	2026	EO70
27	100	9	39	7	0.38461538461538464	0.3076923076923077	0.6923076923076923	15	11	20	0.7590871212121212	2026	EO8
28	100	73	681	3	0.8913362701908958	0.9911894273127754	0.008810572687224627	607	26	79	0.7746458333333333	2026	EO8
31	100	4	12	2	0.9166666666666666	0.9166666666666666	0.08333333333333337	11	30	7	0.7609125	2026	EO26-3
32	100	9	258	2	0.9263565891472868	1.0	0.0	239	17	13	0.7803088235294117	2026	EO26-3
39	100	2	12	1	1.0	1.0	0.0	12	4	6	0.7560625	2026	EO67
41	100	1	26	1	1.0	0.0	1.0	26	5	6	0.7639916666666667	2026	
42	100	9	138	2	0.8405797101449275	0.8405797101449275	0.1594202898550725	116	5	14	0.7828166666666667	2026	
43	100	9	173	1	1.0	1.0	0.0	173	5	9	0.7726	2026	
44	100	6	85	2	0.8588235294117647	1.0	0.0	73	5	12	0.77145	2026	
45	100	7	44	3	0.5454545454545454	0.9090909090909091	0.09090909090909094	24	5	14	0.7695000000000001	2026	
46	100	2	53	2	0.8113207547169812	0.0	1.0	43	5	12	0.7755833333333333	2026	
47	100	27	1494	2	0.9966532797858099	0.9966532797858099	0.0033467202141901353	1489	5	29	0.7628916666666666	2026	
1	150	15	254	3	0.968503937007874	0.968503937007874	0.03149606299212604	246	34	18	0.7756041666666665	2026	EO38
2	150	2	16	2	0.8125	0.0	1.0	13	62	7	0.7588266129032258	2026	EO76
3	150	1	3	1	1.0	0.0	1.0	3	18	1	0.6875347222222222	2026	EO52
4	150	5	50	1	1.0	1.0	0.0	50	12	6	0.7742048611111111	2026	EO118
5	150	2	23	2	0.7391304347826086	0.0	1.0	17	21	10	0.7584384920634921	2026	EO68-3
6	150	36	1285	4	0.6365758754863813	1.0	0.0	818	38	43	0.7794934210526316	2026	EO32
9	150	24	301	4	0.4584717607973422	0.9867109634551495	0.013289036544850474	138	15	25	0.7733277777777777	2026	EO27
10	150	2	44	2	0.8181818181818182	0.0	1.0	36	16	11	0.7740052083333334	2026	EO27-3
11	150	28	784	2	0.5714285714285714	1.0	0.0	448	33	28	0.7776035353535353	2026	EO27-1
12	150	33	455	5	0.8175824175824176	0.9934065934065934	0.00659340659340657	372	22	37	0.7757310606060606	2026	EO27RT
13	150	2	154	1	1.0	1.0	0.0	154	23	6	0.7770507246376811	2026	EO30-1
16	150	25	365	6	0.821917808219178	0.821917808219178	0.17808219178082196	300	27	35	0.7808765432098767	2026	EO18-7
17	150	29	335	6	0.5462686567164179	0.6388059701492538	0.3611940298507462	183	33	47	0.7764772727272727	2026	EO18-7
18	150	17	229	3	0.6681222707423581	1.0	0.0	153	24	20	0.7723993055555556	2026	EO18-8
19	150	1	2	1	1.0	0.0	1.0	2	11	1	0.6304545454545455	2026	EO18-7
20	150	20	887	1	1.0	1.0	0.0	887	29	20	0.774919540229885	2026	EO25-A
21	150	3	16	1	1.0	1.0	0.0	16	7	6	0.7617261904761905	2026	EO25-B
23	150	1	2	1	1.0	0.0	1.0	2	1	1	0.6252083333333334	2026	EO24-2
24	150	2	27	1	1.0	1.0	0.0	27	1	6	0.7666666666666667	2026	EO24
26	150	4	232	2	0.8060344827586207	1.0	0.0	187	25	12	0.778215	2026	EO70
27	150	9	39	3	0.8974358974358975	0.8974358974358975	0.10256410256410253	35	11	9	0.7617878787878788	2026	EO8
28	150	73	681	1	1.0	1.0	0.0	681	26	73	0.7758349358974359	2026	EO8
31	150	4	12	2	0.9166666666666666	0.9166666666666666	0.08333333333333337	11	30	7	0.7581208333333334	2026	EO26-3
32	150	9	258	2	0.9263565891472868	1.0	0.0	239	17	13	0.7728799019607844	2026	EO26-3
39	150	2	12	1	1.0	1.0	0.0	12	4	6	0.7610625	2026	EO67
41	150	1	26	1	1.0	0.0	1.0	26	5	6	0.7596916666666668	2026	
42	150	9	138	2	0.8405797101449275	0.8405797101449275	0.1594202898550725	116	5	14	0.7676666666666666	2026	
43	150	9	173	1	1.0	1.0	0.0	173	5	9	0.7908583333333333	2026	
44	150	6	85	1	1.0	1.0	0.0	85	5	6	0.7716416666666668	2026	
45	150	7	44	1	1.0	1.0	0.0	44	5	7	0.7737416666666665	2026	
46	150	2	53	1	1.0	1.0	0.0	53	5	6	0.7722416666666667	2026	
47	150	27	1494	2	0.9966532797858099	0.9966532797858099	0.0033467202141901353	1489	5	29	0.7643833333333333	2026	
1	200	15	254	3	0.968503937007874	0.968503937007874	0.03149606299212604	246	34	18	0.7777536764705882	2026	EO38
2	200	2	16	2	0.8125	0.0	1.0	13	62	7	0.765950940860215	2026	EO76
3	200	1	3	1	1.0	0.0	1.0	3	18	1	0.6903055555555556	2026	EO52
4	200	5	50	1	1.0	1.0	0.0	50	12	6	0.7702569444444445	2026	EO118
5	200	2	23	2	0.7391304347826086	0.0	1.0	17	21	10	0.7615257936507936	2026	EO68-3
6	200	36	1285	4	0.6365758754863813	1.0	0.0	818	38	43	0.780733552631579	2026	EO32
9	200	24	301	4	0.4584717607973422	0.9867109634551495	0.013289036544850474	138	15	25	0.7791722222222222	2026	EO27
10	200	2	44	2	0.8181818181818182	0.0	1.0	36	16	11	0.7657057291666668	2026	EO27-3
11	200	28	784	2	0.5714285714285714	1.0	0.0	448	33	28	0.7768270202020202	2026	EO27-1
12	200	33	455	4	0.8175824175824176	1.0	0.0	372	22	37	0.7810113636363636	2026	EO27RT
13	200	2	154	1	1.0	1.0	0.0	154	23	6	0.7789637681159419	2026	EO30-1
16	200	25	365	6	0.821917808219178	0.821917808219178	0.17808219178082196	300	27	35	0.7763240740740741	2026	EO18-7
17	200	29	335	5	0.6955223880597015	0.7880597014925373	0.21194029850746265	233	33	42	0.7764280303030303	2026	EO18-7
18	200	17	229	3	0.6681222707423581	1.0	0.0	153	24	20	0.7680121527777778	2026	EO18-8
19	200	1	2	1	1.0	0.0	1.0	2	11	1	0.647969696969697	2026	EO18-7
20	200	20	887	1	1.0	1.0	0.0	887	29	20	0.7708362068965519	2026	EO25-A
21	200	3	16	1	1.0	1.0	0.0	16	7	6	0.760125	2026	EO25-B
23	200	1	2	1	1.0	0.0	1.0	2	1	1	0.6434583333333332	2026	EO24-2
24	200	2	27	1	1.0	1.0	0.0	27	1	6	0.7613333333333333	2026	EO24
26	200	4	232	2	0.8060344827586207	1.0	0.0	187	25	12	0.7755133333333333	2026	EO70
27	200	9	39	3	0.8974358974358975	0.8974358974358975	0.10256410256410253	35	11	9	0.7608484848484848	2026	EO8
28	200	73	681	1	1.0	1.0	0.0	681	26	73	0.7784423076923078	2026	EO8
31	200	4	12	2	0.9166666666666666	0.9166666666666666	0.08333333333333337	11	30	7	0.7522625000000001	2026	EO26-3
32	200	9	258	2	0.9263565891472868	1.0	0.0	239	17	13	0.7810343137254903	2026	EO26-3
39	200	2	12	1	1.0	1.0	0.0	12	4	6	0.7496770833333334	2026	EO67
41	200	1	26	1	1.0	0.0	1.0	26	5	6	0.7548416666666665	2026	
42	200	9	138	2	0.8405797101449275	0.8405797101449275	0.1594202898550725	116	5	14	0.7728666666666667	2026	
43	200	9	173	1	1.0	1.0	0.0	173	5	9	0.7783666666666667	2026	
44	200	6	85	1	1.0	1.0	0.0	85	5	6	0.7819416666666666	2026	
45	200	7	44	1	1.0	1.0	0.0	44	5	7	0.7600666666666667	2026	
46	200	2	53	1	1.0	1.0	0.0	53	5	6	0.7809083333333333	2026	
47	200	27	1494	2	0.9966532797858099	0.9966532797858099	0.0033467202141901353	1489	5	29	0.774275	2026	
