n_seeds	true_P_compat	mean_observed	SE_observed	SE_analytical	n_reps
3	0.30000	0.32133	0.27811	0.26458	500
5	0.30000	0.29200	0.19123	0.20494	500
8	0.30000	0.30100	0.16090	0.16202	500
10	0.30000	0.31120	0.14587	0.14491	500
12	0.30000	0.30417	0.13408	0.13229	500
15	0.30000	0.30120	0.12015	0.11832	500
18	0.30000	0.29156	0.10479	0.10801	500
20	0.30000	0.29750	0.10188	0.10247	500
25	0.30000	0.29816	0.09024	0.09165	500
30	0.30000	0.29380	0.08561	0.08367	500
40	0.30000	0.30340	0.07102	0.07246	500
50	0.30000	0.30380	0.06418	0.06481	500
3	0.50000	0.48200	0.29224	0.28868	500
5	0.50000	0.49520	0.21613	0.22361	500
8	0.50000	0.48775	0.17768	0.17678	500
10	0.50000	0.50280	0.15723	0.15811	500
12	0.50000	0.49083	0.14161	0.14434	500
15	0.50000	0.50547	0.12114	0.12910	500
18	0.50000	0.49678	0.12182	0.11785	500
20	0.50000	0.50050	0.11332	0.11180	500
25	0.50000	0.50368	0.09961	0.10000	500
30	0.50000	0.49927	0.09322	0.09129	500
40	0.50000	0.49285	0.08235	0.07906	500
50	0.50000	0.49976	0.06733	0.07071	500
3	0.68000	0.67733	0.27896	0.26932	500
5	0.68000	0.67840	0.19963	0.20861	500
8	0.68000	0.67250	0.16804	0.16492	500
10	0.68000	0.67720	0.14142	0.14751	500
12	0.68000	0.68800	0.13764	0.13466	500
15	0.68000	0.67827	0.12012	0.12044	500
18	0.68000	0.67544	0.11096	0.10995	500
20	0.68000	0.68010	0.10569	0.10431	500
25	0.68000	0.67536	0.09565	0.09330	500
30	0.68000	0.68347	0.08733	0.08517	500
40	0.68000	0.68250	0.07632	0.07376	500
50	0.68000	0.68156	0.06735	0.06597	500
3	0.85000	0.83667	0.21775	0.20616	500
5	0.85000	0.84480	0.16138	0.15969	500
8	0.85000	0.85350	0.13042	0.12624	500
10	0.85000	0.84820	0.11368	0.11292	500
12	0.85000	0.85517	0.09847	0.10308	500
15	0.85000	0.85453	0.09239	0.09220	500
18	0.85000	0.84900	0.08208	0.08416	500
20	0.85000	0.85370	0.07565	0.07984	500
25	0.85000	0.84384	0.07299	0.07141	500
30	0.85000	0.85393	0.06528	0.06519	500
40	0.85000	0.85145	0.05546	0.05646	500
50	0.85000	0.84884	0.05069	0.05050	500
