populationID	BL	populationID_old	slickspotID	event_year	eventID	locationID	locationCode	lat	lon	n_fertile
1	BL4	39	462	2025	238	40	EO72-2	43.39782	-116.14375	7
2	BL4	35	458	2025	236	39	EO67	43.37069	-116.17637	6
2	BL4	35	461	2026	537	39	EO67	43.37036	-116.1774	9
2	BL4	35	460	2026	536	39	EO67	43.37022	-116.17723	3
2	BL4	35	459	2025	237	39	EO67	43.37084	-116.17833	4
3	BL4	8	176	2025	35	13	EO30-1	43.3282	-115.9239	220
3	BL4	8	177	2025	36	13	EO30-1	43.3284	-115.924	200
3	BL4	8	178	2025	37	13	EO30-1	43.3263	-115.9227	7
3	BL4	8	179	2025	38	13	EO30-1	43.3261	-115.9227	22
3	BL4	8	180	2025	39	13	EO30-1	43.326	-115.9226	36
3	BL4	8	181	2025	40	13	EO30-1	43.3264	-115.9224	2
3	BL4	8	182	2026	431	13	EO30-1	43.32877	-115.92382	96
3	BL4	8	183	2026	432	13	EO30-1	43.32848	-115.92413	58
4	BL4	19	467	2026	452	42	EO30-2	43.31527	-115.91967	20
4	BL4	19	466	2026	451	42	EO30-2	43.31542	-115.91939	46
4	BL4	19	464	2026	449	42	EO30-2	43.3178	-115.91603	22
4	BL4	19	467	2026	453	42	EO30-2	43.31524	-115.91956	5
4	BL4	19	465	2026	450	42	EO30-2	43.31557	-115.9191	12
4	BL4	19	468	2026	454	42	EO30-2	43.31538	-115.91917	9
4	BL4	19	470	2026	456	42	EO30-2	43.3151	-115.91797	10
4	BL4	19	471	2026	457	42	EO30-2	43.31494	-115.91742	4
4	BL4	19	469	2026	455	42	EO30-2	43.31541	-115.91847	10
5	BL4	17	110	2025	206	10	EO27-3	43.31241	-116.20013	6
5	BL4	17	110	2025	218	10	EO27-3	43.31237	-116.20012	12
5	BL4	17	111	2025	219	10	EO27-3	43.31266	-116.20037	125
5	BL4	17	114	2026	493	10	EO27-3	43.317651	-116.200368	36
5	BL4	17	113	2025	137	10	EO27-3	43.31284	-116.20168	59
5	BL4	17	112	2025	220	10	EO27-3	43.31277	-116.20187	14
5	BL4	17	110	2026	494	10	EO27-3	43.312398	-116.2001348	8
6	BL4	41	92	2026	466	9	EO27	43.3079886	-116.1744158	4
7	BL4	28	491	2026	534	46	EO27-1	43.30664	-116.13074	43
7	BL4	28	492	2026	535	46	EO27-1	43.30749	-116.12934	10
8	BL4	14	447	2025	221	37	EO27-1	43.30495	-116.1007	20
8	BL4	14	446	2025	205	37	EO27-1	43.30391	-116.10362	28
8	BL4	14	444	2025	203	37	EO27-1	43.30628	-116.10322	11
8	BL4	14	443	2025	183	37	EO27-1	43.3066	-116.1026	88
8	BL4	14	442	2025	182	37	EO27-1	43.30555	-116.10052	80
8	BL4	14	441	2025	181	37	EO27-1	43.30573	-116.10022	67
8	BL4	14	440	2025	180	37	EO27-1	43.30553	-116.09935	80
8	BL4	14	445	2025	204	37	EO27-1	43.30637	-116.10352	21
9	BL4	11	94	2026	470	9	EO27	43.3033317	-116.1738653	3
9	BL4	11	91	2026	465	9	EO27	43.301077	-116.173992	1
9	BL4	11	90	2026	464	9	EO27	43.301938	-116.17404	7
9	BL4	11	89	2026	463	9	EO27	43.301667	-116.174043	2
9	BL4	11	88	2025	60	9	EO27	43.304	-116.1712	173
9	BL4	11	87	2025	58	9	EO27	43.3032	-116.1725	46
9	BL4	11	93	2026	469	9	EO27	43.303074	-116.1737811	3
9	BL4	11	86	2025	57	9	EO27	43.3033	-116.1726	43
9	BL4	11	97	2026	473	9	EO27	43.2982662	-116.1741999	1
9	BL4	11	96	2026	472	9	EO27	43.3007309	-116.1732467	1
9	BL4	11	93	2026	468	9	EO27	43.3030228	-116.1738552	14
9	BL4	11	98	2026	474	9	EO27	43.2981459	-116.1743135	13
9	BL4	11	99	2026	475	9	EO27	43.298293	-116.17467	32
9	BL4	11	100	2026	476	9	EO27	43.298175	-116.173886	1
9	BL4	11	100	2026	477	9	EO27	43.298187	-116.173866	5
9	BL4	11	101	2026	478	9	EO27	43.29775	-116.173773	6
9	BL4	11	102	2026	479	9	EO27	43.2980627	-116.1741455	80
9	BL4	11	95	2026	471	9	EO27	43.3030063	-116.1722935	18
9	BL4	11	93	2026	467	9	EO27	43.3030147	-116.1739085	7
10	BL4	23	478	2026	487	44	EO27	43.3009068	-116.1873568	64
10	BL4	23	482	2026	491	44	EO27	43.3003949	-116.1892558	1
10	BL4	23	481	2026	490	44	EO27	43.3002607	-116.189412	1
10	BL4	23	480	2026	489	44	EO27	43.3003647	-116.188712	9
10	BL4	23	479	2026	488	44	EO27	43.3008027	-116.187512	9
10	BL4	23	483	2026	492	44	EO27	43.3005294	-116.189991	1
11	BL4	1	173	2026	442	12	EO27RT	43.300127	-116.115427	10
11	BL4	1	172	2026	441	12	EO27RT	43.300566	-116.115549	5
11	BL4	1	175	2026	444	12	EO27RT	43.30274	-116.117911	34
11	BL4	1	174	2026	443	12	EO27RT	43.302532	-116.116482	0
11	BL4	1	171	2026	440	12	EO27RT	43.300811	-116.115171	2
11	BL4	1	115	2025	51	11	EO27-1	43.29833	-116.12323	53
11	BL4	1	169	2026	436	12	EO27RT	43.299165	-116.113279	1
11	BL4	1	159	2026	420	12	EO27RT	43.29675	-116.11518	2
11	BL4	1	160	2026	421	12	EO27RT	43.29577	-116.11453	24
11	BL4	1	143	2025	50	12	EO27RT	43.29771	-116.11689	56
11	BL4	1	142	2026	526	11	EO27-1	43.2923	-116.12058	1
11	BL4	1	144	2026	417	12	EO27RT	43.29695	-116.1161	3
11	BL4	1	140	2026	524	11	EO27-1	43.29324	-116.12054	173
11	BL4	1	158	2026	419	12	EO27RT	43.29669	-116.11579	62
11	BL4	1	161	2026	422	12	EO27RT	43.29712	-116.11404	13
11	BL4	1	163	2026	427	12	EO27RT	43.29786	-116.11142	2
11	BL4	1	164	2026	428	12	EO27RT	43.2975	-116.11503	17
11	BL4	1	165	2026	429	12	EO27RT	43.29769	-116.11609	31
11	BL4	1	166	2026	430	12	EO27RT	43.29806	-116.11731	7
11	BL4	1	139	2026	523	11	EO27-1	43.29318	-116.1198	48
11	BL4	1	138	2026	522	11	EO27-1	43.2929	-116.11971	3
11	BL4	1	162	2026	425	12	EO27RT	43.29808	-116.11274	4
11	BL4	1	157	2026	418	12	EO27RT	43.29718	-116.1154	1
11	BL4	1	156	2026	415	12	EO27RT	43.29717	-116.11555	7
11	BL4	1	155	2026	414	12	EO27RT	43.29725	-116.11531	62
11	BL4	1	145	2025	175	12	EO27RT	43.29955	-116.1171	7
11	BL4	1	146	2025	176	12	EO27RT	43.29857	-116.11256	6
11	BL4	1	146	2026	438	12	EO27RT	43.29851	-116.11262	6
11	BL4	1	146	2026	439	12	EO27RT	43.29858	-116.112569	9
11	BL4	1	147	2025	177	12	EO27RT	43.29709	-116.11104	11
11	BL4	1	147	2026	423	12	EO27RT	43.29717	-116.11106	1
11	BL4	1	148	2025	178	12	EO27RT	43.29762	-116.11159	94
11	BL4	1	149	2025	179	12	EO27RT	43.2983	-116.11273	1
11	BL4	1	149	2026	426	12	EO27RT	43.29822	-116.11277	11
11	BL4	1	150	2026	409	12	EO27RT	43.29798	-116.11648	7
11	BL4	1	151	2026	410	12	EO27RT	43.29726	-116.11639	91
11	BL4	1	144	2025	174	12	EO27RT	43.29693	-116.11611	2
11	BL4	1	152	2026	411	12	EO27RT	43.2974	-116.11641	7
11	BL4	1	153	2026	412	12	EO27RT	43.29737	-116.11391	1
11	BL4	1	154	2026	413	12	EO27RT	43.29243	-116.11436	1
11	BL4	1	137	2026	519	11	EO27-1	43.29335	-116.11814	103
11	BL4	1	136	2026	518	11	EO27-1	43.29317	-116.11787	15
11	BL4	1	141	2026	525	11	EO27-1	43.29301	-116.12056	88
11	BL4	1	144	2026	416	12	EO27RT	43.29686	-116.11609	3
11	BL4	1	126	2026	507	11	EO27-1	43.29762	-116.12267	5
11	BL4	1	126	2026	506	11	EO27-1	43.29762	-116.12276	5
11	BL4	1	125	2026	505	11	EO27-1	43.29746	-116.12248	7
11	BL4	1	124	2026	502	11	EO27-1	43.2975	-116.12177	2
11	BL4	1	123	2026	501	11	EO27-1	43.29778	-116.12274	1
11	BL4	1	122	2026	500	11	EO27-1	43.29805	-116.1237	7
11	BL4	1	121	2026	496	11	EO27-1	43.29721	-116.12112	13
11	BL4	1	127	2026	508	11	EO27-1	43.29775	-116.12346	4
11	BL4	1	167	2026	433	12	EO27RT	43.300161	-116.117391	14
11	BL4	1	115	2026	497	11	EO27-1	43.29839	-116.12322	5
11	BL4	1	115	2026	498	11	EO27-1	43.29835	-116.12317	39
11	BL4	1	115	2026	499	11	EO27-1	43.29831	-116.12325	57
11	BL4	1	116	2025	53	11	EO27-1	43.29126	-116.12132	38
11	BL4	1	117	2025	54	11	EO27-1	43.29568	-116.11922	97
11	BL4	1	120	2025	63	11	EO27-1	43.29454	-116.12128	35
11	BL4	1	119	2025	62	11	EO27-1	43.29498	-116.12065	57
11	BL4	1	115	2025	52	11	EO27-1	43.29837	-116.12316	32
11	BL4	1	118	2025	55	11	EO27-1	43.29509	-116.12046	59
11	BL4	1	117	2026	495	11	EO27-1	43.29564	-116.11928	70
11	BL4	1	132	2026	513	11	EO27-1	43.29613	-116.12042	1
11	BL4	1	168	2026	435	12	EO27RT	43.30002	-116.116326	15
11	BL4	1	170	2026	437	12	EO27RT	43.291079	-116.113166	2
11	BL4	1	167	2026	434	12	EO27RT	43.3001258	-116.1173909	0
11	BL4	1	135	2026	517	11	EO27-1	43.29297	-116.11737	17
11	BL4	1	128	2026	509	11	EO27-1	43.2972	-116.12343	45
11	BL4	1	129	2026	510	11	EO27-1	43.29722	-116.12362	6
11	BL4	1	130	2026	511	11	EO27-1	43.2964	-116.1217	34
11	BL4	1	131	2026	512	11	EO27-1	43.296	-116.12146	9
11	BL4	1	134	2026	516	11	EO27-1	43.29538	-116.11911	22
11	BL4	1	133	2026	514	11	EO27-1	43.29603	-116.12041	2
11	BL4	1	133	2026	515	11	EO27-1	43.29602	-116.12035	2
12	BL4	29	486	2026	529	45	EO27-1	43.29442	-116.09713	11
12	BL4	29	490	2026	533	45	EO27-1	43.29714	-116.09889	4
12	BL4	29	489	2026	532	45	EO27-1	43.29607	-116.09879	1
12	BL4	29	488	2026	531	45	EO27-1	43.29605	-116.09807	2
12	BL4	29	487	2026	530	45	EO27-1	43.29598	-116.09708	21
12	BL4	29	485	2026	528	45	EO27-1	43.29472	-116.09745	4
12	BL4	29	484	2026	527	45	EO27-1	43.2946	-116.09794	1
13	BL4	21	108	2026	485	9	EO27	43.2940002	-116.1653838	11
13	BL4	21	104	2026	481	9	EO27	43.2945879	-116.166057	26
13	BL4	21	105	2026	482	9	EO27	43.2942765	-116.1660141	2
13	BL4	21	106	2026	483	9	EO27	43.2941506	-116.1660067	9
13	BL4	21	107	2026	484	9	EO27	43.2941496	-116.1653939	15
13	BL4	21	109	2026	486	9	EO27	43.2939122	-116.1652916	22
13	BL4	21	103	2026	480	9	EO27	43.2946103	-116.1661794	18
14	BL4	18	472	2026	445	43	EO27-5	43.277884	-116.076402	52
14	BL4	18	473	2026	446	43	EO27-5	43.277713	-116.076152	7
14	BL4	18	474	2026	447	43	EO27-5	43.277946	-116.076194	54
14	BL4	18	474	2026	448	43	EO27-5	43.2779701	-116.0761464	7
14	BL4	18	475	2026	459	43	EO27-5	43.2780487	-116.075792	2
14	BL4	18	476	2026	460	43	EO27-5	43.2776103	-116.075403	29
14	BL4	18	477	2026	461	43	EO27-5	43.2775497	-116.0757826	8
14	BL4	18	477	2026	462	43	EO27-5	43.2775153	-116.0758185	9
14	BL4	18	475	2026	458	43	EO27-5	43.2780379	-116.0757189	5
15	BL1	13	85	2025	208	8	EO29	43.11058	-115.63971	8
15	BL1	13	83	2025	56	8	EO29	43.111	-115.6397	99
15	BL1	13	84	2025	210	8	EO29	43.11061	-115.63949	142
15	BL1	13	85	2025	209	8	EO29	43.11063	-115.63965	30
15	BL1	13	83	2025	207	8	EO29	43.11096	-115.63967	138
16	BL1	2	391	2025	157	29	EO8	43.02256	-115.4258	3
16	BL1	2	501	2026	630	47	EO8	43.01961	-115.422	5
16	BL1	2	500	2026	629	47	EO8	43.01924	-115.42661	32
16	BL1	2	499	2026	628	47	EO8	43.01944	-115.42459	4
16	BL1	2	498	2026	627	47	EO8	43.01976	-115.42665	3
16	BL1	2	497	2026	626	47	EO8	43.01999	-115.4265	24
16	BL1	2	496	2026	625	47	EO8	43.01962	-115.42654	1
16	BL1	2	502	2026	631	47	EO8	43.0197	-115.42707	3
16	BL1	2	495	2026	624	47	EO8	43.01956	-115.4261	8
16	BL1	2	495	2026	622	47	EO8	43.01955	-115.42605	46
16	BL1	2	494	2026	621	47	EO8	43.0195	-115.42578	52
16	BL1	2	493	2026	620	47	EO8	43.0196	-115.42576	86
16	BL1	2	398	2025	155	29	EO8	43.02507	-115.42748	1
16	BL1	2	398	2025	164	29	EO8	43.02503	-115.4275	2
16	BL1	2	397	2025	163	29	EO8	43.02516	-115.42771	1
16	BL1	2	495	2026	623	47	EO8	43.01958	-115.42605	3
16	BL1	2	503	2026	632	47	EO8	43.01986	-115.42714	0
16	BL1	2	503	2026	633	47	EO8	43.01987	-115.42723	7
16	BL1	2	504	2026	634	47	EO8	43.02018	-115.4271	2
16	BL1	2	392	2025	158	29	EO8	43.02315	-115.42622	7
16	BL1	2	393	2025	159	29	EO8	43.02357	-115.42663	80
16	BL1	2	394	2025	160	29	EO8	43.02363	-115.42641	53
16	BL1	2	514	2026	646	47	EO8	43.02022	-115.42753	2
16	BL1	2	513	2026	645	47	EO8	43.02023	-115.42773	807
16	BL1	2	512	2026	644	47	EO8	43.0203	-115.42811	11
16	BL1	2	511	2026	643	47	EO8	43.02049	-115.42818	17
16	BL1	2	510	2026	641	47	EO8	43.0204	-115.42782	13
16	BL1	2	509	2026	642	47	EO8	43.02084	-115.42769	13
16	BL1	2	509	2026	640	47	EO8	43.02092	-115.42768	81
16	BL1	2	508	2026	639	47	EO8	43.02033	-115.42735	115
16	BL1	2	507	2026	638	47	EO8	43.02035	-115.42717	112
16	BL1	2	506	2026	637	47	EO8	43.02041	-115.42687	28
16	BL1	2	506	2026	636	47	EO8	43.02045	-115.42685	11
16	BL1	2	505	2026	635	47	EO8	43.01989	-115.42696	8
16	BL1	2	396	2025	162	29	EO8	43.02417	-115.42679	2
16	BL1	2	395	2025	161	29	EO8	43.024	-115.42649	3
17	BL1	30	436	2025	214	36	EO26-4	43.00971	-115.39637	4
17	BL1	30	438	2025	216	36	EO26-4	43.00974	-115.3972	4
17	BL1	30	439	2025	217	36	EO26-4	43.00974	-115.39739	4
17	BL1	30	437	2025	215	36	EO26-4	43.00959	-115.39672	31
18	BL1	6	352	2026	568	28	EO8	43.00647	-115.42448	2
18	BL1	6	336	2026	547	28	EO8	43.00816	-115.42719	4
18	BL1	6	337	2026	548	28	EO8	43.00776	-115.42689	3
18	BL1	6	338	2026	549	28	EO8	43.00801	-115.4265	7
18	BL1	6	339	2026	551	28	EO8	43.00807	-115.42585	3
18	BL1	6	340	2026	552	28	EO8	43.00747	-115.42572	1
18	BL1	6	341	2026	553	28	EO8	43.00817	-115.42558	8
18	BL1	6	342	2026	554	28	EO8	43.00819	-115.42452	7
18	BL1	6	342	2026	555	28	EO8	43.00824	-115.42449	23
18	BL1	6	344	2026	557	28	EO8	43.00772	-115.42434	12
18	BL1	6	346	2026	561	28	EO8	43.00714	-115.42254	2
18	BL1	6	347	2026	562	28	EO8	43.00734	-115.42205	26
18	BL1	6	348	2026	563	28	EO8	43.00757	-115.42268	1
18	BL1	6	349	2026	565	28	EO8	43.00756	-115.4259	4
18	BL1	6	350	2026	566	28	EO8	43.00756	-115.4259	2
18	BL1	6	351	2026	567	28	EO8	43.007	-115.42476	3
18	BL1	6	335	2026	546	28	EO8	43.00816	-115.42704	1
18	BL1	6	343	2026	556	28	EO8	43.00787	-115.42443	1
18	BL1	6	333	2026	544	28	EO8	43.0085	-115.42523	4
18	BL1	6	332	2026	543	28	EO8	43.00793	-115.4261	11
18	BL1	6	353	2026	569	28	EO8	43.00678	-115.42355	18
18	BL1	6	321	2026	550	28	EO8	43.00805	-115.42627	8
18	BL1	6	322	2025	148	28	EO8	43.00773	-115.42608	6
18	BL1	6	322	2026	564	28	EO8	43.0077	-115.42609	9
18	BL1	6	323	2025	149	28	EO8	43.00786	-115.42563	11
18	BL1	6	324	2025	150	28	EO8	43.00786	-115.42406	5
18	BL1	6	325	2025	151	28	EO8	43.00753	-115.42361	9
18	BL1	6	325	2026	559	28	EO8	43.00756	-115.42363	5
18	BL1	6	326	2025	152	28	EO8	43.00792	-115.42316	13
18	BL1	6	326	2026	558	28	EO8	43.00792	-115.42317	1
18	BL1	6	327	2025	153	28	EO8	43.0091	-115.42406	8
18	BL1	6	328	2025	154	28	EO8	43.00927	-115.42446	16
18	BL1	6	329	2026	538	28	EO8	43.00711	-115.42405	27
18	BL1	6	330	2026	539	28	EO8	43.00881	-115.42181	40
18	BL1	6	330	2026	540	28	EO8	43.00886	-115.42176	15
18	BL1	6	330	2026	541	28	EO8	43.00878	-115.42178	13
18	BL1	6	331	2026	542	28	EO8	43.00799	-115.426	32
18	BL1	6	334	2026	545	28	EO8	43.00847	-115.42617	7
18	BL1	6	354	2026	570	28	EO8	43.00685	-115.42704	6
18	BL1	6	371	2026	590	28	EO8	43.00677	-115.41823	6
18	BL1	6	356	2026	572	28	EO8	43.0069	-115.42213	9
18	BL1	6	375	2026	594	28	EO8	43.00624	-115.42391	3
18	BL1	6	376	2026	595	28	EO8	43.00636	-115.42309	2
18	BL1	6	377	2026	596	28	EO8	43.00655	-115.42249	5
18	BL1	6	378	2026	597	28	EO8	43.00639	-115.422	1
18	BL1	6	379	2026	598	28	EO8	43.00613	-115.42117	7
18	BL1	6	379	2026	599	28	EO8	43.00608	-115.42112	6
18	BL1	6	380	2026	600	28	EO8	43.00607	-115.42089	36
18	BL1	6	381	2026	601	28	EO8	43.00614	-115.42016	9
18	BL1	6	382	2026	602	28	EO8	43.00617	-115.41988	9
18	BL1	6	383	2026	603	28	EO8	43.00627	-115.4184	4
18	BL1	6	384	2026	604	28	EO8	43.00549	-115.41893	9
18	BL1	6	385	2026	605	28	EO8	43.00558	-115.41893	3
18	BL1	6	386	2026	606	28	EO8	43.00552	-115.41938	7
18	BL1	6	387	2026	607	28	EO8	43.00581	-115.41934	6
18	BL1	6	388	2026	608	28	EO8	43.00573	-115.42152	2
18	BL1	6	389	2026	609	28	EO8	43.0064	-115.4238	5
18	BL1	6	390	2026	610	28	EO8	43.00617	-115.42439	2
18	BL1	6	374	2026	593	28	EO8	43.00668	-115.42481	1
18	BL1	6	355	2026	571	28	EO8	43.00682	-115.42225	15
18	BL1	6	373	2026	592	28	EO8	43.00625	-115.42456	2
18	BL1	6	321	2025	147	28	EO8	43.00806	-115.42631	14
18	BL1	6	357	2026	573	28	EO8	43.00715	-115.42209	1
18	BL1	6	357	2026	574	28	EO8	43.00709	-115.422	6
18	BL1	6	358	2026	575	28	EO8	43.00755	-115.42199	10
18	BL1	6	359	2026	576	28	EO8	43.00738	-115.42102	1
18	BL1	6	360	2026	577	28	EO8	43.00737	-115.42014	4
18	BL1	6	361	2026	578	28	EO8	43.00739	-115.42083	14
18	BL1	6	362	2026	579	28	EO8	43.00759	-115.42048	35
18	BL1	6	363	2026	580	28	EO8	43.00737	-115.42061	3
18	BL1	6	364	2026	581	28	EO8	43.00724	-115.42069	13
18	BL1	6	364	2026	582	28	EO8	43.00719	-115.42059	4
18	BL1	6	365	2026	583	28	EO8	43.00721	-115.42046	21
18	BL1	6	366	2026	584	28	EO8	43.00714	-115.4201	31
18	BL1	6	366	2026	585	28	EO8	43.00709	-115.42005	2
18	BL1	6	367	2026	586	28	EO8	43.00716	-115.41972	11
18	BL1	6	368	2026	587	28	EO8	43.0074	-115.41945	14
18	BL1	6	369	2026	588	28	EO8	43.0074	-115.41843	6
18	BL1	6	370	2026	589	28	EO8	43.00676	-115.41867	6
18	BL1	6	372	2026	591	28	EO8	43.00688	-115.42035	39
18	BL1	6	320	2025	146	28	EO8	43.00825	-115.42686	5
18	BL1	6	345	2026	560	28	EO8	43.00721	-115.42376	5
18	BL1	6	318	2026	618	27	EO8	43.00006	-115.42635	1
18	BL1	6	319	2026	619	27	EO8	43.00186	-115.42704	1
18	BL1	6	308	2025	141	27	EO8	43.00222	-115.42671	2
18	BL1	6	308	2025	142	27	EO8	43.00218	-115.42661	27
18	BL1	6	309	2025	143	27	EO8	43.00128	-115.42453	34
18	BL1	6	309	2026	614	27	EO8	43.00128	-115.42454	15
18	BL1	6	310	2025	144	27	EO8	43.0025	-115.42732	2
18	BL1	6	307	2025	140	27	EO8	43.00206	-115.42684	2
18	BL1	6	312	2026	611	27	EO8	43.00015	-115.42734	6
18	BL1	6	313	2026	612	27	EO8	43.00084	-115.42733	5
18	BL1	6	314	2026	613	27	EO8	43.00029	-115.42499	1
18	BL1	6	315	2026	615	27	EO8	42.99456	-115.41877	1
18	BL1	6	316	2026	616	27	EO8	42.998	-115.42225	3
18	BL1	6	317	2026	617	27	EO8	42.99932	-115.42549	6
18	BL1	6	311	2025	145	27	EO8	43.00191	-115.42827	2
19	BL1	9	457	2025	235	38	EO61	43.00114	-115.58983	11
19	BL1	9	456	2025	234	38	EO61	43.00132	-115.5896	51
19	BL1	9	456	2025	233	38	EO61	43.00138	-115.58962	43
19	BL1	9	455	2025	232	38	EO61	43.00164	-115.58983	147
19	BL1	9	454	2025	231	38	EO61	43.00157	-115.5896	18
19	BL1	9	452	2025	227	38	EO61	43.00259	-115.59053	33
19	BL1	9	453	2025	229	38	EO61	43.00179	-115.58997	17
19	BL1	9	452	2025	228	38	EO61	43.00263	-115.59046	40
19	BL1	9	452	2025	226	38	EO61	43.00267	-115.59057	28
19	BL1	9	451	2025	225	38	EO61	43.0028	-115.59036	8
19	BL1	9	450	2025	224	38	EO61	43.00315	-115.59061	26
19	BL1	9	453	2025	230	38	EO61	43.00173	-115.5899	28
19	BL1	9	449	2025	223	38	EO61	43.00294	-115.59081	6
19	BL1	9	448	2025	222	38	EO61	43.00294	-115.59106	87
20	BL1	26	426	2025	193	33	EO26-3	43.00146	-115.39586	1
20	BL1	26	432	2025	198	34	EO26-3	43.00047	-115.40026	4
20	BL1	26	431	2025	199	34	EO26-3	43.0006	-115.40017	5
20	BL1	26	430	2025	200	34	EO26-3	43.00207	-115.40178	1
20	BL1	26	429	2025	201	34	EO26-3	43.00162	-115.40095	3
20	BL1	26	429	2025	202	34	EO26-3	43.00155	-115.40092	5
20	BL1	26	428	2025	191	34	EO26-3	43.00136	-115.40081	16
20	BL1	26	427	2025	192	33	EO26-3	43.00211	-115.39554	1
20	BL1	26	425	2025	194	33	EO26-3	43.00148	-115.39563	3
20	BL1	26	421	2026	656	32	EO26-3	42.99676	-115.3988	3
20	BL1	26	420	2026	654	32	EO26-3	42.99716	-115.39856	16
21	BL1	12	405	2025	188	31	EO26-3	42.99695	-115.38334	2
21	BL1	12	404	2025	189	31	EO26-3	42.99685	-115.38333	18
21	BL1	12	418	2025	195	32	EO26-3	42.99831	-115.38988	8
21	BL1	12	424	2026	659	32	EO26-3	42.9968	-115.38759	2
21	BL1	12	406	2025	187	31	EO26-3	42.99733	-115.38325	13
21	BL1	12	403	2025	190	31	EO26-3	42.99676	-115.38323	4
21	BL1	12	406	2026	649	31	EO26-3	42.99734	-115.38326	6
21	BL1	12	407	2025	186	31	EO26-3	42.99724	-115.38277	26
21	BL1	12	408	2025	185	31	EO26-3	42.99699	-115.38279	11
21	BL1	12	417	2025	196	32	EO26-3	42.99692	-115.38787	9
21	BL1	12	416	2026	655	32	EO26-3	42.99704	-115.38853	67
21	BL1	12	416	2025	197	32	EO26-3	42.99703	-115.38852	8
21	BL1	12	422	2026	657	32	EO26-3	42.9965	-115.38785	11
21	BL1	12	415	2025	172	32	EO26-3	42.99716	-115.38858	4
21	BL1	12	414	2026	652	32	EO26-3	42.9972	-115.38891	109
21	BL1	12	414	2025	171	32	EO26-3	42.99715	-115.38886	8
21	BL1	12	419	2026	653	32	EO26-3	42.99745	-115.38886	23
21	BL1	12	414	2025	170	32	EO26-3	42.99723	-115.38891	12
21	BL1	12	423	2026	658	32	EO26-3	42.99678	-115.38791	10
21	BL1	12	412	2026	650	31	EO26-3	43.00165	-115.38299	1
21	BL1	12	411	2026	647	31	EO26-3	42.99677	-115.38299	2
21	BL1	12	411	2025	168	31	EO26-3	42.99679	-115.38296	16
21	BL1	12	410	2025	167	31	EO26-3	42.99686	-115.38311	12
21	BL1	12	409	2025	184	31	EO26-3	42.99696	-115.38308	19
21	BL1	12	408	2026	648	31	EO26-3	42.99701	-115.38279	3
21	BL1	12	413	2026	651	32	EO26-3	42.99733	-115.38878	17
21	BL1	12	416	2025	173	32	EO26-3	42.99706	-115.38859	9
21	BL1	12	413	2025	169	32	EO26-3	42.99733	-115.38876	3
22	BL1	20	399	2025	94	30	EO26-1	42.9951	-115.3742	49
22	BL1	20	400	2025	156	30	EO26-1	42.99548	-115.37229	14
22	BL1	20	402	2025	166	30	EO26-1	42.99489	-115.37416	63
22	BL1	20	401	2025	165	30	EO26-1	42.9958	-115.37237	1
23	BL1	36	435	2025	213	35	EO26-2	42.98448	-115.35125	4
23	BL1	36	434	2025	212	35	EO26-2	42.98386	-115.34953	11
23	BL1	36	433	2025	211	35	EO26-2	42.98347	-115.34891	7
24	BL5	4	53	2026	396	6	EO32	43.50951	-116.29429	54
24	BL5	4	56	2026	388	6	EO32	43.50886	-116.29116	1
24	BL5	4	56	2026	386	6	EO32	43.50879	-116.29121	7
24	BL5	4	56	2025	73	6	EO32	43.50883	-116.29118	6
24	BL5	4	55	2025	72	6	EO32	43.5080136	-116.2916169	11
24	BL5	4	76	2026	403	6	EO32	43.50722	-116.29154	136
24	BL5	4	76	2026	404	6	EO32	43.50716	-116.29146	156
24	BL5	4	77	2026	405	6	EO32	43.50932	-116.29023	86
24	BL5	4	78	2026	406	6	EO32	43.51148	-116.289	36
24	BL5	4	67	2026	385	6	EO32	43.50713	-116.29388	1
24	BL5	4	68	2026	387	6	EO32	43.5085	-116.29119	4
24	BL5	4	70	2026	392	6	EO32	43.50939	-116.29327	6
24	BL5	4	70	2026	390	6	EO32	43.50946	-116.29323	20
24	BL5	4	70	2026	391	6	EO32	43.50946	-116.29328	7
24	BL5	4	79	2026	407	6	EO32	43.51136	-116.2896	3
24	BL5	4	71	2026	393	6	EO32	43.50937	-116.29363	15
24	BL5	4	71	2026	394	6	EO32	43.5094	-116.29363	54
24	BL5	4	71	2026	395	6	EO32	43.50934	-116.29366	3
24	BL5	4	72	2026	397	6	EO32	43.50887	-116.29474	7
24	BL5	4	75	2026	402	6	EO32	43.50722	-116.29181	51
24	BL5	4	75	2026	401	6	EO32	43.50732	-116.29195	15
24	BL5	4	75	2026	400	6	EO32	43.50727	-116.29187	36
24	BL5	4	69	2026	389	6	EO32	43.5094	-116.29168	9
24	BL5	4	80	2026	408	6	EO32	43.5113	-116.28892	4
24	BL5	4	73	2026	398	6	EO32	43.50848	-116.29391	3
24	BL5	4	54	2025	47	6	EO32	43.5098	-116.29137	27
24	BL5	4	53	2025	46	6	EO32	43.5095	-116.2943	98
24	BL5	4	74	2026	399	6	EO32	43.50756	-116.29244	147
25	BL5	7	49	2025	41	6	EO32	43.5077	-116.2802	100
25	BL5	7	49	2025	42	6	EO32	43.5078	-116.2802	122
25	BL5	7	49	2026	374	6	EO32	43.50778	-116.28022	75
25	BL5	7	49	2026	375	6	EO32	43.50785	-116.28013	80
25	BL5	7	50	2025	43	6	EO32	43.5079	-116.2797	24
25	BL5	7	52	2025	45	6	EO32	43.5077	-116.2792	12
25	BL5	7	57	2026	373	6	EO32	43.50803	-116.27983	19
25	BL5	7	51	2025	44	6	EO32	43.5082	-116.2798	66
25	BL5	7	59	2026	377	6	EO32	43.50833	-116.27986	24
25	BL5	7	60	2026	378	6	EO32	43.50899	-116.27942	18
25	BL5	7	61	2026	379	6	EO32	43.50973	-116.27943	1
25	BL5	7	62	2026	380	6	EO32	43.50987	-116.2788	12
25	BL5	7	63	2026	381	6	EO32	43.50901	-116.27835	14
25	BL5	7	64	2026	382	6	EO32	43.506	-116.28208	86
25	BL5	7	66	2026	384	6	EO32	43.50867	-116.28128	1
25	BL5	7	58	2026	376	6	EO32	43.5087	-116.27979	93
25	BL5	7	65	2026	383	6	EO32	43.50553	-116.28252	1
26	BL5	22	81	2025	74	7	EO48	43.48766	-116.28665	22
26	BL5	22	82	2025	75	7	EO48	43.48739	-116.28657	76
27	BL5	42	301	2025	106	25	EO24-7	43.44302	-116.43594	3
28	BL5	43	297	2026	370	23	EO24-2	43.43861	-116.42395	2
28	BL5	43	297	2025	135	23	EO24-2	43.43855	-116.42392	1
29	BL5	44	296	2025	134	22	EO24-1	43.43682	-116.41584	2
30	BL5	31	298	2025	136	24	EO24	43.43583	-116.43073	2
30	BL5	31	299	2026	371	24	EO24	43.43583	-116.43073	26
30	BL5	31	300	2026	372	24	EO24	43.43622	-116.43089	1
31	BL5	33	290	2025	118	21	EO25-B	43.41027	-116.47932	2
31	BL5	33	294	2026	368	21	EO25-B	43.4104	-116.47937	11
31	BL5	33	289	2025	117	21	EO25-B	43.40979	-116.4796	4
31	BL5	33	295	2026	369	21	EO25-B	43.40963	-116.47977	4
31	BL5	33	291	2025	119	21	EO25-B	43.41042	-116.47924	1
31	BL5	33	292	2025	120	21	EO25-B	43.41031	-116.47911	3
31	BL5	33	293	2026	367	21	EO25-B	43.41021	-116.47911	1
32	BL5	5	280	2025	115	20	EO25-A	43.40778	-116.48969	3
32	BL5	5	279	2025	114	20	EO25-A	43.40812	-116.49001	46
32	BL5	5	285	2026	358	20	EO25-A	43.40787	-116.49061	25
32	BL5	5	278	2025	113	20	EO25-A	43.4081	-116.49053	8
32	BL5	5	277	2026	356	20	EO25-A	43.40793	-116.49079	200
32	BL5	5	277	2026	355	20	EO25-A	43.40799	-116.49082	40
32	BL5	5	276	2025	111	20	EO25-A	43.40812	-116.49117	20
32	BL5	5	277	2026	353	20	EO25-A	43.408	-116.49084	42
32	BL5	5	277	2026	352	20	EO25-A	43.40805	-116.49086	6
32	BL5	5	277	2025	112	20	EO25-A	43.40802	-116.49079	6
32	BL5	5	281	2025	116	20	EO25-A	43.40766	-116.48929	3
32	BL5	5	275	2026	347	20	EO25-A	43.40751	-116.49148	1
32	BL5	5	275	2025	110	20	EO25-A	43.40752	-116.49149	27
32	BL5	5	277	2026	354	20	EO25-A	43.40799	-116.49083	14
32	BL5	5	282	2026	348	20	EO25-A	43.40702	-116.49197	13
32	BL5	5	285	2026	360	20	EO25-A	43.40791	-116.49048	23
32	BL5	5	283	2026	350	20	EO25-A	43.40675	-116.49181	9
32	BL5	5	282	2026	349	20	EO25-A	43.40697	-116.49199	2
32	BL5	5	288	2026	366	20	EO25-A	43.40675	-116.48936	21
32	BL5	5	287	2026	365	20	EO25-A	43.40764	-116.4898	34
32	BL5	5	286	2026	364	20	EO25-A	43.40781	-116.49003	271
32	BL5	5	284	2026	351	20	EO25-A	43.40681	-116.49146	19
32	BL5	5	285	2026	362	20	EO25-A	43.40789	-116.49042	15
32	BL5	5	285	2026	361	20	EO25-A	43.40784	-116.49049	5
32	BL5	5	285	2026	357	20	EO25-A	43.40786	-116.49065	123
32	BL5	5	285	2026	359	20	EO25-A	43.40791	-116.49054	8
32	BL5	5	285	2026	363	20	EO25-A	43.40784	-116.49033	16
33	BL5	3	199	2026	308	16	EO18-7	43.38209	-116.48094	47
33	BL5	3	198	2026	307	16	EO18-7	43.38193	-116.48088	1
33	BL5	3	198	2026	306	16	EO18-7	43.38187	-116.48079	1
33	BL5	3	197	2026	305	16	EO18-7	43.38206	-116.48069	0
33	BL5	3	196	2026	304	16	EO18-7	43.383	-116.4783	33
33	BL5	3	195	2026	303	16	EO18-7	43.38164	-116.481	9
33	BL5	3	194	2025	70	16	EO18-7	43.38259	-116.47329	12
33	BL5	3	200	2026	309	16	EO18-7	43.38201	-116.4812	17
33	BL5	3	226	2025	103	17	EO18-7	43.38776	-116.47992	4
33	BL5	3	193	2025	69	16	EO18-7	43.38404	-116.47309	28
33	BL5	3	265	2026	342	18	EO18-8	43.39176	-116.48829	11
33	BL5	3	266	2026	343	18	EO18-8	43.39192	-116.48832	1
33	BL5	3	267	2026	344	18	EO18-8	43.39183	-116.4881	52
33	BL5	3	211	2026	322	16	EO18-7	43.38345	-116.48283	1
33	BL5	3	211	2026	321	16	EO18-7	43.38342	-116.48279	4
33	BL5	3	210	2026	320	16	EO18-7	43.38456	-116.48148	5
33	BL5	3	209	2026	319	16	EO18-7	43.38382	-116.48172	12
33	BL5	3	208	2026	318	16	EO18-7	43.38361	-116.48191	0
33	BL5	3	264	2026	339	18	EO18-8	43.38848	-116.48782	2
33	BL5	3	207	2026	317	16	EO18-7	43.3819	-116.48192	3
33	BL5	3	268	2026	345	18	EO18-8	43.39204	-116.488	89
33	BL5	3	269	2025	129	19	EO18-7	43.39301	-116.48138	9
33	BL5	3	205	2026	315	16	EO18-7	43.383	-116.4817	86
33	BL5	3	204	2026	314	16	EO18-7	43.38289	-116.48187	24
33	BL5	3	204	2026	313	16	EO18-7	43.38283	-116.48187	2
33	BL5	3	203	2026	312	16	EO18-7	43.38264	-116.48176	1
33	BL5	3	202	2026	311	16	EO18-7	43.3824	-116.48167	6
33	BL5	3	201	2026	310	16	EO18-7	43.38215	-116.48155	51
33	BL5	3	206	2026	316	16	EO18-7	43.38323	-116.48204	6
33	BL5	3	212	2026	323	16	EO18-7	43.38313	-116.48311	24
33	BL5	3	213	2026	324	16	EO18-7	43.38791	-116.48317	3
33	BL5	3	214	2026	325	16	EO18-7	43.3836	-116.47328	26
33	BL5	3	225	2025	102	17	EO18-7	43.3877	-116.47943	11
33	BL5	3	224	2025	101	17	EO18-7	43.38738	-116.47888	9
33	BL5	3	223	2025	100	17	EO18-7	43.38733	-116.47857	5
33	BL5	3	222	2026	282	17	EO18-7	43.38616	-116.4785	4
33	BL5	3	222	2026	281	17	EO18-7	43.38618	-116.47849	8
33	BL5	3	222	2026	280	17	EO18-7	43.38618	-116.47856	0
33	BL5	3	222	2025	99	17	EO18-7	43.38617	-116.47863	1
33	BL5	3	221	2025	98	17	EO18-7	43.38633	-116.47855	28
33	BL5	3	220	2026	287	17	EO18-7	43.38655	-116.47862	0
33	BL5	3	220	2026	285	17	EO18-7	43.38648	-116.47856	13
33	BL5	3	220	2026	284	17	EO18-7	43.38644	-116.47849	9
33	BL5	3	220	2025	97	17	EO18-7	43.38645	-116.47847	7
33	BL5	3	220	2025	96	17	EO18-7	43.38647	-116.47859	16
33	BL5	3	219	2025	95	17	EO18-7	43.38612	-116.4794	3
33	BL5	3	218	2025	77	17	EO18-7	43.38618	-116.47973	5
33	BL5	3	217	2026	274	17	EO18-7	43.38646	-116.4795	5
33	BL5	3	217	2025	76	17	EO18-7	43.38641	-116.47958	150
33	BL5	3	216	2026	327	16	EO18-7	43.385711	-116.47708	1
33	BL5	3	215	2026	326	16	EO18-7	43.38245	-116.46789	2
33	BL5	3	226	2026	294	17	EO18-7	43.38774	-116.47992	15
33	BL5	3	193	2025	67	16	EO18-7	43.38402	-116.473	23
33	BL5	3	226	2026	293	17	EO18-7	43.38771	-116.47995	9
33	BL5	3	191	2025	65	16	EO18-7	43.3842	-116.47307	3
33	BL5	3	244	2026	299	17	EO18-7	43.3886	-116.47892	0
33	BL5	3	245	2026	300	17	EO18-7	43.38751	-116.48751	15
33	BL5	3	246	2026	301	17	EO18-7	43.39663	-116.48255	2
33	BL5	3	192	2025	66	16	EO18-7	43.3841	-116.47294	27
33	BL5	3	248	2025	121	18	EO18-8	43.38647	-116.48792	6
33	BL5	3	248	2026	328	18	EO18-8	43.38646	-116.48791	3
33	BL5	3	249	2025	122	18	EO18-8	43.38791	-116.48896	5
33	BL5	3	250	2025	123	18	EO18-8	43.38811	-116.48923	35
33	BL5	3	251	2025	124	18	EO18-8	43.38833	-116.48955	12
33	BL5	3	251	2026	333	18	EO18-8	43.38836	-116.48955	19
33	BL5	3	252	2025	125	18	EO18-8	43.38838	-116.49021	42
33	BL5	3	252	2026	340	18	EO18-8	43.38844	-116.49025	7
33	BL5	3	253	2025	126	18	EO18-8	43.39145	-116.48905	5
33	BL5	3	254	2025	127	18	EO18-8	43.39143	-116.48873	17
33	BL5	3	255	2025	128	18	EO18-8	43.39115	-116.48851	1
33	BL5	3	256	2026	329	18	EO18-8	43.3865	-116.48804	0
33	BL5	3	189	2025	68	15	EO18-7	43.39152	-116.47735	5
33	BL5	3	188	2025	81	15	EO18-7	43.39092	-116.4769	8
33	BL5	3	187	2025	80	15	EO18-7	43.391	-116.47706	4
33	BL5	3	186	2025	79	15	EO18-7	43.39119	-116.47715	2
33	BL5	3	270	2025	130	19	EO18-7	43.39289	-116.4814	5
33	BL5	3	271	2025	131	19	EO18-7	43.39267	-116.48148	17
33	BL5	3	272	2025	132	19	EO18-7	43.39334	-116.48321	2
33	BL5	3	185	2025	78	15	EO18-7	43.39133	-116.4772	6
33	BL5	3	184	2025	93	15	EO18-7	43.3914	-116.47729	5
33	BL5	3	273	2025	133	19	EO18-7	43.39374	-116.48249	1
33	BL5	3	274	2026	346	19	EO18-7	43.39302	-116.48241	2
33	BL5	3	243	2026	298	17	EO18-7	43.38829	-116.47729	3
33	BL5	3	242	2026	297	17	EO18-7	43.3876	-116.47953	0
33	BL5	3	247	2026	302	17	EO18-7	43.38663	-116.48713	2
33	BL5	3	236	2026	288	17	EO18-7	43.38698	-116.47976	18
33	BL5	3	226	2026	295	17	EO18-7	43.38779	-116.47994	4
33	BL5	3	227	2025	104	17	EO18-7	43.3872	-116.48011	2
33	BL5	3	228	2025	105	17	EO18-7	43.387	-116.47999	1
33	BL5	3	229	2026	270	17	EO18-7	43.38642	-116.47558	69
33	BL5	3	230	2026	272	17	EO18-7	43.38641	-116.47974	0
33	BL5	3	231	2026	273	17	EO18-7	43.38641	-116.47916	19
33	BL5	3	233	2026	276	17	EO18-7	43.38629	-116.47876	19
33	BL5	3	234	2026	279	17	EO18-7	43.38676	-116.47854	52
33	BL5	3	241	2026	296	17	EO18-7	43.38797	-116.48209	50
33	BL5	3	263	2026	338	18	EO18-8	43.38857	-116.48993	4
33	BL5	3	237	2026	289	17	EO18-7	43.38704	-116.47986	3
33	BL5	3	238	2026	290	17	EO18-7	43.3876	-116.47984	0
33	BL5	3	190	2025	64	16	EO18-7	43.38593	-116.47276	1
33	BL5	3	240	2026	292	17	EO18-7	43.38762	-116.48	2
33	BL5	3	262	2026	337	18	EO18-8	43.38837	-116.48976	7
33	BL5	3	262	2026	336	18	EO18-8	43.38836	-116.48971	5
33	BL5	3	261	2026	335	18	EO18-8	43.38816	-116.4898	5
33	BL5	3	260	2026	334	18	EO18-8	43.38824	-116.48966	11
33	BL5	3	239	2026	291	17	EO18-7	43.38717	-116.47977	0
33	BL5	3	259	2026	332	18	EO18-8	43.3865	-116.48827	6
33	BL5	3	258	2026	331	18	EO18-8	43.38659	-116.48838	2
33	BL5	3	257	2026	330	18	EO18-8	43.38639	-116.48857	5
34	BL5	38	235	2026	286	17	EO18-7	43.38651	-116.42839	8
34	BL5	38	232	2026	275	17	EO18-7	43.38636	-116.42877	6
35	BL3	24	44	2026	266	4	EO118	43.79587	-116.47618	13
35	BL3	24	44	2026	277	4	EO118	43.79575	-116.47619	31
35	BL3	24	44	2026	268	4	EO118	43.79593	-116.47623	2
35	BL3	24	45	2026	269	4	EO118	43.79603	-116.47643	0
35	BL3	24	44	2025	88	4	EO118	43.7958	-116.4762	18
35	BL3	24	44	2025	89	4	EO118	43.7959	-116.4761	3
35	BL3	24	44	2025	90	4	EO118	43.7959	-116.4762	4
35	BL3	24	44	2025	91	4	EO118	43.7959	-116.4762	4
35	BL3	24	44	2026	267	4	EO118	43.79589	-116.47611	4
36	BL3	34	39	2025	84	3	EO52	43.7534	-116.3576	4
36	BL3	34	41	2025	86	3	EO52	43.7539	-116.3583	10
36	BL3	34	40	2025	85	3	EO52	43.754	-116.3582	2
36	BL3	34	37	2025	82	3	EO52	43.75335	-116.3583	4
36	BL3	34	38	2025	83	3	EO52	43.7536	-116.3578	1
36	BL3	34	42	2025	87	3	EO52	43.754	-116.3584	2
36	BL3	34	43	2026	242	3	EO52	43.7515	-116.3579	3
37	BL3	10	22	2025	19	2	EO76	43.7367	-116.4402	2
37	BL3	10	33	2025	31	2	EO76	43.7378	-116.4376	9
37	BL3	10	26	2025	23	2	EO76	43.7366	-116.4404	200
37	BL3	10	22	2025	18	2	EO76	43.7367	-116.4401	2
37	BL3	10	26	2025	26	2	EO76	43.7366	-116.4405	3
37	BL3	10	27	2025	24	2	EO76	43.7367	-116.4404	6
37	BL3	10	28	2025	25	2	EO76	43.7367	-116.4406	1
37	BL3	10	29	2025	27	2	EO76	43.7365	-116.4404	21
37	BL3	10	30	2025	28	2	EO76	43.7365	-116.4401	1
37	BL3	10	25	2025	22	2	EO76	43.7369	-116.4406	22
37	BL3	10	24	2025	21	2	EO76	43.7371	-116.4405	3
37	BL3	10	23	2025	20	2	EO76	43.7371	-116.4405	19
37	BL3	10	33	2025	32	2	EO76	43.7378	-116.4376	4
37	BL3	10	32	2025	30	2	EO76	43.7363	-116.44	17
37	BL3	10	20	2025	14	2	EO76	43.7365	-116.4398	27
37	BL3	10	21	2025	15	2	EO76	43.7366	-116.4399	7
37	BL3	10	21	2025	16	2	EO76	43.7366	-116.4398	48
37	BL3	10	21	2025	17	2	EO76	43.7366	-116.4399	22
37	BL3	10	36	2026	243	2	EO76	43.7368	-116.44047	13
37	BL3	10	35	2025	34	2	EO76	43.738	-116.4345	5
37	BL3	10	34	2025	92	2	EO76	43.738	-116.4345	9
37	BL3	10	33	2026	244	2	EO76	43.73778	-116.43762	3
37	BL3	10	33	2025	33	2	EO76	43.7378	-116.4375	3
37	BL3	10	19	2025	12	2	EO76	43.7364	-116.4391	14
38	BL3	25	31	2025	29	2	EO76	43.7364	-116.447	72
39	BL3	16	1	2025	1	1	EO38	43.7086	-116.3082	2
39	BL3	16	2	2025	2	1	EO38	43.7087	-116.308	2
39	BL3	16	18	2026	241	1	EO38	43.70901	-116.30704	26
39	BL3	16	3	2025	4	1	EO38	43.7089	-116.3079	10
39	BL3	16	17	2026	240	1	EO38	43.70907	-116.30651	1
39	BL3	16	17	2026	239	1	EO38	43.70909	-116.30657	25
39	BL3	16	16	2026	260	1	EO38	43.70919	-116.30646	1
39	BL3	16	15	2026	257	1	EO38	43.70522	-116.30746	2
39	BL3	16	14	2026	255	1	EO38	43.70887	-116.30772	76
39	BL3	16	12	2026	251	1	EO38	43.7084	-116.30975	2
39	BL3	16	11	2026	250	1	EO38	43.7076	-116.30922	17
39	BL3	16	10	2026	249	1	EO38	43.71078	-116.30903	1
39	BL3	16	9	2025	11	1	EO38	43.7082	-116.3082	17
39	BL3	16	3	2025	3	1	EO38	43.7088	-116.308	2
39	BL3	16	8	2025	10	1	EO38	43.7091	-116.308	9
39	BL3	16	7	2025	9	1	EO38	43.7097	-116.3082	1
39	BL3	16	6	2026	259	1	EO38	43.70944	-116.30649	2
39	BL3	16	6	2026	258	1	EO38	43.70953	-116.30647	5
39	BL3	16	6	2025	8	1	EO38	43.7095	-116.3065	4
39	BL3	16	6	2025	7	1	EO38	43.7096	-116.3064	7
39	BL3	16	5	2025	6	1	EO38	43.7087	-116.3076	5
39	BL3	16	4	2025	5	1	EO38	43.7088	-116.3076	8
39	BL3	16	3	2026	254	1	EO38	43.7089	-116.30785	24
39	BL3	16	7	2026	256	1	EO38	43.70962	-116.30816	59
39	BL3	16	3	2026	253	1	EO38	43.70886	-116.308	7
40	BL3	40	13	2026	252	1	EO38	43.70825	-116.30014	6
41	BL2	15	303	2026	248	26	EO70	43.891699	-116.768852	98
41	BL2	15	303	2025	108	26	EO70	43.8917	-116.7689	62
41	BL2	15	303	2025	109	26	EO70	43.8917	-116.769	8
41	BL2	15	303	2025	138	26	EO70	43.8917	-116.769	8
41	BL2	15	303	2026	247	26	EO70	43.891738	-116.768899	89
41	BL2	15	305	2026	245	26	EO70	43.8969	-116.768997	9
41	BL2	15	306	2026	261	26	EO70	43.89663	-116.768659	36
41	BL2	15	302	2025	107	26	EO70	43.8916	-116.7688	65
41	BL2	15	304	2025	139	26	EO70	43.8917	-116.7687	18
42	BL2	27	47	2025	49	5	EO68-3	43.8875	-116.8066	29
42	BL2	27	46	2026	263	5	EO68-3	43.887723	-116.806733	6
42	BL2	27	46	2025	48	5	EO68-3	43.8877	-116.8068	19
43		32	463	2026	265	41	EO69	43.88344	-116.82979	26
44	BL2	37	48	2026	264	5	EO68-3	43.88154	-116.806559	17
