LEPA_aln_col_1based	Site_type	In_LEPA_HV	In_Brassica_HV	In_Arabidopsis_HV	In_linker_zone	Ma_2016_contact	Polymorphic_LEPA	Polymorphic_all
197	HV_union	False	False	True	False	False	True	True
198	HV_union	False	True	True	False	False	True	True
199	HV_union	False	True	True	False	False	True	True
200	HV_union	False	True	True	False	False	True	True
201	HV_union	False	True	True	False	False	True	True
202	HV_union	False	True	True	False	False	True	True
203	HV_union	False	True	True	False	False	True	True
204	HV_union	False	True	True	False	False	True	True
205	HV_union	False	True	True	False	False	True	True
206	HV_union	False	True	True	False	False	True	True
207	HV_union	False	True	True	False	False	True	True
208	HV_union	False	False	True	False	False	True	True
209	HV_union	False	False	True	False	False	True	True
210	HV_union	False	False	True	False	False	True	True
211	HV_union	False	False	True	False	False	True	True
212	HV_union	False	False	True	False	False	True	True
213	HV_union	False	False	True	False	False	True	True
214	HV_union	False	False	True	False	False	True	True
215	HV_union	False	False	True	False	False	True	True
216	linker_polymorphic	False	False	False	True	False	False	True
217	linker_polymorphic	False	False	False	True	False	True	True
218	linker_polymorphic	False	False	False	True	False	True	True
219	linker_polymorphic	False	False	False	True	False	True	True
220	linker_polymorphic	False	False	False	True	False	True	True
221	linker_polymorphic	False	False	False	True	False	True	True
222	linker_polymorphic	False	False	False	True	False	True	True
223	linker_polymorphic	False	False	False	True	False	True	True
224	linker_polymorphic	False	False	False	True	False	True	True
225	linker_polymorphic	False	False	False	True	False	True	True
226	linker_polymorphic	False	False	False	True	False	True	True
227	linker_polymorphic	False	False	False	True	False	True	True
228	linker_polymorphic	False	False	False	True	False	False	True
235	linker_polymorphic	False	False	False	True	False	False	True
237	linker_polymorphic	False	False	False	True	False	True	True
238	linker_polymorphic	False	False	False	True	False	True	True
239	linker_polymorphic	False	False	False	True	False	True	True
240	linker_polymorphic	False	False	False	True	False	True	True
241	linker_polymorphic	False	False	False	True	True	True	True
243	linker_polymorphic	False	False	False	True	False	True	True
244	linker_polymorphic	False	False	False	True	False	True	True
245	linker_polymorphic	False	False	False	True	False	True	True
246	linker_polymorphic	False	False	False	True	False	True	True
247	linker_polymorphic	False	False	False	True	False	True	True
248	linker_polymorphic	False	False	False	True	False	True	True
249	linker_polymorphic	False	False	False	True	False	True	True
250	linker_polymorphic	False	False	False	True	False	True	True
251	linker_polymorphic	False	False	False	True	False	True	True
252	linker_polymorphic	False	False	False	True	False	True	True
253	linker_polymorphic	False	False	False	True	False	True	True
254	linker_polymorphic	False	False	False	True	False	True	True
255	linker_polymorphic	False	False	False	True	False	True	True
256	linker_polymorphic	False	False	False	True	False	True	True
257	linker_polymorphic	False	False	False	True	False	True	True
258	linker_polymorphic	False	False	False	True	False	True	True
259	linker_polymorphic	False	False	False	True	False	True	True
260	linker_polymorphic	False	False	False	True	False	True	True
261	linker_polymorphic	False	False	False	True	False	True	True
262	HV_union	False	True	True	False	False	True	True
263	HV_union	False	True	True	False	False	False	True
264	HV_union	False	True	True	False	False	True	True
265	HV_union	False	True	True	False	False	True	True
266	HV_union	False	True	True	False	False	True	True
267	HV_union	False	True	True	False	False	True	True
268	HV_union	False	True	True	False	False	True	True
269	HV_union	False	True	True	False	False	True	True
270	HV_union	False	True	True	False	False	True	True
271	HV_union	False	True	False	False	False	True	True
272	HV_union	False	True	True	False	False	True	True
273	HV_union	False	True	True	False	False	True	True
274	HV_union	False	True	True	False	False	True	True
275	HV_union	False	True	True	False	False	True	True
276	HV_union	False	True	True	False	False	True	True
277	HV_union	False	True	True	False	False	True	True
278	HV_union	False	True	True	False	False	True	True
279	HV_union	False	True	True	False	False	True	True
280	HV_union	False	True	True	False	False	True	True
281	HV_union	False	True	True	False	False	True	True
282	HV_union	False	True	True	False	False	True	True
283	HV_union	False	True	True	False	False	True	True
284	HV_union	False	True	True	False	False	True	True
285	HV_union	False	True	True	False	False	True	True
286	HV_union	False	True	True	False	False	True	True
287	HV_union	False	True	True	False	False	True	True
288	HV_union	False	True	True	False	False	True	True
289	HV_union	False	True	True	False	False	False	False
290	HV_union	False	True	True	False	False	False	True
291	HV_union	False	True	True	False	False	True	True
292	HV_union	False	True	True	False	False	True	True
293	HV_union	False	True	True	False	False	True	True
294	HV_union	False	False	True	False	False	True	True
295	HV_union	False	True	True	False	False	True	True
296	HV_union	False	True	True	False	False	True	True
297	HV_union	False	True	False	False	False	True	True
298	linker_polymorphic	False	False	False	True	False	True	True
299	linker_polymorphic	False	False	False	True	False	True	True
300	linker_polymorphic	False	False	False	True	False	True	True
301	linker_polymorphic	False	False	False	True	False	True	True
302	linker_polymorphic	False	False	False	True	False	True	True
303	linker_polymorphic	False	False	False	True	True	True	True
304	linker_polymorphic	False	False	False	True	False	False	True
305	linker_polymorphic	False	False	False	True	False	True	True
306	linker_polymorphic	False	False	False	True	False	True	True
307	linker_polymorphic	False	False	False	True	False	True	True
308	linker_polymorphic	False	False	False	True	False	True	True
309	linker_polymorphic	False	False	False	True	False	True	True
310	linker_polymorphic	False	False	False	True	False	True	True
311	linker_polymorphic	False	False	False	True	False	True	True
312	linker_polymorphic	False	False	False	True	False	True	True
313	linker_polymorphic	False	False	False	True	True	True	True
314	linker_polymorphic	False	False	False	True	True	True	True
315	linker_polymorphic	False	False	False	True	False	True	True
316	linker_polymorphic	False	False	False	True	False	True	True
318	linker_polymorphic	False	False	False	True	False	False	True
320	linker_polymorphic	False	False	False	True	False	False	True
321	linker_polymorphic	False	False	False	True	False	False	True
322	linker_polymorphic	False	False	False	True	False	True	True
323	linker_polymorphic	False	False	False	True	True	False	True
324	linker_polymorphic	False	False	False	True	False	True	True
325	linker_polymorphic	False	False	False	True	False	True	True
326	linker_polymorphic	False	False	False	True	False	True	True
327	linker_polymorphic	False	False	False	True	False	True	True
328	linker_polymorphic	False	False	False	True	True	True	True
329	linker_polymorphic	False	False	False	True	False	True	True
330	HV_union	False	False	True	False	False	True	True
331	HV_union	False	False	True	False	True	True	True
332	HV_union	False	False	True	False	False	False	True
333	HV_union	False	False	True	False	False	True	True
334	HV_union	False	False	True	False	False	True	True
335	HV_union	False	False	True	False	False	True	True
336	HV_union	False	False	True	False	False	True	True
337	HV_union	False	False	True	False	False	True	True
338	HV_union	False	False	True	False	False	True	True
339	HV_union	False	False	True	False	False	True	True
341	HV_union	False	False	True	False	False	True	True
342	HV_union	False	False	True	False	False	True	True
343	HV_union	False	False	True	False	False	True	True
344	HV_union	False	False	True	False	False	True	True
345	linker_polymorphic	False	False	False	True	False	True	True
346	linker_polymorphic	False	False	False	True	False	True	True
347	linker_polymorphic	False	False	False	True	False	False	True
348	linker_polymorphic	False	False	False	True	False	True	True
349	HV_union	True	False	False	False	False	True	True
350	HV_union	True	False	False	False	False	True	True
351	HV_union	True	False	False	False	False	True	True
352	HV_union	True	False	False	False	False	True	True
353	HV_union	True	False	False	False	False	True	True
354	HV_union	True	False	False	False	False	True	True
355	HV_union	True	False	False	False	False	True	True
356	HV_union	True	False	False	False	False	True	True
357	HV_union	True	False	False	False	False	True	True
358	HV_union	True	False	False	False	False	True	True
359	HV_union	True	False	False	False	False	True	True
360	HV_union	True	False	False	False	False	True	True
361	HV_union	True	False	False	False	False	True	True
362	HV_union	True	False	False	False	False	True	True
363	HV_union	True	False	False	False	False	True	True
364	HV_union	True	False	False	False	False	True	True
365	HV_union	True	False	False	False	False	True	True
366	HV_union	True	False	False	False	False	True	True
367	HV_union	True	False	False	False	False	True	True
368	HV_union	True	False	False	False	False	True	True
369	HV_union	True	False	False	False	False	True	True
370	HV_union	True	False	False	False	True	True	True
371	HV_union	True	False	False	False	False	True	True
372	HV_union	True	False	False	False	False	False	True
373	HV_union	True	False	False	False	False	True	True
374	HV_union	True	False	False	False	False	True	True
375	HV_union	True	False	False	False	True	True	True
376	HV_union	True	False	False	False	False	False	True
377	HV_union	True	False	False	False	False	False	True
378	HV_union	True	False	False	False	False	False	True
379	HV_union	True	False	False	False	False	False	False
380	HV_union	True	False	False	False	False	False	True
381	HV_union	True	False	True	False	True	True	True
382	HV_union	True	False	True	False	True	True	True
383	HV_union	True	False	True	False	True	False	True
384	HV_union	True	False	True	False	False	True	True
385	HV_union	True	False	False	False	False	True	True
386	HV_union	True	False	False	False	False	True	True
387	HV_union	True	False	False	False	False	True	True
388	HV_union	True	False	False	False	False	True	True
389	HV_union	True	False	False	False	False	True	True
390	HV_union	True	False	False	False	False	True	True
391	HV_union	True	False	False	False	False	True	True
392	HV_union	True	False	False	False	False	True	True
393	HV_union	True	False	False	False	False	True	True
394	HV_union	True	False	False	False	False	True	True
395	HV_union	True	False	False	False	False	True	True
396	HV_union	True	False	False	False	False	True	True
397	HV_union	True	False	False	False	False	True	True
398	HV_union	True	False	False	False	False	True	True
399	HV_union	True	False	False	False	False	True	True
400	HV_union	True	False	False	False	False	True	True
401	HV_union	True	False	False	False	False	True	True
402	HV_union	True	False	False	False	False	True	True
403	HV_union	True	False	False	False	False	True	True
404	HV_union	True	False	False	False	False	True	True
405	HV_union	True	False	False	False	False	True	True
406	HV_union	True	False	False	False	False	True	True
407	HV_union	True	False	False	False	False	True	True
408	HV_union	True	False	False	False	False	True	True
409	HV_union	True	False	False	False	False	True	True
410	HV_union	True	False	False	False	False	True	True
411	HV_union	True	False	False	False	False	True	True
412	HV_union	True	False	False	False	False	True	True
413	HV_union	True	False	False	False	False	True	True
414	HV_union	True	False	False	False	False	True	True
415	HV_union	True	False	False	False	False	True	True
416	HV_union	True	False	False	False	False	True	True
417	HV_union	True	False	False	False	False	True	True
418	HV_union	True	False	False	False	False	True	True
419	HV_union	True	False	False	False	False	True	True
420	HV_union	True	False	False	False	False	True	True
421	HV_union	True	False	False	False	False	True	True
422	HV_union	True	False	False	False	False	True	True
423	HV_union	True	False	False	False	False	True	True
424	HV_union	True	False	False	False	False	False	False
425	HV_union	True	False	False	False	False	False	True
426	HV_union	True	False	False	False	False	False	True
427	HV_union	True	False	False	False	False	True	True
428	HV_union	True	False	False	False	False	True	True
429	HV_union	True	False	False	False	False	True	True
430	HV_union	True	False	False	False	False	True	True
