locationID	locationCode	BL	n_events	n_components_25m	total_N_fertile	K_local	M_current_uniform	M_current_event_floor	M_current	sum_M_paternal_only	M_frag_aware	delta
8	EO29	BL1	5	1	417	32	6	5	6	6	6	0
31	EO26-3	BL1	9	1	121	32	6	9	9	6	9	0
33	EO26-3	BL1	3	2	5	16	3	3	3	3	3	0
36	EO26-4	BL1	4	1	43	32	6	4	6	6	6	0
38	EO61	BL1	14	2	543	32	6	14	14	12	14	0
29	EO8	BL1	9	4	152	32	6	9	9	13	14	5
30	EO26-1	BL1	4	2	127	32	6	4	6	12	12	6
35	EO26-2	BL1	3	3	22	32	6	3	6	12	12	6
34	EO26-3	BL1	6	3	34	32	6	6	6	13	13	7
27	EO8	BL1	6	4	69	32	6	6	6	14	14	8
32	EO26-3	BL1	8	3	61	32	6	8	8	17	17	9
28	EO8	BL1	9	5	87	32	6	9	9	27	27	18
5	EO68-3	BL2	2	1	48	32	6	2	6	6	6	0
26	EO70	BL2	5	1	161	32	6	5	6	6	6	0
4	EO118	BL3	4	1	29	32	6	4	6	6	6	0
1	EO38	BL3	11	3	67	32	6	11	11	13	15	4
3	EO52	BL3	6	2	23	32	6	6	6	12	12	6
2	EO76	BL3	23	6	517	32	6	23	23	33	43	20
39	EO67	BL4	2	2	10	32	6	2	6	6	6	0
40	EO72-2	BL4	1	1	7	24	4	1	4	4	4	0
9	EO27	BL4	3	2	262	32	6	3	6	12	12	6
10	EO27-3	BL4	5	2	216	32	6	5	6	12	12	6
13	EO30-1	BL4	6	2	487	32	6	6	6	12	12	6
12	EO27RT	BL4	7	6	177	32	6	7	7	27	27	20
11	EO27-1	BL4	7	5	371	32	6	7	7	30	30	23
37	EO27-1	BL4	8	6	395	32	6	8	8	36	36	28
7	EO48	BL5	2	1	98	32	6	2	6	6	6	0
15	EO18-7	BL5	6	1	30	32	6	6	6	6	6	0
21	EO25-B	BL5	4	2	10	32	6	4	6	6	6	0
22	EO24-1	BL5	1	1	2	4	1	1	1	1	1	0
23	EO24-2	BL5	1	1	1	1	1	1	1	1	1	0
24	EO24	BL5	1	1	2	4	1	1	1	1	1	0
25	EO24-7	BL5	1	1	3	8	1	1	1	1	1	0
19	EO18-7	BL5	5	3	34	32	6	5	6	8	8	2
20	EO25-A	BL5	7	2	113	32	6	7	7	12	12	5
16	EO18-7	BL5	6	3	94	32	6	6	6	13	13	7
17	EO18-7	BL5	13	5	242	32	6	13	13	25	26	13
18	EO18-8	BL5	8	4	123	32	6	8	8	22	22	14
6	EO32	BL5	9	5	466	32	6	9	9	28	28	19
