	FG001	FG002	FG003	FG004	FG005	FG006	FG007	FG008	FG009	FG010	FG011	FG012	FG013	FG014	FG015	FG016	FG017	FG018	FG019	FG020	FG021	FG022	FG023	FG024	FG025	FG026	FG027	FG028	FG029	FG030	FG031	FG032
FG001	0	1	3	2	2	1	4	3	2	4	2	2	1	3	1	3	2	1	2	2	2	1	2	40	1	2	2	196	2	3	7	3
FG002	1	0	4	1	1	2	5	4	3	5	1	1	2	2	2	2	3	2	3	3	3	2	3	41	2	3	3	196	3	4	6	4
FG003	3	4	0	3	5	4	5	4	3	1	5	5	2	4	2	4	5	4	5	5	5	4	5	43	2	5	5	197	5	6	8	4
FG004	2	1	3	0	2	3	6	5	2	4	2	2	1	3	3	1	4	3	4	4	4	3	4	42	3	4	4	197	4	5	5	3
FG005	2	1	5	2	0	3	6	5	4	6	2	2	3	3	3	3	4	3	4	4	4	3	4	42	3	3	4	197	2	5	7	5
FG006	1	2	4	3	3	0	5	4	3	5	3	3	2	4	2	4	3	2	3	1	3	2	3	41	2	3	3	196	1	2	8	4
FG007	4	5	5	6	6	5	0	1	6	6	6	6	5	3	3	7	6	5	6	6	6	3	2	42	5	6	6	196	6	5	11	5
FG008	3	4	4	5	5	4	1	0	5	5	5	5	4	2	2	6	5	4	5	5	5	4	1	42	4	5	5	196	5	6	10	4
FG009	2	3	3	2	4	3	6	5	0	4	4	4	1	5	3	3	4	3	4	4	4	3	4	41	3	4	4	197	4	5	5	3
FG010	4	5	1	4	6	5	6	5	4	0	6	4	3	5	3	5	6	5	6	6	6	5	6	44	3	6	6	197	6	7	7	3
FG011	2	1	5	2	2	3	6	5	4	6	0	2	3	3	3	3	4	3	4	4	4	3	4	42	3	4	4	196	4	5	7	5
FG012	2	1	5	2	2	3	6	5	4	4	2	0	3	3	3	3	4	3	4	4	4	3	4	42	3	4	4	196	4	5	5	3
FG013	1	2	2	1	3	2	5	4	1	3	3	3	0	4	2	2	3	2	3	3	3	2	3	41	2	3	3	197	3	4	6	2
FG014	3	2	4	3	3	4	3	2	5	5	3	3	4	0	2	4	5	4	5	5	5	4	3	42	4	5	5	197	5	6	8	4
FG015	1	2	2	3	3	2	3	2	3	3	3	3	2	2	0	4	3	2	3	3	3	2	3	41	2	3	3	196	3	4	8	4
FG016	3	2	4	1	3	4	7	6	3	5	3	3	2	4	4	0	5	4	5	5	4	4	5	43	4	5	5	197	5	6	6	4
FG017	2	3	5	4	4	3	6	5	4	6	4	4	3	5	3	5	0	3	4	4	4	3	4	41	3	4	4	195	4	5	9	5
FG018	1	2	4	3	3	2	5	4	3	5	3	3	2	4	2	4	3	0	3	3	3	2	3	40	2	3	3	196	3	4	7	4
FG019	2	3	5	4	4	3	6	5	4	6	4	4	3	5	3	5	4	3	0	4	4	3	4	42	3	4	4	197	4	5	9	5
FG020	2	3	5	4	4	1	6	5	4	6	4	4	3	5	3	5	4	3	4	0	4	3	4	42	3	4	4	196	2	3	9	5
FG021	2	3	5	4	4	3	6	5	4	6	4	4	3	5	3	4	4	3	4	4	0	3	4	40	3	4	4	196	4	5	9	5
FG022	1	2	4	3	3	2	3	4	3	5	3	3	2	4	2	4	3	2	3	3	3	0	3	40	2	3	3	196	3	2	8	4
FG023	2	3	5	4	4	3	2	1	4	6	4	4	3	3	3	5	4	3	4	4	4	3	0	41	3	4	4	196	4	5	9	3
FG024	40	41	43	42	42	41	42	42	41	44	42	42	41	42	41	43	41	40	42	42	40	40	41	0	41	42	41	194	42	41	44	42
FG025	1	2	2	3	3	2	5	4	3	3	3	3	2	4	2	4	3	2	3	3	3	2	3	41	0	3	3	196	3	4	8	4
FG026	2	3	5	4	3	3	6	5	4	6	4	4	3	5	3	5	4	3	4	4	4	3	4	42	3	0	4	197	3	5	9	5
FG027	2	3	5	4	4	3	6	5	4	6	4	4	3	5	3	5	4	3	4	4	4	3	4	41	3	4	0	196	4	5	9	5
FG028	196	196	197	197	197	196	196	196	197	197	196	196	197	197	196	197	195	196	197	196	196	196	196	194	196	197	196	0	197	196	196	198
FG029	2	3	5	4	2	1	6	5	4	6	4	4	3	5	3	5	4	3	4	2	4	3	4	42	3	3	4	197	0	3	9	5
FG030	3	4	6	5	5	2	5	6	5	7	5	5	4	6	4	6	5	4	5	3	5	2	5	41	4	5	5	196	3	0	10	6
FG031	7	6	8	5	7	8	11	10	5	7	7	5	6	8	8	6	9	7	9	9	9	8	9	44	8	9	9	196	9	10	0	6
FG032	3	4	4	3	5	4	5	4	3	3	5	3	2	4	4	4	5	4	5	5	5	4	3	42	4	5	5	198	5	6	6	0
