Fg	n_carriers	f_mean	alpha
FG001	204	0.40718562874251496	8.6437125748503
FG024	92	0.18363273453093812	4.172654690618762
FG002	58	0.1157684630738523	2.815369261477046
FG006	35	0.06986027944111776	1.8972055888223553
FG012	13	0.02594810379241517	1.0189620758483033
FG003	13	0.02594810379241517	1.0189620758483033
FG004	9	0.017964071856287425	0.8592814371257484
FG010	9	0.017964071856287425	0.8592814371257484
FG021	7	0.013972055888223553	0.7794411177644711
FG019	7	0.013972055888223553	0.7794411177644711
FG017	7	0.013972055888223553	0.7794411177644711
FG005	7	0.013972055888223553	0.7794411177644711
FG015	6	0.011976047904191617	0.7395209580838323
FG018	6	0.011976047904191617	0.7395209580838323
FG023	5	0.00998003992015968	0.6996007984031936
FG014	3	0.005988023952095809	0.6197604790419162
FG009	2	0.003992015968063872	0.5798403193612774
FG008	2	0.003992015968063872	0.5798403193612774
FG030	2	0.003992015968063872	0.5798403193612774
FG007	2	0.003992015968063872	0.5798403193612774
FG011	1	0.001996007984031936	0.5399201596806387
FG027	1	0.001996007984031936	0.5399201596806387
FG031	1	0.001996007984031936	0.5399201596806387
FG029	1	0.001996007984031936	0.5399201596806387
FG028	1	0.001996007984031936	0.5399201596806387
FG022	1	0.001996007984031936	0.5399201596806387
FG026	1	0.001996007984031936	0.5399201596806387
FG025	1	0.001996007984031936	0.5399201596806387
FG013	1	0.001996007984031936	0.5399201596806387
FG020	1	0.001996007984031936	0.5399201596806387
FG016	1	0.001996007984031936	0.5399201596806387
FG032	1	0.001996007984031936	0.5399201596806387
