locationID	locationCode	n_events	total_n_fertile	connected_share_50m	largest_component_share_50m	n_components_50m	median_K_spatial_50m	min_K_spatial_50m	frac_isolated_events	median_F_event	F_location	BL
23	EO24-2	1	1	0.0	1.0	1	0.0	0	1.0	1.0	1.0	BL5
22	EO24-1	1	2	0.0	1.0	1	4.0	4	1.0	0.875	1.0	BL5
24	EO24	1	2	0.0	1.0	1	4.0	4	1.0	0.875	1.0	BL5
25	EO24-7	1	3	0.0	1.0	1	8.0	8	1.0	0.75	1.0	BL5
39	EO67	2	10	0.0	0.6	2	16.0	12	1.0	0.5	1.0	BL4
35	EO26-2	3	22	0.0	0.5	3	24.0	12	1.0	0.25	1.0	BL1
40	EO72-2	1	7	0.0	1.0	1	24.0	24	1.0	0.25	1.0	BL4
12	EO27RT	7	177	0.03954802259887	0.5310734463276836	6	24.0	4	0.7142857142857143	0.25	0.96045197740113	BL4
9	EO27	3	262	0.3396946564885496	0.6603053435114504	2	352.0	352	0.3333333333333333	0.0	0.6603053435114504	BL4
27	EO8	6	69	0.4492753623188406	0.4927536231884058	4	120.0	4	0.5	0.0	0.5507246376811594	BL1
37	EO27-1	8	395	0.4531645569620253	0.3721518987341772	6	220.0	76	0.5	0.0	0.5468354430379747	BL4
11	EO27-1	7	371	0.5417789757412399	0.3126684636118598	5	336.0	136	0.42857142857142855	0.0	0.4582210242587601	BL4
21	EO25-B	4	10	0.6	0.6	2	20.0	12	0.25	0.375	0.4	BL5
18	EO18-8	8	123	0.6097560975609756	0.4227642276422764	4	122.0	20	0.25	0.0	0.3902439024390244	BL5
28	EO8	9	87	0.6896551724137931	0.4137931034482758	5	72.0	16	0.3333333333333333	0.0	0.31034482758620685	BL1
6	EO32	9	466	0.6952789699570815	0.6952789699570815	5	356.0	20	0.4444444444444444	0.0	0.3047210300429185	BL5
32	EO26-3	8	61	0.7213114754098361	0.7213114754098361	3	172.0	28	0.25	0.0	0.2786885245901639	BL1
20	EO25-A	7	113	0.7610619469026548	0.7610619469026548	2	132.0	20	0.14285714285714285	0.0	0.23893805309734517	BL5
33	EO26-3	3	5	0.8	0.8	2	12.0	0	0.3333333333333333	0.625	0.19999999999999996	BL1
2	EO76	23	517	0.8065764023210832	0.7756286266924565	6	1144.0	16	0.17391304347826086	0.0	0.19342359767891681	BL3
16	EO18-7	6	94	0.8617021276595744	0.8617021276595744	3	320.0	0	0.3333333333333333	0.0	0.13829787234042556	BL5
19	EO18-7	5	34	0.9117647058823528	0.9117647058823528	3	120.0	0	0.4	0.0	0.08823529411764719	BL5
29	EO8	9	152	0.9342105263157896	0.9078947368421052	4	16.0	8	0.2222222222222222	0.5	0.0657894736842104	BL1
34	EO26-3	6	34	0.9705882352941176	0.7058823529411765	3	62.0	0	0.16666666666666666	0.0	0.02941176470588236	BL1
1	EO38	11	67	0.9850746268656716	0.8208955223880597	3	120.0	0	0.09090909090909091	0.0	0.014925373134328401	BL3
3	EO52	6	23	1.0	0.6086956521739131	2	42.0	16	0.0	0.0	0.0	BL3
4	EO118	4	29	1.0	1.0	1	104.0	96	0.0	0.0	0.0	BL3
5	EO68-3	2	48	1.0	1.0	1	188.0	188	0.0	0.0	0.0	BL2
7	EO48	2	98	1.0	1.0	1	388.0	388	0.0	0.0	0.0	BL5
8	EO29	5	417	1.0	1.0	1	1664.0	1664	0.0	0.0	0.0	BL1
10	EO27-3	5	216	1.0	0.6620370370370371	2	568.0	288	0.0	0.0	0.0	BL4
13	EO30-1	6	487	1.0	0.8624229979466119	2	264.0	264	0.0	0.0	0.0	BL4
15	EO18-7	6	30	1.0	1.0	1	84.0	52	0.0	0.0	0.0	BL5
17	EO18-7	13	242	1.0	0.6528925619834711	5	204.0	8	0.0	0.0	0.0	BL5
26	EO70	5	161	1.0	1.0	1	640.0	608	0.0	0.0	0.0	BL2
30	EO26-1	4	127	1.0	0.8818897637795275	2	250.0	56	0.0	0.0	0.0	BL1
31	EO26-3	9	121	1.0	1.0	1	324.0	236	0.0	0.0	0.0	BL1
36	EO26-4	4	43	1.0	1.0	1	144.0	28	0.0	0.0	0.0	BL1
38	EO61	14	543	1.0	0.580110497237569	2	820.0	416	0.0	0.0	0.0	BL1
