populationID_new	populationID_old	BL	cluster_k_optimal	dendrogram_leaf_pos	lat	lon
1	8	BL1	5	30	43.3281511076443	-115.92380804992202
2	19	BL1	5	31	43.315743768115944	-115.91863485507248
3	35	BL1	5	32	43.37051818181818	-116.17726500000002
4	39	BL1	5	33	43.39782	-116.14375
5	17	BL1	5	34	43.31337061538462	-116.20072344769233
6	21	BL1	5	35	43.29427663883495	-116.16574121553398
7	23	BL1	5	36	43.30082031529411	-116.18759423529411
8	11	BL1	5	37	43.30192264342105	-116.17265519429824
9	41	BL1	5	38	43.3079886	-116.1744158
10	18	BL1	5	39	43.27782574913295	-116.07606336184972
11	14	BL1	5	40	43.30572769620253	-116.1011590886076
12	29	BL1	5	41	43.29555477272728	-116.0973940909091
13	1	BL1	5	42	43.296049785802126	-116.11873090547792
14	28	BL1	5	43	43.30680037735849	-116.13047584905662
15	2	BL2	1	0	43.020493047966	-115.42724216150576
16	6	BL2	1	1	43.0066601826484	-115.4228727739726
17	36	BL2	1	2	42.98384863636363	-115.34964545454544
18	20	BL2	1	3	42.99504322834646	-115.3739551968504
19	30	BL2	1	4	43.00962906976744	-115.39679441860466
20	12	BL2	1	5	42.99712838337182	-115.38696237875288
21	26	BL2	1	6	42.99989948275862	-115.39958155172415
22	9	BL2	1	7	43.0020820626151	-115.5901723020258
23	13	BL2	1	8	43.110819280575534	-115.63961515587528
24	22	BL3	4	19	43.4874506122449	-116.28658795918368
25	4	BL3	4	20	43.508340847058825	-116.29211851036888
26	7	BL3	4	21	43.50783986631016	-116.2801996657754
27	42	BL3	4	22	43.44302	-116.43594
28	44	BL3	4	23	43.43682	-116.41584
29	31	BL3	4	24	43.43584344827587	-116.4307355172414
30	43	BL3	4	25	43.43859	-116.42394
31	38	BL3	4	26	43.38644571428572	-116.42855285714286
32	3	BL3	4	27	43.386613400689654	-116.48156020689656
33	5	BL3	4	28	43.40781256	-116.49050045
34	33	BL3	4	29	43.41016076923077	-116.47941807692308
35	34	BL4	3	13	43.75346538461538	-116.35812692307694
36	16	BL4	3	14	43.70895917460318	-116.30772996825397
37	40	BL4	3	15	43.70825	-116.30014
38	24	BL4	3	16	43.795816375	-116.47618825000002
39	10	BL4	3	17	43.73671028199566	-116.43993616052062
40	25	BL4	3	18	43.7364	-116.44700000000002
41	15	BL5	2	9	43.892262503816795	-116.76884632061068
42	32	BL5	2	10	43.88344	-116.82979
43	27	BL5	2	11	43.88759514814815	-116.80668514814816
44	37	BL5	2	12	43.88154	-116.806559
