populationID	year	BL	population_label	n_plants	mean_resid	ci95	t_stat	p_ttest	p_wilcoxon	q_ttest	fold_of_expectation	fold_lo95	fold_hi95	flag_below_expectation	flag_above_expectation
1	2025	BL1	EO30-1_13	20	-0.05438686722048145	0.1735733691551434	-0.6558207741801085	0.5198027504135124	0.7011814117431641	0.614253266770592	0.8822936077927869	0.5916157995229171	1.3157897591304235	False	False
1	2026	BL1	EO30-1_13	16	0.15651808661241073	0.0817490110296727	4.080910586927418	0.0009836094826307091	0.001312255859375	0.0042295207753120494	1.433897430853318	1.187870441306105	1.730880549521069	False	True
2	2026	BL1	EO30-2_42	34	0.058574281355641	0.10593181583998897	1.1249714782116171	0.2687171960729724	0.3092015009606257	0.35014664942841855	1.1443905986650387	0.8966902870695143	1.4605152539266875	False	False
3	2025	BL1	EO67_39	4	-0.29120093448576534	0.5568967942621352	-1.6640988915682815	0.19468099420416143		0.29154771127014883	0.5114451511017152	0.1418738228863734	1.843723791068577	False	False
3	2026	BL1	EO67_39	6	-0.2849357177416905	0.30548546824063394	-2.397660958630659	0.06179925694846363	0.09375	0.11072366869933067	0.5188768349918964	0.2567904178756693	1.048454892197585	False	False
4	2025	BL1	EO72-2_40	2	-0.048134646231763556						0.8950872146936564			False	False
5	2025	BL1	EO27-3_10	13	-0.3798347943036854	0.22534072331471097	-3.6726114605819555	0.0031916787004310217	0.00244140625	0.009803013151323852	0.4170279908214003	0.2482129764085863	0.7006577482164137	True	False
5	2026	BL1	EO27-3_10	7	-1.6327144715691724	0.443839385781173	-9.001248005840498	0.00010518920832421763	0.015625	0.0005025706619934842	0.02329622372693673	0.008383901024691305	0.06473287773044442	True	False
8	2025	BL1	EO27_9	9	-0.40954372687032037	0.21124016262011983	-4.470785838857258	0.0020810606810350036	0.00390625	0.008135055389500469	0.38945409360654526	0.23945069974143968	0.6334268022213957	True	False
11	2025	BL1	EO27-1_37	24	-0.0995904714102079	0.16848026509499522	-1.222805451379043	0.2337856109059522	0.28966712951660156	0.3242832667405144	0.7950776192051552	0.5394227558951874	1.171897947671617	False	False
13	2025	BL1	EO27-1_11, EO27RT_12	54	-0.433838895740304	0.11137014440069803	-7.8133204518513235	2.2250422332325848e-10	2.2403397360224792e-08	4.783840801450057e-09	0.36826555872427225	0.28496463093584556	0.475917033272219	True	False
13	2026	BL1	EO27-1_11, EO27RT_12	111	0.044281786101186354	0.06320239026008191	1.3884934725251696	0.16779213636939952	0.02439583747869176	0.26722451347719184	1.1073420348424072	0.9573690773764861	1.2808084270792848	False	False
15	2025	BL2	EO8_29, EO8_47	25	0.3372859155878816	0.11588109900606672	6.00722569953168	3.347310886726776e-06	1.5079975128173828e-05	2.056205258989305e-05	2.174132036704624	1.6649638811237941	2.8390106035423024	False	True
16	2025	BL2	EO8_27, EO8_28	37	0.22455208537654317	0.09030782447497807	5.042893458096756	1.3177411996418689e-05	1.2985517969354987e-05	7.082858948075045e-05	1.6770734568042132	1.3622106172282373	2.064714034633007	False	True
16	2026	BL2	EO8_27, EO8_28	137	-0.23819855412678548	0.05648034791482824	-8.34010651599999	7.326764215961477e-14	2.4654483211505995e-12	3.150508612863435e-12	0.5778318093693224	0.5073656931850815	0.6580846998601177	True	False
17	2025	BL2	EO26-2_35	8	-0.17848586983648118	0.34702394393980684	-1.2162043099574078	0.26332233855001536	0.7421875	0.35014664942841855	0.6630009186539121	0.2981880165454215	1.4741377712909325	False	False
18	2025	BL2	EO26-1_30	22	0.20004654136549319	0.12454015260903997	3.3404452162472063	0.0031022309798352165	0.004684925079345703	0.009803013151323852	1.585063047361373	1.1898888330758475	2.111478647644701	False	True
19	2025	BL2	EO26-4_36	11	0.08655128520370513	0.29537107743531765	0.6529017090107773	0.5285435086165559	0.365234375	0.614253266770592	1.2205379437850719	0.6182728953750729	2.4094746565193716	False	False
20	2025	BL2	EO26-3_31, EO26-3_32	47	0.3222192530502162	0.08470667447952221	7.656937533779465	9.519011963555208e-10	3.817845595222025e-09	1.3643917147762464e-08	2.0999997984414356	1.727876024652767	2.5522659557362064	False	True
21	2025	BL2	EO26-3_32, EO26-3_33, EO26-3_34	18	0.1285244522864394	0.21123999261168883	1.2836721314645727	0.21647862226361228	0.4171142578125	0.31028602524451093	1.3443874582196889	0.8265791755571128	2.186575335145876	False	False
22	2025	BL2	EO61_38	54	0.26651343547117157	0.09363082743829967	5.709212126447681	5.23337658932067e-07	6.300101715495029e-06	4.500703866815776e-06	1.847197939524179	1.4889585503794411	2.291628754146873	False	True
23	2025	BL2	EO29_8	19	0.15483204144004514	0.12938119446253138	2.514198835064056	0.021658697779713413	0.020412445068359375	0.04233290929671258	1.4283414565109915	1.060353921766399	1.924036186888737	False	True
24	2025	BL3	EO48_7	9	-0.10283302368936721	0.32924512250007854	-0.7202335331349026	0.4918857208282875	0.8203125	0.614253266770592	0.789163474632354	0.3697616395312135	1.684271495775965	False	False
25	2025	BL3	EO32_6	17	0.05365597291061945	0.17063726167506738	0.6665928660099981	0.5145303403892119	0.677703857421875	0.614253266770592	1.131503685621298	0.7638686935495096	1.6760741752948924	False	False
26	2025	BL3	EO32_6	19	0.17677346101897606	0.1429877391636705	2.5973364049020713	0.018200995037609833	0.0289306640625	0.03726870412462966	1.502358093701648	1.080900510249828	2.0881476327448234	False	True
27	2025	BL3	EO24-7_25	3	0.3858680380003066	0.6796430794574323	2.442835390029911	0.1345645655064425		0.22254908910680876	2.4314650870732137	0.5084227303166091	11.62816317432222	False	False
28	2025	BL3	EO24-1_22	2	-0.5011620677092423						0.3153827475152692			False	False
29	2025	BL3	EO24_24	1	-0.3546910751685335						0.44188465950642464			False	False
29	2026	BL3	EO24_24	5	-0.6786977025223855	0.431833766043517	-4.363639581364688	0.012027798473608554		0.030423254962656934	0.20955706030555546	0.0775297763984247	0.5664167183745222	True	False
30	2025	BL3	EO24-2_23	1	-0.1749522842438167						0.6684173522741207			False	False
31	2026	BL3	EO18-7_17	8	0.046717525861272646	0.2921912665536088	0.37807219874074544	0.7165808478596787	0.546875	0.7738219661881968	1.1135700089639753	0.5682327483111135	2.1822715578249174	False	False
32	2025	BL3	EO18-7_15, EO18-7_16, EO18-7_17, EO18-7_19, EO18-8_18	113	0.09135408919814983	0.07271202328648395	2.4893602093001883	0.01426697167426306	0.0099682834901173	0.03408221011073953	1.2341106188526032	1.0438595430184252	1.4590363519221783	False	True
32	2026	BL3	EO18-7_15, EO18-7_16, EO18-7_17, EO18-7_19, EO18-8_18	140	-0.08597912300359728	0.055098440483706414	-3.085314307997082	0.002454114415092245	0.0010999204345047598	0.008793909987413879	0.8203909804465642	0.7226407309498354	0.9313637219333496	True	False
33	2025	BL3	EO25-A_20	29	0.1494434779272234	0.1200099264854555	2.550798058508472	0.016500299112999335	0.002152439206838608	0.035475643092948574	1.4107286225781088	1.0701226379190927	1.859745019908265	False	True
34	2025	BL3	EO25-B_21	7	-0.11101958756016105	0.18705035252668237	-1.4523102500444227	0.19662520062405386	0.109375	0.29154771127014883	0.7744268687955904	0.5034195300674303	1.191326397353339	False	False
34	2026	BL3	EO25-B_21	8	-0.2987259812546315	0.22341566303230195	-3.1617062568232757	0.015890457169850294	0.0234375	0.035475643092948574	0.5026596433341198	0.3005096036647931	0.8407941508539092	True	False
35	2025	BL4	EO52_3	18	-0.034879610425293	0.17495768387902275	-0.4206133951505692	0.6793064330424411	0.7018814086914062	0.7686888584427622	0.9228272060841018	0.6168260485775912	1.3806324396526592	False	False
35	2026	BL4	EO52_3	1	-0.09520940319339877						0.8031387804522598			False	False
36	2025	BL4	EO38_1	33	0.014212008506739784	0.10707314407047315	0.27036577898434866	0.7886150240932055	0.6720237608533353	0.8270840496587277	1.0332656895238082	0.8074931826436305	1.3221634660144117	False	False
36	2026	BL4	EO38_1	26	0.3680780819226062	0.12391552189871671	6.117643605316112	2.146611589966251e-06	9.834766387939453e-07	1.5384049728091467e-05	2.333877633054688	1.7545371167298103	3.1045138653010103	False	True
37	2026	BL4	EO38_1	2	0.5203962654242815						3.3143339494212136			False	False
38	2025	BL4	EO118_4	12	-0.007164933995934912	0.14808527652971362	-0.10649210892253899	0.9171092332020243	0.85009765625	0.9171092332020243	0.9836374743283937	0.6994389114406616	1.383312631134942	False	False
39	2025	BL4	EO76_2	53	0.31706444260932176	0.10238684865543284	6.214043683291157	8.826607134110817e-08	1.3709430406831477e-06	9.488602669169128e-07	2.0752214254935963	1.6393723048681617	2.6269468820714317	False	True
40	2025	BL4	EO76_2	4	0.3715897159092878	0.5231097897850105	2.260642682606181	0.10886131511630853		0.18724146200005065	2.352825486385172	0.7054722350955434	7.84692507230125	False	False
41	2025	BL5	EO70_26	25	-0.2561559380204654	0.16608739548886925	-3.1831426489456014	0.004000550052122019	0.0050716400146484375	0.011468243482749788	0.5544266044862134	0.37823060420003163	0.8127022413013039	True	False
41	2026	BL5	EO70_26	28	-0.21705212957460646	0.1467401751764183	-3.0349846767784165	0.005272543536633501	0.009536407887935638	0.014169960754702534	0.6066635057100065	0.4327207241805938	0.8505268839556553	True	False
43	2025	BL5	EO68-3_5	21	0.11078414822214115	0.09862957602916338	2.3430262303828258	0.029578476624744554	0.06464958190917969	0.055298891081044174	1.2905776750287206	1.0283822503123268	1.6196222122432455	False	False
43	2026	BL5	EO68-3_5	5	-0.036325323932532336	0.2619631420912029	-0.38499793147270656	0.7198343871518109		0.7738219661881968	0.9197603340122139	0.5031662858828765	1.6812713724209567	False	False
44	2026	BL5	EO68-3_5	5	0.012910706312936693	0.23280006510491993	0.1539770503545355	0.8850840957886216		0.9061575266407317	1.0301742883284597	0.6027131141899363	1.760803007844637	False	False
