populationID	population_label	trend_class	locationCodes	locationIDs	occupancy	n_events_2025	n_events_2026	n_fertile_2025	n_fertile_2026	n_fertile_total	n_slickspots	n_slickspots_both_years	n_demes_2025	n_demes_2026	pred_diversity_2025	pred_diversity_2026	pred_pcompat_2025	pred_pcompat_2026	present_both_years	ratio_2026_over_2025	delta_diversity	delta_pcompat	diversity_CI_overlap	pcompat_CI_overlap	stable_across_years	mean_nfert_per_event_2025	mean_nfert_per_event_2026	crash_ratio_nfert
10	EO76_2	crash	EO76	2	both_years	22	2	445	16	461	17	1	5	2	31.72	13.3	0.7762414814814815	0.7580481481481482	True	0.0359550561797752	-18.42	-0.0181933333333332	False	True	False	20.227272727272727	8.0	0.0359550561797752
17	EO27-3_10	crash	EO27-3	10	both_years	5	2	216	44	260	5	1	2	2	29.64666666666667	20.126666666666665	0.777325925925926	0.7671992592592592	True	0.2037037037037037	-9.520000000000003	-0.0101266666666667	False	True	False	43.2	22.0	0.2037037037037037
27	EO68-3_5	crash	EO68-3	5	both_years	2	1	48	6	54	2	1	1	1	20.9	8.24	0.7730092592592592	0.7292433333333335	True	0.125	-12.659999999999998	-0.0437659259259257	False	True	False	24.0	6.0	0.125
34	EO52_3	crash	EO52	3	both_years	6	1	23	3	26	7	0	2	1	16.0	5.826666666666667	0.7656081481481481	0.6948274074074074	True	0.1304347826086956	-10.173333333333332	-0.0707807407407407	False	True	False	3.8333333333333335	3.0	0.1304347826086956
1	EO27-1_11, EO27RT_12	stable	EO27-1,EO27RT	11,12	both_years	14	61	548	1239	1787	61	6	11	28	31.873333333333335	32.0	0.7789229629629629	0.775927037037037	True	2.260948905109489	0.1266666666666651	-0.0029959259259259	True	True	True	39.142857142857146	20.311475409836067	2.260948905109489
3	EO18-7_15, EO18-7_16, EO18-7_17, EO18-7_19, EO18-8_18	stable	EO18-7,EO18-8	15,16,17,18,19	both_years	38	70	523	917	1440	89	7	16	22	31.793333333333333	31.98	0.7775066666666667	0.7800074074074075	True	1.753346080305927	0.1866666666666674	0.0025007407407408	True	True	True	13.763157894736842	13.1	1.753346080305927
6	EO8_27, EO8_28	stable	EO8	27,28	both_years	15	82	156	720	876	84	5	9	26	28.246666666666663	31.946666666666665	0.7755418518518519	0.7788348148148149	True	4.615384615384615	3.6999999999999993	0.0032929629629629	True	True	True	10.4	8.78048780487805	4.615384615384615
7	EO32_6	stable	EO32	6	both_years	5	12	324	424	748	14	1	1	7	31.053333333333335	31.526666666666667	0.7780496296296295	0.7760307407407407	True	1.308641975308642	0.4733333333333327	-0.0020188888888887	True	True	True	64.8	35.333333333333336	1.308641975308642
8	EO30-1_13	stable	EO30-1	13	both_years	6	2	487	154	641	8	0	2	1	31.74	28.113333333333333	0.7778625925925926	0.7777174074074072	True	0.3162217659137577	-3.626666666666665	-0.0001451851851853	True	True	True	81.16666666666667	77.0	0.3162217659137577
11	EO27_9	stable	EO27	9	both_years	3	16	262	194	456	16	0	2	6	30.406666666666663	29.16	0.7750159259259259	0.7756903703703704	True	0.7404580152671756	-1.246666666666666	0.0006744444444444	True	True	True	87.33333333333333	12.125	0.7404580152671756
12	EO26-3_31, EO26-3_32	stable	EO26-3	31,32	both_years	17	11	182	251	433	20	6	4	5	28.973333333333333	30.326666666666668	0.7778325925925925	0.7739170370370371	True	1.379120879120879	1.3533333333333353	-0.0039155555555554	True	True	True	10.705882352941176	22.818181818181817	1.379120879120879
15	EO70_26	stable	EO70	26	both_years	5	4	161	232	393	5	1	1	2	28.473333333333333	30.12	0.7759537037037036	0.7785288888888889	True	1.4409937888198758	1.6466666666666685	0.0025751851851852	True	True	True	32.2	58.0	1.4409937888198758
24	EO118_4	stable	EO118	4	both_years	4	5	29	50	79	2	1	1	1	17.72	21.14	0.772878888888889	0.7735592592592593	True	1.7241379310344829	3.4200000000000017	0.0006803703703702	True	True	True	7.25	10.0	1.7241379310344829
26	EO26-3_32, EO26-3_33, EO26-3_34	stable	EO26-3	32,33,34	both_years	9	2	39	19	58	10	0	5	1	19.546666666666667	14.633333333333333	0.7723851851851852	0.7594207407407407	True	0.4871794871794871	-4.913333333333334	-0.0129644444444444	True	True	True	4.333333333333333	9.5	0.4871794871794871
33	EO25-B_21	stable	EO25-B	21	both_years	4	3	10	16	26	7	0	2	2	10.72	13.34	0.7458855555555556	0.7593437037037036	True	1.6	2.619999999999999	0.013458148148148	True	True	True	2.5	5.333333333333333	1.6
35	EO67_39	stable	EO67	39	both_years	2	2	10	12	22	4	0	2	1	10.906666666666666	11.666666666666666	0.7592411111111111	0.7524092592592592	True	1.2	0.7599999999999998	-0.0068318518518519	True	True	True	5.0	6.0	1.2
2	EO8_29, EO8_47	growth	EO8	29,47	both_years	9	27	152	1494	1646	30	0	4	4	28.173333333333332	32.0	0.7759733333333333	0.7793640740740743	True	9.828947368421051	3.826666666666668	0.0033907407407409	False	True	False	16.88888888888889	55.333333333333336	9.828947368421051
4	EO32_6	growth	EO32	6	both_years	4	24	142	861	1003	18	2	4	11	27.773333333333333	31.993333333333332	0.7761955555555555	0.7789377777777777	True	6.063380281690141	4.219999999999999	0.0027422222222222	False	True	False	35.5	35.875	6.063380281690141
5	EO25-A_20	growth	EO25-A	20	both_years	7	20	113	887	1000	14	2	2	4	26.206666666666667	31.98	0.7771062962962962	0.7760418518518518	True	7.849557522123894	5.773333333333333	-0.0010644444444444	False	True	False	16.142857142857142	44.35	7.849557522123894
31	EO24_24	growth	EO24	24	both_years	1	2	2	27	29	3	0	1	1	4.6466666666666665	17.19333333333333	0.6538240740740741	0.7694607407407406	True	13.5	12.546666666666663	0.1156366666666665	False	True	False	2.0	13.5	13.5
16	EO38_1	ambiguous	EO38	1	both_years	11	14	67	248	315	17	3	3	7	22.793333333333333	30.286666666666665	0.773438888888889	0.7778022222222222	True	3.701492537313433	7.493333333333332	0.0043633333333331	False	True	False	6.090909090909091	17.714285714285715	3.701492537313433
43	EO24-2_23	ambiguous	EO24-2	23	both_years	1	1	1	2	3	1	1	1	1	2.8466666666666667	4.493333333333333	0.4954248148148148	0.6316285185185185	True	2.0	1.6466666666666665	0.1362037037037037	True	True	True	1.0	2.0	2.0
9	EO61_38	2025_only	EO61	38	2025_only	14	0	543	0	543	10	0	2	0					False	0.0								
13	EO29_8	2025_only	EO29	8	2025_only	5	0	417	0	417	3	0	1	0					False	0.0								
14	EO27-1_37	2025_only	EO27-1	37	2025_only	8	0	395	0	395	8	0	6	0					False	0.0								
20	EO26-1_30	2025_only	EO26-1	30	2025_only	4	0	127	0	127	4	0	2	0					False	0.0								
22	EO48_7	2025_only	EO48	7	2025_only	2	0	98	0	98	2	0	1	0					False	0.0								
25	EO76_2	2025_only	EO76	2	2025_only	1	0	72	0	72	1	0	1	0					False	0.0								
30	EO26-4_36	2025_only	EO26-4	36	2025_only	4	0	43	0	43	4	0	1	0					False	0.0								
36	EO26-2_35	2025_only	EO26-2	35	2025_only	3	0	22	0	22	3	0	3	0					False	0.0								
39	EO72-2_40	2025_only	EO72-2	40	2025_only	1	0	7	0	7	1	0	1	0					False	0.0								
42	EO24-7_25	2025_only	EO24-7	25	2025_only	1	0	3	0	3	1	0	1	0					False	0.0								
44	EO24-1_22	2025_only	EO24-1	22	2025_only	1	0	2	0	2	1	0	1	0					False	0.0								
18	EO27-5_43	2026_only	EO27-5	43	2026_only	0	9	0	173	173	6	0	0	1					False									
19	EO30-2_42	2026_only	EO30-2	42	2026_only	0	9	0	138	138	8	0	0	4					False									
21	EO27_9	2026_only	EO27	9	2026_only	0	7	0	103	103	7	0	0	1					False									
23	EO27_44	2026_only	EO27	44	2026_only	0	6	0	85	85	6	0	0	3					False									
28	EO27-1_46	2026_only	EO27-1	46	2026_only	0	2	0	53	53	2	0	0	2					False									
29	EO27-1_45	2026_only	EO27-1	45	2026_only	0	7	0	44	44	7	0	0	5					False									
32	EO69_41	2026_only	EO69	41	2026_only	0	1	0	26	26	1	0	0	1					False									
37	EO68-3_5	2026_only	EO68-3	5	2026_only	0	1	0	17	17	1	0	0	1					False									
38	EO18-7_17	2026_only	EO18-7	17	2026_only	0	2	0	14	14	2	0	0	1					False									
40	EO38_1	2026_only	EO38	1	2026_only	0	1	0	6	6	1	0	0	1					False									
41	EO27_9	2026_only	EO27	9	2026_only	0	1	0	4	4	1	0	0	1					False									
