locationID	n_distinct_Fgs	n_maternal_alleles	n_paternal_alleles	chi2
1	31	697	697	208.98335724836392
2	31	1188	1188	267.7465151861786
3	23	363	363	150.17790851683174
4	28	242	242	117.33881218017399
5	26	384	384	144.8959054832739
6	29	711	711	259.62687197613684
7	21	188	188	68.31478435633879
8	26	409	409	125.7920070162166
9	27	282	282	199.66746307122582
10	25	297	297	143.7485974099785
11	30	684	684	174.72120091208873
12	30	403	403	132.64668615026656
13	28	398	398	155.3047814865896
15	25	339	339	117.23572810515958
16	29	524	524	143.89349114140688
17	28	630	630	139.63974006900003
18	28	420	420	169.91728654703857
19	28	200	200	77.13329152731326
20	31	523	523	122.5774579558435
21	22	148	148	124.69454986594444
22	12	20	20	17.700000000000003
23	7	14	14	24.266666666666666
24	10	18	18	36.0
25	14	58	58	87.04099821746881
26	31	431	431	269.1565462814339
27	21	232	232	109.60058448102079
28	29	475	475	167.0077177402866
29	28	511	511	152.66709589640078
30	29	423	423	161.11081234768446
31	27	617	617	174.6765640075989
32	25	341	341	118.40571788223629
33	17	81	81	89.13270355375619
34	26	300	300	165.922749349118
35	23	146	146	91.26447020584487
36	21	216	216	124.35263760287903
37	27	503	503	162.23663345817195
38	32	1078	1078	226.84436542590524
39	21	72	72	55.76835720738159
40	19	82	82	62.95291139240506
