locationID	locationCode	n_events	total_n_fertile	min_n_fertile	max_n_fertile	K_maternal_pool	M_recommended_location	expected_coverage_at_M	M_achievable_location	expected_coverage_achieved	A_target_90pct_P1	A_delivered_maternal_only	A_delivered_with_seeds	exp_Fg_cov_maternal_only_P1	exp_Fg_cov_with_seeds_P1	seeds_per_mother_for_90pct_P1	M_actual_in_step28	total_n_seeds_realised_exp	total_n_seeds_realised_miss	A_delivered_realised_exp	A_delivered_realised_miss	exp_Fg_cov_realised_exp_P1	exp_Fg_cov_realised_miss_P1	seeds_per_mother_for_90pct_P1_actual	total_n_seeds_realised_exp_spatial_10m	A_delivered_realised_exp_spatial_10m	exp_Fg_cov_realised_exp_spatial_10m_P1	total_n_seeds_realised_exp_spatial_25m	A_delivered_realised_exp_spatial_25m	exp_Fg_cov_realised_exp_spatial_25m_P1	total_n_seeds_realised_exp_spatial_50m	A_delivered_realised_exp_spatial_50m	exp_Fg_cov_realised_exp_spatial_50m_P1
22	EO24-1	1	2	2	2	4	3	0.9683236479759216	2	0.8998870849609375	704	8	68	0.14227335223275805	0.4363623536074053	174	2.0	10.0	30.0	28.0	68.0	0.28196220017642915	0.4363623536074053	174.0	10.0	14.0	0.19530643007033394	10.0	14.0	0.19530643007033394	10.0	14.0	0.19530643007033394
25	EO24-7	1	3	3	3	6	4	0.9459121070676045	3	0.8878433452153849	704	12	102	0.1793807559676629	0.5206665169712745	116	3.0	27.0	45.0	66.0	102.0	0.43039856625984296	0.5206665169712745	116.0	27.0	33.0	0.3066929428632337	27.0	33.0	0.3066929428632337	27.0	33.0	0.3066929428632337
23	EO24-2	2	3	1	2	6	4	0.9459121070676045	3	0.8878433452153849	704	12	102	0.1793807559676629	0.5206665169712745	116	1.0	1.0	15.0	6.0	34.0	0.1196246727886855	0.3113770937664168	350.0	9.0	11.0	0.17085529157766494	9.0	11.0	0.17085529157766494	9.0	11.0	0.17085529157766494
40	EO72-2	1	7	7	7	14	8	0.9066551994431645	7	0.8744464879313962	704	28	238	0.28196220017642915	0.6994161706315271	49	4.0	112.0	60.0	240.0	136.0	0.7011188446106216	0.5822316045473727	86.0	112.0	120.0	0.5554261013222523	112.0	120.0	0.5554261013222523	112.0	120.0	0.5554261013222523
49	EO26	4	19	1	10	38	22	0.9043257171349984	19	0.8682417899647688	704	76	646	0.4589357579051787	0.8866787599670808	17																	
33	EO26-3	8	19	1	5	38	22	0.9043257171349984	19	0.8682417899647688	704	76	646	0.4589357579051787	0.8866787599670808	17	4.0	20.0	60.0	56.0	136.0	0.3984001192648443	0.5822316045473727	86.0	24.0	32.0	0.3019265767828024	47.0	55.0	0.3949824355184781	51.0	59.0	0.40840409568515224
35	EO26-2	3	22	4	11	44	26	0.9084536516284427	22	0.8677521682910354	704	88	748	0.48940393020173556	0.9092138093236904	14	8.0	236.0	120.0	504.0	272.0	0.844389704169287	0.7263898791444725	42.0	236.0	252.0	0.7110135985390356	236.0	252.0	0.7110135985390356	236.0	252.0	0.7110135985390356
39	EO67	4	22	3	9	44	26	0.9084536516284427	22	0.8677521682910354	704	88	748	0.48940393020173556	0.9092138093236904	14	4.0	74.0	60.0	164.0	136.0	0.6220700702079107	0.5822316045473727	86.0	74.0	82.0	0.4746395573908864	74.0	82.0	0.4746395573908864	74.0	82.0	0.4746395573908864
41	EO69	1	26	26	26	52	30	0.9027208212428459	26	0.8672756594592698	704	104	884	0.52480715381863	0.9320820325947169	12																	
3	EO52	7	26	1	10	52	30	0.9027208212428459	26	0.8672756594592698	704	104	884	0.52480715381863	0.9320820325947169	12	18.0	374.0	270.0	820.0	612.0	0.9221949475113481	0.8778655083073152	18.0	374.0	410.0	0.8064046643828241	653.0	689.0	0.8968427237617587	721.0	757.0	0.9109561126278833
21	EO25-B	7	26	1	11	52	30	0.9027208212428459	26	0.8672756594592698	704	104	884	0.52480715381863	0.9320820325947169	12	7.0	66.0	105.0	160.0	238.0	0.61684353933637	0.6994161706315271	49.0	66.0	80.0	0.46951394513858447	404.0	418.0	0.8100416885684878	408.0	422.0	0.8118287303081593
53	EO_NEW2026	1	27	27	27	54	31	0.9015123868473096	27	0.8671786604295512	704	108	918	0.5328675921472334	0.9367864210613328	12																	
52	EO30-4	2	27	13	14	54	31	0.9015123868473096	27	0.8671786604295512	704	108	918	0.5328675921472334	0.9367864210613328	12																	
24	EO24	3	29	1	26	58	34	0.9060767208115976	29	0.8670047884213861	704	116	986	0.548162074112398	0.9451980849120387	11	1.0	5.0	15.0	14.0	34.0	0.19530643007033394	0.3113770937664168	350.0	5.0	7.0	0.1314130071273777	5.0	7.0	0.1314130071273777	9.0	11.0	0.17085529157766494
15	EO18-7	6	30	2	8	60	35	0.9049161898591919	30	0.866926570015236	704	120	1020	0.5554261013222523	0.9489566024228506	10	20.0	402.0	300.0	884.0	680.0	0.9320820325947169	0.8948004775115681	16.0	402.0	442.0	0.8204633564421273	1280.0	1320.0	0.9725209970884533	1745.0	1785.0	0.9893040605380758
48	EO26	10	35	0	13	70	41	0.9055564466639942	35	0.8666026810186881	704	140	1190	0.5884271131166198	0.9641154044662887	9																	
19	EO18-7	6	36	1	17	72	42	0.904601140140376	36	0.8665487243761714	704	144	1224	0.5944404569230515	0.9665409773844229	8	11.0	380.0	165.0	804.0	374.0	0.9194918554711657	0.7889198387900987	30.0	380.0	402.0	0.8026811840271156	533.0	555.0	0.8613365519139802	1041.0	1063.0	0.9533291651194142
50	EO27	4	42	4	21	84	49	0.9043761913195084	42	0.8662790476986626	704	168	1428	0.6271606372149815	0.977957389008247	7																	
36	EO26-4	4	43	4	31	86	50	0.9035960354947618	43	0.8662414325115227	704	172	1462	0.6321213939875796	0.9794311745637628	7	11.0	650.0	165.0	1344.0	374.0	0.9738370380297002	0.7889198387900987	30.0	650.0	672.0	0.8929482391079601	740.0	762.0	0.9119085397883143	1429.0	1451.0	0.9789656752623939
45	EO27-1	7	44	1	21	88	51	0.9028456130791379	44	0.8662055303306965	704	176	1496	0.6369581315835269	0.9808048060018555	6																	
46	EO27-1	2	53	10	43	106	61	0.9010176299400942	53	0.8659434721507214	704	212	1802	0.6757126439546303	0.989664507720798	5																	
5	EO68-3	4	71	6	29	142	82	0.9015327082276652	71	0.8656189007493821	704	284	2414	0.7350203101825808	0.9969765337431269	3	21.0	2181.0	315.0	4446.0	714.0	0.9999479811117036	0.9022936084481612	15.0	2478.0	2520.0	0.9975548475251319	2478.0	2520.0	0.9975548475251319	4764.0	4806.0	0.9999746620669845
4	EO118	9	79	0	31	158	91	0.9008497472678612	79	0.8655221727185731	704	316	2686	0.7561671022796823	0.9982461183493023	3	12.0	444.0	180.0	936.0	408.0	0.9391370410818534	0.8054820216066281	28.0	1498.0	1522.0	0.9817920320666811	2392.0	2416.0	0.9969886234086858	2392.0	2416.0	0.9969886234086858
44	EO27	6	85	1	64	170	98	0.901005508702748	85	0.8654615871400932	704	340	2890	0.7704950945920109	0.9988338331037064	3																	
51	EO30-3	5	90	5	41	180	104	0.9014858159411212	90	0.8654172756132255	704	360	3060	0.78157772095402	0.999169920377987	2																	
7	EO48	2	98	22	76	196	113	0.9009395987624192	98	0.8653557900476079	704	392	3332	0.7979003418549374	0.9995180892210886	2	9.0	1064.0	135.0	2164.0	306.0	0.995009022150412	0.7498281717465312	38.0	1064.0	1082.0	0.9551354794576585	1064.0	1082.0	0.9551354794576585	1163.0	1181.0	0.963443530490509
27	EO8	15	108	1	34	216	125	0.9017450628152568	108	0.8652917524494869	704	432	3672	0.8162074288616838	0.9997557409246507	2	11.0	804.0	165.0	1652.0	374.0	0.9860082705465061	0.7889198387900987	30.0	1217.0	1239.0	0.9675568547171083	1395.0	1417.0	0.9774578934484615	1425.0	1447.0	0.9787937561338707
34	EO26-3	13	116	1	34	232	134	0.9012672301997997	116	0.865248477567382	704	464	3944	0.8294183267803295	0.9998581623780189	2	14.0	353.0	210.0	762.0	476.0	0.9119085397883143	0.8340797056102802	24.0	886.0	914.0	0.9362512232552391	1832.0	1860.0	0.9908045879073464	2274.0	2302.0	0.9962157472197203
30	EO26-1	4	127	1	63	254	146	0.9001164750110909	127	0.8651978824549718	704	508	4318	0.8458011851468608	0.9999328207448159	1	22.0	4378.0	330.0	8844.0	748.0	0.999999992058509	0.9092138093236904	14.0	4378.0	4422.0	0.9999454258029926	7088.0	7132.0	0.999999757092235	7163.0	7207.0	0.9999997908960337
31	EO26-3	13	133	1	26	266	153	0.9002499249500363	133	0.8651738148068459	704	532	4522	0.8539682896124716	0.9999553098877072	1	30.0	1971.0	450.0	4062.0	1020.0	0.9998879559081046	0.9489566024228506	10.0	2110.0	2170.0	0.9950687552499496	6047.0	6107.0	0.9999981169728323	9916.0	9976.0	0.9999999991727414
42	EO30-2	9	138	4	46	276	159	0.9005929736476104	138	0.8651553580939829	704	552	4692	0.8603997145470881	0.9999681804599122	1																	
29	EO8	9	152	1	80	304	175	0.900383466363014	152	0.8651101426846504	704	608	5168	0.8767799622983687	0.9999877071935781	1	25.0	4494.0	375.0	9088.0	850.0	0.9999999951227165	0.9270068448051038	13.0	4506.0	4556.0	0.9999582450662474	7347.0	7397.0	0.9999998569475979	8478.0	8528.0	0.9999999850685476
43	EO27-5	9	173	2	54	346	199	0.9001323020028422	173	0.865056047611779	704	692	5882	0.8975138806154249	0.999997048149665	1																	
10	EO27-3	7	260	6	125	520	300	0.9007302206889531	260	0.8649250603401181	704	1040	8840	0.9510410639176479	0.9999999919947862	0	16.0	1113.0	240.0	2290.0	544.0	0.9961236058212037	0.8578663916475469	20.0	1124.0	1156.0	0.9615083310301619	1124.0	1156.0	0.9615083310301619	1124.0	1156.0	0.9615083310301619
32	EO26-3	17	319	2	109	638	367	0.9000160464345857	319	0.8648768964456133	704	1276	10846	0.9699294858328571	0.9999999998545467	0	17.0	534.0	255.0	1136.0	578.0	0.9598842119691016	0.8682889455297649	19.0	4060.0	4094.0	0.9998948960031877	5031.0	5065.0	0.9999848982448385	6281.0	6315.0	0.9999987572886473
1	EO38	26	321	1	76	642	370	0.9004497979211459	321	0.8648755741107161	704	1284	10914	0.9704186436219091	0.9999999998730249	0	34.0	979.0	510.0	2094.0	1156.0	0.9942560203650912	0.9615083310301619	9.0	2494.0	2562.0	0.997752051444901	6007.0	6075.0	0.9999979926471367	8706.0	8774.0	0.9999999908663881
18	EO18-8	26	387	0	89	774	446	0.9003807444351104	387	0.8648396062016284	704	1548	13158	0.982727731841816	0.999999999998566	0	24.0	2053.0	360.0	4202.0	816.0	0.9999152972432261	0.9215283490280973	13.0	2530.0	2578.0	0.9978229130542907	2848.0	2896.0	0.9988477437587805	5593.0	5641.0	0.9999952223325947
16	EO18-7	31	459	0	86	918	529	0.90036753944265	459	0.8648121675846269	704	1836	15606	0.9903490684734292	0.9999999999999891	0	27.0	2294.0	405.0	4696.0	918.0	0.9999684337555133	0.9367864210613328	12.0	3538.0	3592.0	0.999713394467562	7731.0	7785.0	0.999999934110051	7731.0	7785.0	0.999999934110051
26	EO70	11	495	8	98	990	570	0.9001607846539103	495	0.8648014420835406	704	1980	16830	0.9927773663203736	0.999999999999999	0	25.0	1329.0	375.0	2758.0	850.0	0.9984814311258938	0.9270068448051038	13.0	3217.0	3267.0	0.999451225342948	3607.0	3657.0	0.9997483080276485	3607.0	3657.0	0.9997483080276485
2	EO76	26	552	1	200	1104	636	0.9002803063587291	552	0.8647873215770356	704	2208	18768	0.9954307469104204	1.0	0	62.0	11723.0	930.0	23694.0	2108.0	1.0	0.9944152443627701	4.0	13941.0	14065.0	0.9999999999997659	23309.0	23433.0	1.0	42927.0	43051.0	1.0
9	EO27	27	563	1	173	1126	648	0.9000391436785091	563	0.864784925746596	704	2252	19142	0.9958167062709249	1.0	0	15.0	1251.0	225.0	2562.0	510.0	0.997752051444901	0.8465014000247058	22.0	1251.0	1281.0	0.9702361725098626	1251.0	1281.0	0.9702361725098626	1251.0	1281.0	0.9702361725098626
8	EO29	6	584	8	167	1168	673	0.90031915287671	584	0.8647806025465778	704	2336	19856	0.9964650560961255	1.0	0	22.0	5419.0	330.0	10926.0	748.0	0.9999999998760332	0.9092138093236904	14.0	6117.0	6161.0	0.9999983095608178	7131.0	7175.0	0.999999777090096	7131.0	7175.0	0.999999777090096
37	EO27-1	25	586	1	88	1172	675	0.9002150247853207	586	0.8647802069757167	704	2344	19924	0.9965212813250455	1.0	0	26.0	2335.0	390.0	4774.0	884.0	0.9999729891091775	0.9320820325947169	12.0	2335.0	2387.0	0.9968084788584131	2335.0	2387.0	0.9968084788584131	2927.0	2979.0	0.9990239750825269
12	EO27RT	40	632	0	94	1264	728	0.9002121914135882	632	0.8647717999343356	704	2528	21488	0.9975937023701232	1.0	0	22.0	632.0	318.0	1352.0	724.0	0.9742612513433273	0.9043861091525185	14.0	928.0	972.0	0.9435674913726809	928.0	972.0	0.9435674913726809	1198.0	1242.0	0.9677561976452815
13	EO30-1	8	641	2	220	1282	738	0.9000965084628911	641	0.8647702962310297	704	2564	21794	0.9977610340127125	1.0	0	23.0	2249.0	345.0	4590.0	782.0	0.9999609874601394	0.9156106151581787	14.0	2249.0	2295.0	0.9961622685392783	2876.0	2922.0	0.9989061292240373	3318.0	3364.0	0.9995479482423605
17	EO18-7	45	651	0	150	1302	750	0.900244468191985	651	0.8647686742190452	704	2604	22134	0.9979333217630664	1.0	0	33.0	1678.0	495.0	3488.0	1122.0	0.9996471802803975	0.9587053311305579	9.0	2833.0	2899.0	0.9988546366740665	3357.0	3423.0	0.9995982337847391	5095.0	5161.0	0.9999875340563606
28	EO8	82	768	1	40	1536	884	0.9000247911098123	768	0.8647528352321567	704	3072	26112	0.9991895997194011	1.0	0	26.0	1130.0	390.0	2364.0	884.0	0.9966579515210356	0.9320820325947169	12.0	1389.0	1441.0	0.9785331908211359	1727.0	1779.0	0.9891738368407201	4668.0	4720.0	0.9999699117424353
38	EO61	18	890	6	147	1780	1025	0.9001431924035195	890	0.8647407549403825	704	3560	30260	0.9996944664731763	1.0	0	55.0	9820.0	825.0	19860.0	1870.0	1.0	0.9909879324660047	5.0	15084.0	15194.0	0.9999999999999756	23500.0	23610.0	1.0	34809.0	34919.0	1.0
20	EO25-A	27	1000	1	271	2000	1152	0.9001989118154916	1000	0.8647323900439456	704	4000	34000	0.999873178373192	1.0	0	29.0	2384.0	435.0	4884.0	986.0	0.9999783185902528	0.9451980849120387	11.0	3814.0	3872.0	0.9998362143879307	8082.0	8140.0	0.9999999675826123	27988.0	28046.0	1.0
11	EO27-1	35	1155	1	173	2310	1330	0.9000943400073504	1155	0.8647233076931335	704	4620	39270	0.9999632572449465	1.0	0	33.0	2465.0	487.0	5062.0	1106.0	0.9999848074517617	0.9573140554164228	9.0	2539.0	2605.0	0.9979374543617683	2539.0	2605.0	0.9979374543617683	2539.0	2605.0	0.9979374543617683
47	EO8	27	1494	0	807	2988	1720	0.9000343739709062	1494	0.8647100122225803	704	5976	50796	0.9999975535952055	1.0	0																	
6	EO32	46	1756	1	156	3512	2022	0.9000703867393772	1756	0.8647032536955361	704	7024	59704	0.9999996985916042	1.0	0	38.0	6028.0	570.0	12208.0	1292.0	0.9999999999904307	0.970899649170132	8.0	6612.0	6688.0	0.9999994101930463	8085.0	8161.0	0.9999999689146428	10048.0	10124.0	0.9999999993845134
